species,genus,phylum,gene_target,hit_count,best_accession,best_title,query
Atopostipes suicloacalis,Atopostipes,Firmicutes,amoA_AOB,0,,,"(""amoA""[Title] OR ""ammonia monooxygenase subunit A""[Title]) AND ""Atopostipes suicloacalis""[Organism]"
Brachybacterium faecium,Brachybacterium,Actinobacteria,amoA_AOB,0,,,"(""amoA""[Title] OR ""ammonia monooxygenase subunit A""[Title]) AND ""Brachybacterium faecium""[Organism]"
Yaniella halotolerans,Yaniella,Actinobacteria,amoA_AOB,0,,,"(""amoA""[Title] OR ""ammonia monooxygenase subunit A""[Title]) AND ""Yaniella halotolerans""[Organism]"
Nocardiopsis algeriensis,Nocardiopsis,Actinobacteria,amoA_AOB,0,,,"(""amoA""[Title] OR ""ammonia monooxygenase subunit A""[Title]) AND ""Nocardiopsis algeriensis""[Organism]"
Nosocomiicoccus ampullae,Nosocomiicoccus,Firmicutes,amoA_AOB,0,,,"(""amoA""[Title] OR ""ammonia monooxygenase subunit A""[Title]) AND ""Nosocomiicoccus ampullae""[Organism]"
Ligilactobacillus pobuzihii,Ligilactobacillus,Firmicutes,amoA_AOB,0,,,"(""amoA""[Title] OR ""ammonia monooxygenase subunit A""[Title]) AND ""Ligilactobacillus pobuzihii""[Organism]"
Staphylococcus ureilyticus,Staphylococcus,Firmicutes,amoA_AOB,0,,,"(""amoA""[Title] OR ""ammonia monooxygenase subunit A""[Title]) AND ""Staphylococcus ureilyticus""[Organism]"
Pseudogracilibacillus auburnensis,Pseudogracilibacillus,Firmicutes,amoA_AOB,0,,,"(""amoA""[Title] OR ""ammonia monooxygenase subunit A""[Title]) AND ""Pseudogracilibacillus auburnensis""[Organism]"
Ligilactobacillus salivarius,Ligilactobacillus,Firmicutes,amoA_AOB,0,,,"(""amoA""[Title] OR ""ammonia monooxygenase subunit A""[Title]) AND ""Ligilactobacillus salivarius""[Organism]"
Jeotgalicoccus meleagridis,Jeotgalicoccus,Firmicutes,amoA_AOB,0,,,"(""amoA""[Title] OR ""ammonia monooxygenase subunit A""[Title]) AND ""Jeotgalicoccus meleagridis""[Organism]"
Corynebacterium stationis,Corynebacterium,Actinobacteria,amoA_AOB,0,,,"(""amoA""[Title] OR ""ammonia monooxygenase subunit A""[Title]) AND ""Corynebacterium stationis""[Organism]"
Nocardiopsis lucentensis,Nocardiopsis,Actinobacteria,amoA_AOB,0,,,"(""amoA""[Title] OR ""ammonia monooxygenase subunit A""[Title]) AND ""Nocardiopsis lucentensis""[Organism]"
Jeotgalicoccus halotolerans,Jeotgalicoccus,Firmicutes,amoA_AOB,0,,,"(""amoA""[Title] OR ""ammonia monooxygenase subunit A""[Title]) AND ""Jeotgalicoccus halotolerans""[Organism]"
Brachybacterium saurashtrense,Brachybacterium,Actinobacteria,amoA_AOB,0,,,"(""amoA""[Title] OR ""ammonia monooxygenase subunit A""[Title]) AND ""Brachybacterium saurashtrense""[Organism]"
Ornithinibacillus gellani,Ornithinibacillus,Firmicutes,amoA_AOB,0,,,"(""amoA""[Title] OR ""ammonia monooxygenase subunit A""[Title]) AND ""Ornithinibacillus gellani""[Organism]"
Salinicoccus kunmingensis,Salinicoccus,Firmicutes,amoA_AOB,0,,,"(""amoA""[Title] OR ""ammonia monooxygenase subunit A""[Title]) AND ""Salinicoccus kunmingensis""[Organism]"
Mammaliicoccus lentus,Mammaliicoccus,Firmicutes,amoA_AOB,0,,,"(""amoA""[Title] OR ""ammonia monooxygenase subunit A""[Title]) AND ""Mammaliicoccus lentus""[Organism]"
Nocardiopsis nikkonensis,Nocardiopsis,Actinobacteria,amoA_AOB,0,,,"(""amoA""[Title] OR ""ammonia monooxygenase subunit A""[Title]) AND ""Nocardiopsis nikkonensis""[Organism]"
Lactobacillus crispatus,Lactobacillus,Firmicutes,amoA_AOB,0,,,"(""amoA""[Title] OR ""ammonia monooxygenase subunit A""[Title]) AND ""Lactobacillus crispatus""[Organism]"
Nocardiopsis halotolerans,Nocardiopsis,Actinobacteria,amoA_AOB,0,,,"(""amoA""[Title] OR ""ammonia monooxygenase subunit A""[Title]) AND ""Nocardiopsis halotolerans""[Organism]"
Pseudogracilibacillus marinus,Pseudogracilibacillus,Firmicutes,amoA_AOB,0,,,"(""amoA""[Title] OR ""ammonia monooxygenase subunit A""[Title]) AND ""Pseudogracilibacillus marinus""[Organism]"
Lactobacillus gallinarum,Lactobacillus,Firmicutes,amoA_AOB,0,,,"(""amoA""[Title] OR ""ammonia monooxygenase subunit A""[Title]) AND ""Lactobacillus gallinarum""[Organism]"
Romboutsia ilealis,Romboutsia,Firmicutes,amoA_AOB,0,,,"(""amoA""[Title] OR ""ammonia monooxygenase subunit A""[Title]) AND ""Romboutsia ilealis""[Organism]"
Lactobacillus johnsonii,Lactobacillus,Firmicutes,amoA_AOB,0,,,"(""amoA""[Title] OR ""ammonia monooxygenase subunit A""[Title]) AND ""Lactobacillus johnsonii""[Organism]"
Nocardiopsis salina,Nocardiopsis,Actinobacteria,amoA_AOB,0,,,"(""amoA""[Title] OR ""ammonia monooxygenase subunit A""[Title]) AND ""Nocardiopsis salina""[Organism]"
Salinicoccus carnicancri,Salinicoccus,Firmicutes,amoA_AOB,0,,,"(""amoA""[Title] OR ""ammonia monooxygenase subunit A""[Title]) AND ""Salinicoccus carnicancri""[Organism]"
Anaerococcus obesiensis,Anaerococcus,Firmicutes,amoA_AOB,0,,,"(""amoA""[Title] OR ""ammonia monooxygenase subunit A""[Title]) AND ""Anaerococcus obesiensis""[Organism]"
Weissella jogaejeotgali,Weissella,Firmicutes,amoA_AOB,0,,,"(""amoA""[Title] OR ""ammonia monooxygenase subunit A""[Title]) AND ""Weissella jogaejeotgali""[Organism]"
Brevibacterium avium,Brevibacterium,Actinobacteria,amoA_AOB,0,,,"(""amoA""[Title] OR ""ammonia monooxygenase subunit A""[Title]) AND ""Brevibacterium avium""[Organism]"
Anaerococcus porci,Anaerococcus,Firmicutes,amoA_AOB,0,,,"(""amoA""[Title] OR ""ammonia monooxygenase subunit A""[Title]) AND ""Anaerococcus porci""[Organism]"
Brachybacterium conglomeratum,Brachybacterium,Actinobacteria,amoA_AOB,0,,,"(""amoA""[Title] OR ""ammonia monooxygenase subunit A""[Title]) AND ""Brachybacterium conglomeratum""[Organism]"
Romboutsia timonensis,Romboutsia,Firmicutes,amoA_AOB,0,,,"(""amoA""[Title] OR ""ammonia monooxygenase subunit A""[Title]) AND ""Romboutsia timonensis""[Organism]"
Brachybacterium squillarum,Brachybacterium,Actinobacteria,amoA_AOB,0,,,"(""amoA""[Title] OR ""ammonia monooxygenase subunit A""[Title]) AND ""Brachybacterium squillarum""[Organism]"
Jeotgalicoccus aerolatus,Jeotgalicoccus,Firmicutes,amoA_AOB,0,,,"(""amoA""[Title] OR ""ammonia monooxygenase subunit A""[Title]) AND ""Jeotgalicoccus aerolatus""[Organism]"
Staphylococcus simulans,Staphylococcus,Firmicutes,amoA_AOB,0,,,"(""amoA""[Title] OR ""ammonia monooxygenase subunit A""[Title]) AND ""Staphylococcus simulans""[Organism]"
Ruoffia tabacinasalis,Ruoffia,Firmicutes,amoA_AOB,0,,,"(""amoA""[Title] OR ""ammonia monooxygenase subunit A""[Title]) AND ""Ruoffia tabacinasalis""[Organism]"
Enterococcus cecorum,Enterococcus,Firmicutes,amoA_AOB,0,,,"(""amoA""[Title] OR ""ammonia monooxygenase subunit A""[Title]) AND ""Enterococcus cecorum""[Organism]"
Enteractinococcus fodinae,Enteractinococcus,Actinobacteria,amoA_AOB,0,,,"(""amoA""[Title] OR ""ammonia monooxygenase subunit A""[Title]) AND ""Enteractinococcus fodinae""[Organism]"
Brachybacterium epidermidis,Brachybacterium,Actinobacteria,amoA_AOB,0,,,"(""amoA""[Title] OR ""ammonia monooxygenase subunit A""[Title]) AND ""Brachybacterium epidermidis""[Organism]"
Corynebacterium urealyticum,Corynebacterium,Actinobacteria,amoA_AOB,0,,,"(""amoA""[Title] OR ""ammonia monooxygenase subunit A""[Title]) AND ""Corynebacterium urealyticum""[Organism]"
Virgibacillus alimentarius,Virgibacillus,Firmicutes,amoA_AOB,0,,,"(""amoA""[Title] OR ""ammonia monooxygenase subunit A""[Title]) AND ""Virgibacillus alimentarius""[Organism]"
Yaniella soli,Yaniella,Actinobacteria,amoA_AOB,0,,,"(""amoA""[Title] OR ""ammonia monooxygenase subunit A""[Title]) AND ""Yaniella soli""[Organism]"
Ruania albidiflava,Ruania,Actinobacteria,amoA_AOB,0,,,"(""amoA""[Title] OR ""ammonia monooxygenase subunit A""[Title]) AND ""Ruania albidiflava""[Organism]"
Staphylococcus cohnii,Staphylococcus,Firmicutes,amoA_AOB,0,,,"(""amoA""[Title] OR ""ammonia monooxygenase subunit A""[Title]) AND ""Staphylococcus cohnii""[Organism]"
Pseudogracilibacillus endophyticus,Pseudogracilibacillus,Firmicutes,amoA_AOB,0,,,"(""amoA""[Title] OR ""ammonia monooxygenase subunit A""[Title]) AND ""Pseudogracilibacillus endophyticus""[Organism]"
Staphylococcus nepalensis,Staphylococcus,Firmicutes,amoA_AOB,0,,,"(""amoA""[Title] OR ""ammonia monooxygenase subunit A""[Title]) AND ""Staphylococcus nepalensis""[Organism]"
Yaniella flava,Yaniella,Actinobacteria,amoA_AOB,0,,,"(""amoA""[Title] OR ""ammonia monooxygenase subunit A""[Title]) AND ""Yaniella flava""[Organism]"
Brachybacterium timonense,Brachybacterium,Actinobacteria,amoA_AOB,0,,,"(""amoA""[Title] OR ""ammonia monooxygenase subunit A""[Title]) AND ""Brachybacterium timonense""[Organism]"
Corynebacterium ammoniagenes,Corynebacterium,Actinobacteria,amoA_AOB,0,,,"(""amoA""[Title] OR ""ammonia monooxygenase subunit A""[Title]) AND ""Corynebacterium ammoniagenes""[Organism]"
Lipingzhangella halophila,Lipingzhangella,Actinobacteria,amoA_AOB,0,,,"(""amoA""[Title] OR ""ammonia monooxygenase subunit A""[Title]) AND ""Lipingzhangella halophila""[Organism]"
Limosilactobacillus reuteri,Limosilactobacillus,Firmicutes,amoA_AOB,0,,,"(""amoA""[Title] OR ""ammonia monooxygenase subunit A""[Title]) AND ""Limosilactobacillus reuteri""[Organism]"
Brachybacterium rhamnosum,Brachybacterium,Actinobacteria,amoA_AOB,0,,,"(""amoA""[Title] OR ""ammonia monooxygenase subunit A""[Title]) AND ""Brachybacterium rhamnosum""[Organism]"
Nocardiopsis rhizosphaerae,Nocardiopsis,Actinobacteria,amoA_AOB,0,,,"(""amoA""[Title] OR ""ammonia monooxygenase subunit A""[Title]) AND ""Nocardiopsis rhizosphaerae""[Organism]"
Streptococcus alactolyticus,Streptococcus,Firmicutes,amoA_AOB,0,,,"(""amoA""[Title] OR ""ammonia monooxygenase subunit A""[Title]) AND ""Streptococcus alactolyticus""[Organism]"
Cerasibacillus terrae,Cerasibacillus,Firmicutes,amoA_AOB,0,,,"(""amoA""[Title] OR ""ammonia monooxygenase subunit A""[Title]) AND ""Cerasibacillus terrae""[Organism]"
Brachybacterium halotolerans,Brachybacterium,Actinobacteria,amoA_AOB,0,,,"(""amoA""[Title] OR ""ammonia monooxygenase subunit A""[Title]) AND ""Brachybacterium halotolerans""[Organism]"
Enteractinococcus lamae,Enteractinococcus,Actinobacteria,amoA_AOB,0,,,"(""amoA""[Title] OR ""ammonia monooxygenase subunit A""[Title]) AND ""Enteractinococcus lamae""[Organism]"
Brachybacterium muris,Brachybacterium,Actinobacteria,amoA_AOB,0,,,"(""amoA""[Title] OR ""ammonia monooxygenase subunit A""[Title]) AND ""Brachybacterium muris""[Organism]"
Nocardiopsis kunsanensis,Nocardiopsis,Actinobacteria,amoA_AOB,0,,,"(""amoA""[Title] OR ""ammonia monooxygenase subunit A""[Title]) AND ""Nocardiopsis kunsanensis""[Organism]"
Enteractinococcus viverrae,Enteractinococcus,Actinobacteria,amoA_AOB,0,,,"(""amoA""[Title] OR ""ammonia monooxygenase subunit A""[Title]) AND ""Enteractinococcus viverrae""[Organism]"
Brevibacterium oceani,Brevibacterium,Actinobacteria,amoA_AOB,0,,,"(""amoA""[Title] OR ""ammonia monooxygenase subunit A""[Title]) AND ""Brevibacterium oceani""[Organism]"
Tomitella biformata,Tomitella,Actinobacteria,amoA_AOB,0,,,"(""amoA""[Title] OR ""ammonia monooxygenase subunit A""[Title]) AND ""Tomitella biformata""[Organism]"
Brevibacterium anseongense,Brevibacterium,Actinobacteria,amoA_AOB,0,,,"(""amoA""[Title] OR ""ammonia monooxygenase subunit A""[Title]) AND ""Brevibacterium anseongense""[Organism]"
Jeotgalicoccus coquinae,Jeotgalicoccus,Firmicutes,amoA_AOB,0,,,"(""amoA""[Title] OR ""ammonia monooxygenase subunit A""[Title]) AND ""Jeotgalicoccus coquinae""[Organism]"
Anaerococcus lactolyticus,Anaerococcus,Firmicutes,amoA_AOB,0,,,"(""amoA""[Title] OR ""ammonia monooxygenase subunit A""[Title]) AND ""Anaerococcus lactolyticus""[Organism]"
Aerococcus viridans,Aerococcus,Firmicutes,amoA_AOB,0,,,"(""amoA""[Title] OR ""ammonia monooxygenase subunit A""[Title]) AND ""Aerococcus viridans""[Organism]"
Jeotgalicoccus nanhaiensis,Jeotgalicoccus,Firmicutes,amoA_AOB,0,,,"(""amoA""[Title] OR ""ammonia monooxygenase subunit A""[Title]) AND ""Jeotgalicoccus nanhaiensis""[Organism]"
Lactobacillus taiwanensis,Lactobacillus,Firmicutes,amoA_AOB,0,,,"(""amoA""[Title] OR ""ammonia monooxygenase subunit A""[Title]) AND ""Lactobacillus taiwanensis""[Organism]"
Salinicoccus sediminis,Salinicoccus,Firmicutes,amoA_AOB,0,,,"(""amoA""[Title] OR ""ammonia monooxygenase subunit A""[Title]) AND ""Salinicoccus sediminis""[Organism]"
Corynebacterium casei,Corynebacterium,Actinobacteria,amoA_AOB,0,,,"(""amoA""[Title] OR ""ammonia monooxygenase subunit A""[Title]) AND ""Corynebacterium casei""[Organism]"
Glycomyces sediminimaris,Glycomyces,Actinobacteria,amoA_AOB,0,,,"(""amoA""[Title] OR ""ammonia monooxygenase subunit A""[Title]) AND ""Glycomyces sediminimaris""[Organism]"
Virgibacillus ndiopensis,Virgibacillus,Firmicutes,amoA_AOB,0,,,"(""amoA""[Title] OR ""ammonia monooxygenase subunit A""[Title]) AND ""Virgibacillus ndiopensis""[Organism]"
Brachybacterium paraconglomeratum,Brachybacterium,Actinobacteria,amoA_AOB,0,,,"(""amoA""[Title] OR ""ammonia monooxygenase subunit A""[Title]) AND ""Brachybacterium paraconglomeratum""[Organism]"
Anaerococcus prevotii,Anaerococcus,Firmicutes,amoA_AOB,0,,,"(""amoA""[Title] OR ""ammonia monooxygenase subunit A""[Title]) AND ""Anaerococcus prevotii""[Organism]"
Limosilactobacillus portuensis,Limosilactobacillus,Firmicutes,amoA_AOB,0,,,"(""amoA""[Title] OR ""ammonia monooxygenase subunit A""[Title]) AND ""Limosilactobacillus portuensis""[Organism]"
Ruoffia halotolerans,Ruoffia,Firmicutes,amoA_AOB,0,,,"(""amoA""[Title] OR ""ammonia monooxygenase subunit A""[Title]) AND ""Ruoffia halotolerans""[Organism]"
Lactobacillus gasseri,Lactobacillus,Firmicutes,amoA_AOB,0,,,"(""amoA""[Title] OR ""ammonia monooxygenase subunit A""[Title]) AND ""Lactobacillus gasseri""[Organism]"
Aerococcus urinaeequi,Aerococcus,Firmicutes,amoA_AOB,0,,,"(""amoA""[Title] OR ""ammonia monooxygenase subunit A""[Title]) AND ""Aerococcus urinaeequi""[Organism]"
Brevibacterium metallicus,Brevibacterium,Actinobacteria,amoA_AOB,0,,,"(""amoA""[Title] OR ""ammonia monooxygenase subunit A""[Title]) AND ""Brevibacterium metallicus""[Organism]"
Enterococcus innesii,Enterococcus,Firmicutes,amoA_AOB,0,,,"(""amoA""[Title] OR ""ammonia monooxygenase subunit A""[Title]) AND ""Enterococcus innesii""[Organism]"
Ligilactobacillus aviarius,Ligilactobacillus,Firmicutes,amoA_AOB,0,,,"(""amoA""[Title] OR ""ammonia monooxygenase subunit A""[Title]) AND ""Ligilactobacillus aviarius""[Organism]"
Jeotgalicoccus schoeneichii,Jeotgalicoccus,Firmicutes,amoA_AOB,0,,,"(""amoA""[Title] OR ""ammonia monooxygenase subunit A""[Title]) AND ""Jeotgalicoccus schoeneichii""[Organism]"
Anaerococcus marasmi,Anaerococcus,Firmicutes,amoA_AOB,0,,,"(""amoA""[Title] OR ""ammonia monooxygenase subunit A""[Title]) AND ""Anaerococcus marasmi""[Organism]"
Companilactobacillus farciminis,Companilactobacillus,Firmicutes,amoA_AOB,0,,,"(""amoA""[Title] OR ""ammonia monooxygenase subunit A""[Title]) AND ""Companilactobacillus farciminis""[Organism]"
Limosilactobacillus balticus,Limosilactobacillus,Firmicutes,amoA_AOB,0,,,"(""amoA""[Title] OR ""ammonia monooxygenase subunit A""[Title]) AND ""Limosilactobacillus balticus""[Organism]"
Ornithinibacillus caprae,Ornithinibacillus,Firmicutes,amoA_AOB,0,,,"(""amoA""[Title] OR ""ammonia monooxygenase subunit A""[Title]) AND ""Ornithinibacillus caprae""[Organism]"
Anaerococcus mediterraneensis,Anaerococcus,Firmicutes,amoA_AOB,0,,,"(""amoA""[Title] OR ""ammonia monooxygenase subunit A""[Title]) AND ""Anaerococcus mediterraneensis""[Organism]"
Ligilactobacillus agilis,Ligilactobacillus,Firmicutes,amoA_AOB,0,,,"(""amoA""[Title] OR ""ammonia monooxygenase subunit A""[Title]) AND ""Ligilactobacillus agilis""[Organism]"
Salinicoccus qingdaonensis,Salinicoccus,Firmicutes,amoA_AOB,0,,,"(""amoA""[Title] OR ""ammonia monooxygenase subunit A""[Title]) AND ""Salinicoccus qingdaonensis""[Organism]"
Lentibacillus massiliensis,Lentibacillus,Firmicutes,amoA_AOB,0,,,"(""amoA""[Title] OR ""ammonia monooxygenase subunit A""[Title]) AND ""Lentibacillus massiliensis""[Organism]"
Ammoniphilus oxalivorans,Ammoniphilus,Firmicutes,amoA_AOB,0,,,"(""amoA""[Title] OR ""ammonia monooxygenase subunit A""[Title]) AND ""Ammoniphilus oxalivorans""[Organism]"
Mammaliicoccus sciuri,Mammaliicoccus,Firmicutes,amoA_AOB,0,,,"(""amoA""[Title] OR ""ammonia monooxygenase subunit A""[Title]) AND ""Mammaliicoccus sciuri""[Organism]"
Limosilactobacillus urinaemulieris,Limosilactobacillus,Firmicutes,amoA_AOB,0,,,"(""amoA""[Title] OR ""ammonia monooxygenase subunit A""[Title]) AND ""Limosilactobacillus urinaemulieris""[Organism]"
Nocardiopsis flavescens,Nocardiopsis,Actinobacteria,amoA_AOB,0,,,"(""amoA""[Title] OR ""ammonia monooxygenase subunit A""[Title]) AND ""Nocardiopsis flavescens""[Organism]"
Brachybacterium kimchii,Brachybacterium,Actinobacteria,amoA_AOB,0,,,"(""amoA""[Title] OR ""ammonia monooxygenase subunit A""[Title]) AND ""Brachybacterium kimchii""[Organism]"
Salinicoccus salitudinis,Salinicoccus,Firmicutes,amoA_AOB,0,,,"(""amoA""[Title] OR ""ammonia monooxygenase subunit A""[Title]) AND ""Salinicoccus salitudinis""[Organism]"
Virgibacillus oceani,Virgibacillus,Firmicutes,amoA_AOB,0,,,"(""amoA""[Title] OR ""ammonia monooxygenase subunit A""[Title]) AND ""Virgibacillus oceani""[Organism]"
Brachybacterium zhongshanense,Brachybacterium,Actinobacteria,amoA_AOB,0,,,"(""amoA""[Title] OR ""ammonia monooxygenase subunit A""[Title]) AND ""Brachybacterium zhongshanense""[Organism]"
Staphylococcus saprophyticus,Staphylococcus,Firmicutes,amoA_AOB,0,,,"(""amoA""[Title] OR ""ammonia monooxygenase subunit A""[Title]) AND ""Staphylococcus saprophyticus""[Organism]"
Limosilactobacillus oris,Limosilactobacillus,Firmicutes,amoA_AOB,0,,,"(""amoA""[Title] OR ""ammonia monooxygenase subunit A""[Title]) AND ""Limosilactobacillus oris""[Organism]"
Mammaliicoccus stepanovicii,Mammaliicoccus,Firmicutes,amoA_AOB,0,,,"(""amoA""[Title] OR ""ammonia monooxygenase subunit A""[Title]) AND ""Mammaliicoccus stepanovicii""[Organism]"
Limosilactobacillus agrestis,Limosilactobacillus,Firmicutes,amoA_AOB,0,,,"(""amoA""[Title] OR ""ammonia monooxygenase subunit A""[Title]) AND ""Limosilactobacillus agrestis""[Organism]"
Anaerococcus faecalis,Anaerococcus,Firmicutes,amoA_AOB,0,,,"(""amoA""[Title] OR ""ammonia monooxygenase subunit A""[Title]) AND ""Anaerococcus faecalis""[Organism]"
Ligilactobacillus acidipiscis,Ligilactobacillus,Firmicutes,amoA_AOB,0,,,"(""amoA""[Title] OR ""ammonia monooxygenase subunit A""[Title]) AND ""Ligilactobacillus acidipiscis""[Organism]"
Aeromicrobium yanjiei,Aeromicrobium,Actinobacteria,amoA_AOB,0,,,"(""amoA""[Title] OR ""ammonia monooxygenase subunit A""[Title]) AND ""Aeromicrobium yanjiei""[Organism]"
Corynebacterium xerosis,Corynebacterium,Actinobacteria,amoA_AOB,0,,,"(""amoA""[Title] OR ""ammonia monooxygenase subunit A""[Title]) AND ""Corynebacterium xerosis""[Organism]"
Pusillimonas caeni,Pusillimonas,Proteobacteria,amoA_AOB,0,,,"(""amoA""[Title] OR ""ammonia monooxygenase subunit A""[Title]) AND ""Pusillimonas caeni""[Organism]"
Nocardiopsis alba,Nocardiopsis,Actinobacteria,amoA_AOB,0,,,"(""amoA""[Title] OR ""ammonia monooxygenase subunit A""[Title]) AND ""Nocardiopsis alba""[Organism]"
Pisciglobus halotolerans,Pisciglobus,Firmicutes,amoA_AOB,0,,,"(""amoA""[Title] OR ""ammonia monooxygenase subunit A""[Title]) AND ""Pisciglobus halotolerans""[Organism]"
Lactobacillus helveticus,Lactobacillus,Firmicutes,amoA_AOB,0,,,"(""amoA""[Title] OR ""ammonia monooxygenase subunit A""[Title]) AND ""Lactobacillus helveticus""[Organism]"
Corynebacterium amycolatum,Corynebacterium,Actinobacteria,amoA_AOB,0,,,"(""amoA""[Title] OR ""ammonia monooxygenase subunit A""[Title]) AND ""Corynebacterium amycolatum""[Organism]"
Brachybacterium avium,Brachybacterium,Actinobacteria,amoA_AOB,0,,,"(""amoA""[Title] OR ""ammonia monooxygenase subunit A""[Title]) AND ""Brachybacterium avium""[Organism]"
Actinotalea ferrariae,Actinotalea,Actinobacteria,amoA_AOB,0,,,"(""amoA""[Title] OR ""ammonia monooxygenase subunit A""[Title]) AND ""Actinotalea ferrariae""[Organism]"
Georgenia muralis,Georgenia,Actinobacteria,amoA_AOB,0,,,"(""amoA""[Title] OR ""ammonia monooxygenase subunit A""[Title]) AND ""Georgenia muralis""[Organism]"
Enterococcus saccharolyticus,Enterococcus,Firmicutes,amoA_AOB,0,,,"(""amoA""[Title] OR ""ammonia monooxygenase subunit A""[Title]) AND ""Enterococcus saccharolyticus""[Organism]"
Dietzia maris,Dietzia,Actinobacteria,amoA_AOB,0,,,"(""amoA""[Title] OR ""ammonia monooxygenase subunit A""[Title]) AND ""Dietzia maris""[Organism]"
Corynebacterium frankenforstense,Corynebacterium,Actinobacteria,amoA_AOB,0,,,"(""amoA""[Title] OR ""ammonia monooxygenase subunit A""[Title]) AND ""Corynebacterium frankenforstense""[Organism]"
Sporosarcina pasteurii,Sporosarcina,Firmicutes,amoA_AOB,0,,,"(""amoA""[Title] OR ""ammonia monooxygenase subunit A""[Title]) AND ""Sporosarcina pasteurii""[Organism]"
Nosocomiicoccus massiliensis,Nosocomiicoccus,Firmicutes,amoA_AOB,0,,,"(""amoA""[Title] OR ""ammonia monooxygenase subunit A""[Title]) AND ""Nosocomiicoccus massiliensis""[Organism]"
Staphylococcus caeli,Staphylococcus,Firmicutes,amoA_AOB,0,,,"(""amoA""[Title] OR ""ammonia monooxygenase subunit A""[Title]) AND ""Staphylococcus caeli""[Organism]"
Amphibacillus iburiensis,Amphibacillus,Firmicutes,amoA_AOB,0,,,"(""amoA""[Title] OR ""ammonia monooxygenase subunit A""[Title]) AND ""Amphibacillus iburiensis""[Organism]"
Lactobacillus paragasseri,Lactobacillus,Firmicutes,amoA_AOB,0,,,"(""amoA""[Title] OR ""ammonia monooxygenase subunit A""[Title]) AND ""Lactobacillus paragasseri""[Organism]"
Limosilactobacillus ingluviei,Limosilactobacillus,Firmicutes,amoA_AOB,0,,,"(""amoA""[Title] OR ""ammonia monooxygenase subunit A""[Title]) AND ""Limosilactobacillus ingluviei""[Organism]"
Brevibacterium renqingii,Brevibacterium,Actinobacteria,amoA_AOB,0,,,"(""amoA""[Title] OR ""ammonia monooxygenase subunit A""[Title]) AND ""Brevibacterium renqingii""[Organism]"
Brachybacterium massiliense,Brachybacterium,Actinobacteria,amoA_AOB,0,,,"(""amoA""[Title] OR ""ammonia monooxygenase subunit A""[Title]) AND ""Brachybacterium massiliense""[Organism]"
Enterococcus canintestini,Enterococcus,Firmicutes,amoA_AOB,0,,,"(""amoA""[Title] OR ""ammonia monooxygenase subunit A""[Title]) AND ""Enterococcus canintestini""[Organism]"
Nocardiopsis fildesensis,Nocardiopsis,Actinobacteria,amoA_AOB,0,,,"(""amoA""[Title] OR ""ammonia monooxygenase subunit A""[Title]) AND ""Nocardiopsis fildesensis""[Organism]"
Levilactobacillus hammesii,Levilactobacillus,Firmicutes,amoA_AOB,0,,,"(""amoA""[Title] OR ""ammonia monooxygenase subunit A""[Title]) AND ""Levilactobacillus hammesii""[Organism]"
Limosilactobacillus pontis,Limosilactobacillus,Firmicutes,amoA_AOB,0,,,"(""amoA""[Title] OR ""ammonia monooxygenase subunit A""[Title]) AND ""Limosilactobacillus pontis""[Organism]"
Oceanobacillus salinisoli,Oceanobacillus,Firmicutes,amoA_AOB,0,,,"(""amoA""[Title] OR ""ammonia monooxygenase subunit A""[Title]) AND ""Oceanobacillus salinisoli""[Organism]"
Anaerococcus degeneri,Anaerococcus,Firmicutes,amoA_AOB,0,,,"(""amoA""[Title] OR ""ammonia monooxygenase subunit A""[Title]) AND ""Anaerococcus degeneri""[Organism]"
Luteimonas dalianensis,Luteimonas,Proteobacteria,amoA_AOB,0,,,"(""amoA""[Title] OR ""ammonia monooxygenase subunit A""[Title]) AND ""Luteimonas dalianensis""[Organism]"
Salinicoccus halodurans,Salinicoccus,Firmicutes,amoA_AOB,0,,,"(""amoA""[Title] OR ""ammonia monooxygenase subunit A""[Title]) AND ""Salinicoccus halodurans""[Organism]"
Brachybacterium vulturis,Brachybacterium,Actinobacteria,amoA_AOB,0,,,"(""amoA""[Title] OR ""ammonia monooxygenase subunit A""[Title]) AND ""Brachybacterium vulturis""[Organism]"
Peptoniphilus nemausensis,Peptoniphilus,Firmicutes,amoA_AOB,0,,,"(""amoA""[Title] OR ""ammonia monooxygenase subunit A""[Title]) AND ""Peptoniphilus nemausensis""[Organism]"
Peptoniphilus harei,Peptoniphilus,Firmicutes,amoA_AOB,0,,,"(""amoA""[Title] OR ""ammonia monooxygenase subunit A""[Title]) AND ""Peptoniphilus harei""[Organism]"
Brachybacterium nesterenkovii,Brachybacterium,Actinobacteria,amoA_AOB,0,,,"(""amoA""[Title] OR ""ammonia monooxygenase subunit A""[Title]) AND ""Brachybacterium nesterenkovii""[Organism]"
Levilactobacillus namurensis,Levilactobacillus,Firmicutes,amoA_AOB,0,,,"(""amoA""[Title] OR ""ammonia monooxygenase subunit A""[Title]) AND ""Levilactobacillus namurensis""[Organism]"
Virgibacillus pantothenticus,Virgibacillus,Firmicutes,amoA_AOB,0,,,"(""amoA""[Title] OR ""ammonia monooxygenase subunit A""[Title]) AND ""Virgibacillus pantothenticus""[Organism]"
Brachybacterium huguangmaarense,Brachybacterium,Actinobacteria,amoA_AOB,0,,,"(""amoA""[Title] OR ""ammonia monooxygenase subunit A""[Title]) AND ""Brachybacterium huguangmaarense""[Organism]"
Urinicoccus timonensis,Urinicoccus,Firmicutes,amoA_AOB,0,,,"(""amoA""[Title] OR ""ammonia monooxygenase subunit A""[Title]) AND ""Urinicoccus timonensis""[Organism]"
Brevibacterium senegalense,Brevibacterium,Actinobacteria,amoA_AOB,0,,,"(""amoA""[Title] OR ""ammonia monooxygenase subunit A""[Title]) AND ""Brevibacterium senegalense""[Organism]"
Enteractinococcus coprophilus,Enteractinococcus,Actinobacteria,amoA_AOB,0,,,"(""amoA""[Title] OR ""ammonia monooxygenase subunit A""[Title]) AND ""Enteractinococcus coprophilus""[Organism]"
Halomonas pellis,Halomonas,Proteobacteria,amoA_AOB,0,,,"(""amoA""[Title] OR ""ammonia monooxygenase subunit A""[Title]) AND ""Halomonas pellis""[Organism]"
Virgibacillus marseillensis,Virgibacillus,Firmicutes,amoA_AOB,0,,,"(""amoA""[Title] OR ""ammonia monooxygenase subunit A""[Title]) AND ""Virgibacillus marseillensis""[Organism]"
Dietzia aerolata,Dietzia,Actinobacteria,amoA_AOB,0,,,"(""amoA""[Title] OR ""ammonia monooxygenase subunit A""[Title]) AND ""Dietzia aerolata""[Organism]"
Brevibacterium atlanticum,Brevibacterium,Actinobacteria,amoA_AOB,0,,,"(""amoA""[Title] OR ""ammonia monooxygenase subunit A""[Title]) AND ""Brevibacterium atlanticum""[Organism]"
Mediterraneibacter catenae,Mediterraneibacter,Firmicutes,amoA_AOB,0,,,"(""amoA""[Title] OR ""ammonia monooxygenase subunit A""[Title]) AND ""Mediterraneibacter catenae""[Organism]"
Dietzia lutea,Dietzia,Actinobacteria,amoA_AOB,0,,,"(""amoA""[Title] OR ""ammonia monooxygenase subunit A""[Title]) AND ""Dietzia lutea""[Organism]"
Staphylococcus arlettae,Staphylococcus,Firmicutes,amoA_AOB,0,,,"(""amoA""[Title] OR ""ammonia monooxygenase subunit A""[Title]) AND ""Staphylococcus arlettae""[Organism]"
Staphylococcus borealis,Staphylococcus,Firmicutes,amoA_AOB,0,,,"(""amoA""[Title] OR ""ammonia monooxygenase subunit A""[Title]) AND ""Staphylococcus borealis""[Organism]"
Nocardiopsis coralli,Nocardiopsis,Actinobacteria,amoA_AOB,0,,,"(""amoA""[Title] OR ""ammonia monooxygenase subunit A""[Title]) AND ""Nocardiopsis coralli""[Organism]"
Brevibacterium profundi,Brevibacterium,Actinobacteria,amoA_AOB,0,,,"(""amoA""[Title] OR ""ammonia monooxygenase subunit A""[Title]) AND ""Brevibacterium profundi""[Organism]"
Dietzia psychralcaliphila,Dietzia,Actinobacteria,amoA_AOB,0,,,"(""amoA""[Title] OR ""ammonia monooxygenase subunit A""[Title]) AND ""Dietzia psychralcaliphila""[Organism]"
Limosilactobacillus vaginalis,Limosilactobacillus,Firmicutes,amoA_AOB,0,,,"(""amoA""[Title] OR ""ammonia monooxygenase subunit A""[Title]) AND ""Limosilactobacillus vaginalis""[Organism]"
Brevibacterium yomogidense,Brevibacterium,Actinobacteria,amoA_AOB,0,,,"(""amoA""[Title] OR ""ammonia monooxygenase subunit A""[Title]) AND ""Brevibacterium yomogidense""[Organism]"
Gallicola barnesae,Gallicola,Firmicutes,amoA_AOB,0,,,"(""amoA""[Title] OR ""ammonia monooxygenase subunit A""[Title]) AND ""Gallicola barnesae""[Organism]"
Georgenia satyanarayanai,Georgenia,Actinobacteria,amoA_AOB,0,,,"(""amoA""[Title] OR ""ammonia monooxygenase subunit A""[Title]) AND ""Georgenia satyanarayanai""[Organism]"
Actinomadura livida,Actinomadura,Actinobacteria,amoA_AOB,0,,,"(""amoA""[Title] OR ""ammonia monooxygenase subunit A""[Title]) AND ""Actinomadura livida""[Organism]"
Aerococcus suis,Aerococcus,Firmicutes,amoA_AOB,0,,,"(""amoA""[Title] OR ""ammonia monooxygenase subunit A""[Title]) AND ""Aerococcus suis""[Organism]"
Oceanobacillus indicireducens,Oceanobacillus,Firmicutes,amoA_AOB,0,,,"(""amoA""[Title] OR ""ammonia monooxygenase subunit A""[Title]) AND ""Oceanobacillus indicireducens""[Organism]"
Companilactobacillus suantsaicola,Companilactobacillus,Firmicutes,amoA_AOB,0,,,"(""amoA""[Title] OR ""ammonia monooxygenase subunit A""[Title]) AND ""Companilactobacillus suantsaicola""[Organism]"
Limosilactobacillus coleohominis,Limosilactobacillus,Firmicutes,amoA_AOB,0,,,"(""amoA""[Title] OR ""ammonia monooxygenase subunit A""[Title]) AND ""Limosilactobacillus coleohominis""[Organism]"
Aquihabitans daechungensis,Aquihabitans,Actinobacteria,amoA_AOB,0,,,"(""amoA""[Title] OR ""ammonia monooxygenase subunit A""[Title]) AND ""Aquihabitans daechungensis""[Organism]"
Limosilactobacillus panis,Limosilactobacillus,Firmicutes,amoA_AOB,0,,,"(""amoA""[Title] OR ""ammonia monooxygenase subunit A""[Title]) AND ""Limosilactobacillus panis""[Organism]"
Dietzia kunjamensis,Dietzia,Actinobacteria,amoA_AOB,0,,,"(""amoA""[Title] OR ""ammonia monooxygenase subunit A""[Title]) AND ""Dietzia kunjamensis""[Organism]"
Alloiococcus otitis,Alloiococcus,Firmicutes,amoA_AOB,0,,,"(""amoA""[Title] OR ""ammonia monooxygenase subunit A""[Title]) AND ""Alloiococcus otitis""[Organism]"
Oceanobacillus limi,Oceanobacillus,Firmicutes,amoA_AOB,0,,,"(""amoA""[Title] OR ""ammonia monooxygenase subunit A""[Title]) AND ""Oceanobacillus limi""[Organism]"
Enterococcus columbae,Enterococcus,Firmicutes,amoA_AOB,0,,,"(""amoA""[Title] OR ""ammonia monooxygenase subunit A""[Title]) AND ""Enterococcus columbae""[Organism]"
Tetragenococcus koreensis,Tetragenococcus,Firmicutes,amoA_AOB,0,,,"(""amoA""[Title] OR ""ammonia monooxygenase subunit A""[Title]) AND ""Tetragenococcus koreensis""[Organism]"
Jeotgalicoccus marinus,Jeotgalicoccus,Firmicutes,amoA_AOB,0,,,"(""amoA""[Title] OR ""ammonia monooxygenase subunit A""[Title]) AND ""Jeotgalicoccus marinus""[Organism]"
Nocardiopsis xinjiangensis,Nocardiopsis,Actinobacteria,amoA_AOB,0,,,"(""amoA""[Title] OR ""ammonia monooxygenase subunit A""[Title]) AND ""Nocardiopsis xinjiangensis""[Organism]"
Amphibacillus indicireducens,Amphibacillus,Firmicutes,amoA_AOB,0,,,"(""amoA""[Title] OR ""ammonia monooxygenase subunit A""[Title]) AND ""Amphibacillus indicireducens""[Organism]"
Virgibacillus salarius,Virgibacillus,Firmicutes,amoA_AOB,0,,,"(""amoA""[Title] OR ""ammonia monooxygenase subunit A""[Title]) AND ""Virgibacillus salarius""[Organism]"
Virgibacillus marismortui,Virgibacillus,Firmicutes,amoA_AOB,0,,,"(""amoA""[Title] OR ""ammonia monooxygenase subunit A""[Title]) AND ""Virgibacillus marismortui""[Organism]"
Occultella kanbiaonis,Occultella,Actinobacteria,amoA_AOB,0,,,"(""amoA""[Title] OR ""ammonia monooxygenase subunit A""[Title]) AND ""Occultella kanbiaonis""[Organism]"
Georgenia subflava,Georgenia,Actinobacteria,amoA_AOB,0,,,"(""amoA""[Title] OR ""ammonia monooxygenase subunit A""[Title]) AND ""Georgenia subflava""[Organism]"
Aeromicrobium alkaliterrae,Aeromicrobium,Actinobacteria,amoA_AOB,0,,,"(""amoA""[Title] OR ""ammonia monooxygenase subunit A""[Title]) AND ""Aeromicrobium alkaliterrae""[Organism]"
Lederbergia graminis,Lederbergia,Firmicutes,amoA_AOB,0,,,"(""amoA""[Title] OR ""ammonia monooxygenase subunit A""[Title]) AND ""Lederbergia graminis""[Organism]"
Ligilactobacillus saerimneri,Ligilactobacillus,Firmicutes,amoA_AOB,0,,,"(""amoA""[Title] OR ""ammonia monooxygenase subunit A""[Title]) AND ""Ligilactobacillus saerimneri""[Organism]"
Lactobacillus amylovorus,Lactobacillus,Firmicutes,amoA_AOB,0,,,"(""amoA""[Title] OR ""ammonia monooxygenase subunit A""[Title]) AND ""Lactobacillus amylovorus""[Organism]"
Peptoniphilus stercorisuis,Peptoniphilus,Firmicutes,amoA_AOB,0,,,"(""amoA""[Title] OR ""ammonia monooxygenase subunit A""[Title]) AND ""Peptoniphilus stercorisuis""[Organism]"
Jeotgalicoccus huakuii,Jeotgalicoccus,Firmicutes,amoA_AOB,0,,,"(""amoA""[Title] OR ""ammonia monooxygenase subunit A""[Title]) AND ""Jeotgalicoccus huakuii""[Organism]"
Mammaliicoccus vitulinus,Mammaliicoccus,Firmicutes,amoA_AOB,0,,,"(""amoA""[Title] OR ""ammonia monooxygenase subunit A""[Title]) AND ""Mammaliicoccus vitulinus""[Organism]"
Oceanobacillus chironomi,Oceanobacillus,Firmicutes,amoA_AOB,0,,,"(""amoA""[Title] OR ""ammonia monooxygenase subunit A""[Title]) AND ""Oceanobacillus chironomi""[Organism]"
Peptostreptococcus russellii,Peptostreptococcus,Firmicutes,amoA_AOB,0,,,"(""amoA""[Title] OR ""ammonia monooxygenase subunit A""[Title]) AND ""Peptostreptococcus russellii""[Organism]"
Dietzia papillomatosis,Dietzia,Actinobacteria,amoA_AOB,0,,,"(""amoA""[Title] OR ""ammonia monooxygenase subunit A""[Title]) AND ""Dietzia papillomatosis""[Organism]"
Brachybacterium sacelli,Brachybacterium,Actinobacteria,amoA_AOB,0,,,"(""amoA""[Title] OR ""ammonia monooxygenase subunit A""[Title]) AND ""Brachybacterium sacelli""[Organism]"
Aeromicrobium ginsengisoli,Aeromicrobium,Actinobacteria,amoA_AOB,0,,,"(""amoA""[Title] OR ""ammonia monooxygenase subunit A""[Title]) AND ""Aeromicrobium ginsengisoli""[Organism]"
Gemmiger formicilis,Gemmiger,Firmicutes,amoA_AOB,0,,,"(""amoA""[Title] OR ""ammonia monooxygenase subunit A""[Title]) AND ""Gemmiger formicilis""[Organism]"
Companilactobacillus pabuli,Companilactobacillus,Firmicutes,amoA_AOB,0,,,"(""amoA""[Title] OR ""ammonia monooxygenase subunit A""[Title]) AND ""Companilactobacillus pabuli""[Organism]"
Oceanobacillus massiliensis,Oceanobacillus,Firmicutes,amoA_AOB,0,,,"(""amoA""[Title] OR ""ammonia monooxygenase subunit A""[Title]) AND ""Oceanobacillus massiliensis""[Organism]"
Corynebacterium freneyi,Corynebacterium,Actinobacteria,amoA_AOB,0,,,"(""amoA""[Title] OR ""ammonia monooxygenase subunit A""[Title]) AND ""Corynebacterium freneyi""[Organism]"
Ornithinimicrobium murale,Ornithinimicrobium,Actinobacteria,amoA_AOB,0,,,"(""amoA""[Title] OR ""ammonia monooxygenase subunit A""[Title]) AND ""Ornithinimicrobium murale""[Organism]"
Anaerosalibacter bizertensis,Anaerosalibacter,Firmicutes,amoA_AOB,0,,,"(""amoA""[Title] OR ""ammonia monooxygenase subunit A""[Title]) AND ""Anaerosalibacter bizertensis""[Organism]"
Ornithinibacillus halophilus,Ornithinibacillus,Firmicutes,amoA_AOB,0,,,"(""amoA""[Title] OR ""ammonia monooxygenase subunit A""[Title]) AND ""Ornithinibacillus halophilus""[Organism]"
Tomitella gaofuii,Tomitella,Actinobacteria,amoA_AOB,0,,,"(""amoA""[Title] OR ""ammonia monooxygenase subunit A""[Title]) AND ""Tomitella gaofuii""[Organism]"
Ornithinibacillus salinisoli,Ornithinibacillus,Firmicutes,amoA_AOB,0,,,"(""amoA""[Title] OR ""ammonia monooxygenase subunit A""[Title]) AND ""Ornithinibacillus salinisoli""[Organism]"
Staphylococcus edaphicus,Staphylococcus,Firmicutes,amoA_AOB,0,,,"(""amoA""[Title] OR ""ammonia monooxygenase subunit A""[Title]) AND ""Staphylococcus edaphicus""[Organism]"
Lactobacillus acidophilus,Lactobacillus,Firmicutes,amoA_AOB,0,,,"(""amoA""[Title] OR ""ammonia monooxygenase subunit A""[Title]) AND ""Lactobacillus acidophilus""[Organism]"
Enterococcus faecium,Enterococcus,Firmicutes,amoA_AOB,0,,,"(""amoA""[Title] OR ""ammonia monooxygenase subunit A""[Title]) AND ""Enterococcus faecium""[Organism]"
Aliicoccus persicus,Aliicoccus,Firmicutes,amoA_AOB,0,,,"(""amoA""[Title] OR ""ammonia monooxygenase subunit A""[Title]) AND ""Aliicoccus persicus""[Organism]"
Virgibacillus kimchii,Virgibacillus,Firmicutes,amoA_AOB,0,,,"(""amoA""[Title] OR ""ammonia monooxygenase subunit A""[Title]) AND ""Virgibacillus kimchii""[Organism]"
Staphylococcus petrasii,Staphylococcus,Firmicutes,amoA_AOB,0,,,"(""amoA""[Title] OR ""ammonia monooxygenase subunit A""[Title]) AND ""Staphylococcus petrasii""[Organism]"
Anaerococcus hydrogenalis,Anaerococcus,Firmicutes,amoA_AOB,0,,,"(""amoA""[Title] OR ""ammonia monooxygenase subunit A""[Title]) AND ""Anaerococcus hydrogenalis""[Organism]"
Ruania zhangjianzhongii,Ruania,Actinobacteria,amoA_AOB,0,,,"(""amoA""[Title] OR ""ammonia monooxygenase subunit A""[Title]) AND ""Ruania zhangjianzhongii""[Organism]"
Corynebacterium hansenii,Corynebacterium,Actinobacteria,amoA_AOB,0,,,"(""amoA""[Title] OR ""ammonia monooxygenase subunit A""[Title]) AND ""Corynebacterium hansenii""[Organism]"
Butyricicoccus pullicaecorum,Butyricicoccus,Firmicutes,amoA_AOB,0,,,"(""amoA""[Title] OR ""ammonia monooxygenase subunit A""[Title]) AND ""Butyricicoccus pullicaecorum""[Organism]"
Enterococcus hirae,Enterococcus,Firmicutes,amoA_AOB,0,,,"(""amoA""[Title] OR ""ammonia monooxygenase subunit A""[Title]) AND ""Enterococcus hirae""[Organism]"
[Ruminococcus] torques,Mediterraneibacter,Firmicutes,amoA_AOB,0,,,"(""amoA""[Title] OR ""ammonia monooxygenase subunit A""[Title]) AND ""[Ruminococcus] torques""[Organism]"
Peptoniphilus coxii,Peptoniphilus,Firmicutes,amoA_AOB,0,,,"(""amoA""[Title] OR ""ammonia monooxygenase subunit A""[Title]) AND ""Peptoniphilus coxii""[Organism]"
Ligilactobacillus araffinosus,Ligilactobacillus,Firmicutes,amoA_AOB,0,,,"(""amoA""[Title] OR ""ammonia monooxygenase subunit A""[Title]) AND ""Ligilactobacillus araffinosus""[Organism]"
Lederbergia lenta,Lederbergia,Firmicutes,amoA_AOB,0,,,"(""amoA""[Title] OR ""ammonia monooxygenase subunit A""[Title]) AND ""Lederbergia lenta""[Organism]"
Virgibacillus necropolis,Virgibacillus,Firmicutes,amoA_AOB,0,,,"(""amoA""[Title] OR ""ammonia monooxygenase subunit A""[Title]) AND ""Virgibacillus necropolis""[Organism]"
Faecalibacterium hattorii,Faecalibacterium,Firmicutes,amoA_AOB,0,,,"(""amoA""[Title] OR ""ammonia monooxygenase subunit A""[Title]) AND ""Faecalibacterium hattorii""[Organism]"
Natronosporangium hydrolyticum,Natronosporangium,Actinobacteria,amoA_AOB,0,,,"(""amoA""[Title] OR ""ammonia monooxygenase subunit A""[Title]) AND ""Natronosporangium hydrolyticum""[Organism]"
Negativibacillus massiliensis,Negativibacillus,Firmicutes,amoA_AOB,0,,,"(""amoA""[Title] OR ""ammonia monooxygenase subunit A""[Title]) AND ""Negativibacillus massiliensis""[Organism]"
Brachybacterium hainanense,Brachybacterium,Actinobacteria,amoA_AOB,0,,,"(""amoA""[Title] OR ""ammonia monooxygenase subunit A""[Title]) AND ""Brachybacterium hainanense""[Organism]"
Oceanobacillus halotolerans,Oceanobacillus,Firmicutes,amoA_AOB,0,,,"(""amoA""[Title] OR ""ammonia monooxygenase subunit A""[Title]) AND ""Oceanobacillus halotolerans""[Organism]"
Staphylococcus gallinarum,Staphylococcus,Firmicutes,amoA_AOB,0,,,"(""amoA""[Title] OR ""ammonia monooxygenase subunit A""[Title]) AND ""Staphylococcus gallinarum""[Organism]"
Companilactobacillus futsaii,Companilactobacillus,Firmicutes,amoA_AOB,0,,,"(""amoA""[Title] OR ""ammonia monooxygenase subunit A""[Title]) AND ""Companilactobacillus futsaii""[Organism]"
Anaerococcus urinomassiliensis,Anaerococcus,Firmicutes,amoA_AOB,0,,,"(""amoA""[Title] OR ""ammonia monooxygenase subunit A""[Title]) AND ""Anaerococcus urinomassiliensis""[Organism]"
Wenzhouxiangella salilacus,Wenzhouxiangella,Proteobacteria,amoA_AOB,0,,,"(""amoA""[Title] OR ""ammonia monooxygenase subunit A""[Title]) AND ""Wenzhouxiangella salilacus""[Organism]"
Alkalihalobacillus alcalophilus,Alkalihalobacillus,Firmicutes,amoA_AOB,0,,,"(""amoA""[Title] OR ""ammonia monooxygenase subunit A""[Title]) AND ""Alkalihalobacillus alcalophilus""[Organism]"
Nocardiopsis listeri,Nocardiopsis,Actinobacteria,amoA_AOB,0,,,"(""amoA""[Title] OR ""ammonia monooxygenase subunit A""[Title]) AND ""Nocardiopsis listeri""[Organism]"
Loigolactobacillus rennini,Loigolactobacillus,Firmicutes,amoA_AOB,0,,,"(""amoA""[Title] OR ""ammonia monooxygenase subunit A""[Title]) AND ""Loigolactobacillus rennini""[Organism]"
Anaerococcus octavius,Anaerococcus,Firmicutes,amoA_AOB,0,,,"(""amoA""[Title] OR ""ammonia monooxygenase subunit A""[Title]) AND ""Anaerococcus octavius""[Organism]"
Rhodococcus coprophilus,Rhodococcus,Actinobacteria,amoA_AOB,0,,,"(""amoA""[Title] OR ""ammonia monooxygenase subunit A""[Title]) AND ""Rhodococcus coprophilus""[Organism]"
Limosilactobacillus antri,Limosilactobacillus,Firmicutes,amoA_AOB,0,,,"(""amoA""[Title] OR ""ammonia monooxygenase subunit A""[Title]) AND ""Limosilactobacillus antri""[Organism]"
Georgenia yuyongxinii,Georgenia,Actinobacteria,amoA_AOB,0,,,"(""amoA""[Title] OR ""ammonia monooxygenase subunit A""[Title]) AND ""Georgenia yuyongxinii""[Organism]"
Phocaeicola dorei,Phocaeicola,Bacteroidota,amoA_AOB,0,,,"(""amoA""[Title] OR ""ammonia monooxygenase subunit A""[Title]) AND ""Phocaeicola dorei""[Organism]"
Staphylococcus caledonicus,Staphylococcus,Firmicutes,amoA_AOB,0,,,"(""amoA""[Title] OR ""ammonia monooxygenase subunit A""[Title]) AND ""Staphylococcus caledonicus""[Organism]"
Luteimicrobium album,Luteimicrobium,Actinobacteria,amoA_AOB,0,,,"(""amoA""[Title] OR ""ammonia monooxygenase subunit A""[Title]) AND ""Luteimicrobium album""[Organism]"
Staphylococcus schweitzeri,Staphylococcus,Firmicutes,amoA_AOB,0,,,"(""amoA""[Title] OR ""ammonia monooxygenase subunit A""[Title]) AND ""Staphylococcus schweitzeri""[Organism]"
Brachybacterium fresconis,Brachybacterium,Actinobacteria,amoA_AOB,0,,,"(""amoA""[Title] OR ""ammonia monooxygenase subunit A""[Title]) AND ""Brachybacterium fresconis""[Organism]"
Lederbergia galactosidilytica,Lederbergia,Firmicutes,amoA_AOB,0,,,"(""amoA""[Title] OR ""ammonia monooxygenase subunit A""[Title]) AND ""Lederbergia galactosidilytica""[Organism]"
Shigella flexneri,Shigella,Proteobacteria,amoA_AOB,0,,,"(""amoA""[Title] OR ""ammonia monooxygenase subunit A""[Title]) AND ""Shigella flexneri""[Organism]"
Staphylococcus succinus,Staphylococcus,Firmicutes,amoA_AOB,0,,,"(""amoA""[Title] OR ""ammonia monooxygenase subunit A""[Title]) AND ""Staphylococcus succinus""[Organism]"
Virgibacillus carmonensis,Virgibacillus,Firmicutes,amoA_AOB,0,,,"(""amoA""[Title] OR ""ammonia monooxygenase subunit A""[Title]) AND ""Virgibacillus carmonensis""[Organism]"
Allofustis seminis,Allofustis,Firmicutes,amoA_AOB,0,,,"(""amoA""[Title] OR ""ammonia monooxygenase subunit A""[Title]) AND ""Allofustis seminis""[Organism]"
Staphylococcus hominis,Staphylococcus,Firmicutes,amoA_AOB,0,,,"(""amoA""[Title] OR ""ammonia monooxygenase subunit A""[Title]) AND ""Staphylococcus hominis""[Organism]"
Brachybacterium endophyticum,Brachybacterium,Actinobacteria,amoA_AOB,0,,,"(""amoA""[Title] OR ""ammonia monooxygenase subunit A""[Title]) AND ""Brachybacterium endophyticum""[Organism]"
Brevibacterium epidermidis,Brevibacterium,Actinobacteria,amoA_AOB,0,,,"(""amoA""[Title] OR ""ammonia monooxygenase subunit A""[Title]) AND ""Brevibacterium epidermidis""[Organism]"
Staphylococcus pasteuri,Staphylococcus,Firmicutes,amoA_AOB,0,,,"(""amoA""[Title] OR ""ammonia monooxygenase subunit A""[Title]) AND ""Staphylococcus pasteuri""[Organism]"
Mycolicibacterium smegmatis,Mycolicibacterium,Actinobacteria,amoA_AOB,0,,,"(""amoA""[Title] OR ""ammonia monooxygenase subunit A""[Title]) AND ""Mycolicibacterium smegmatis""[Organism]"
Brevibacterium casei,Brevibacterium,Actinobacteria,amoA_AOB,0,,,"(""amoA""[Title] OR ""ammonia monooxygenase subunit A""[Title]) AND ""Brevibacterium casei""[Organism]"
Pseudactinotalea terrae,Pseudactinotalea,Actinobacteria,amoA_AOB,0,,,"(""amoA""[Title] OR ""ammonia monooxygenase subunit A""[Title]) AND ""Pseudactinotalea terrae""[Organism]"
Ligilactobacillus salitolerans,Ligilactobacillus,Firmicutes,amoA_AOB,0,,,"(""amoA""[Title] OR ""ammonia monooxygenase subunit A""[Title]) AND ""Ligilactobacillus salitolerans""[Organism]"
Oceanobacillus luteolus,Oceanobacillus,Firmicutes,amoA_AOB,0,,,"(""amoA""[Title] OR ""ammonia monooxygenase subunit A""[Title]) AND ""Oceanobacillus luteolus""[Organism]"
Streptomyces triticirhizae,Streptomyces,Actinobacteria,amoA_AOB,0,,,"(""amoA""[Title] OR ""ammonia monooxygenase subunit A""[Title]) AND ""Streptomyces triticirhizae""[Organism]"
Paracoccus jeotgali,Paracoccus,Proteobacteria,amoA_AOB,0,,,"(""amoA""[Title] OR ""ammonia monooxygenase subunit A""[Title]) AND ""Paracoccus jeotgali""[Organism]"
Pseudoflavonifractor capillosus,Pseudoflavonifractor,Firmicutes,amoA_AOB,0,,,"(""amoA""[Title] OR ""ammonia monooxygenase subunit A""[Title]) AND ""Pseudoflavonifractor capillosus""[Organism]"
Staphylococcus casei,Staphylococcus,Firmicutes,amoA_AOB,0,,,"(""amoA""[Title] OR ""ammonia monooxygenase subunit A""[Title]) AND ""Staphylococcus casei""[Organism]"
Ruania alba,Ruania,Actinobacteria,amoA_AOB,0,,,"(""amoA""[Title] OR ""ammonia monooxygenase subunit A""[Title]) AND ""Ruania alba""[Organism]"
Gemmiger gallinarum,Gemmiger,Firmicutes,amoA_AOB,0,,,"(""amoA""[Title] OR ""ammonia monooxygenase subunit A""[Title]) AND ""Gemmiger gallinarum""[Organism]"
Gallibacterium anatis,Gallibacterium,Proteobacteria,amoA_AOB,0,,,"(""amoA""[Title] OR ""ammonia monooxygenase subunit A""[Title]) AND ""Gallibacterium anatis""[Organism]"
Levilactobacillus angrenensis,Levilactobacillus,Firmicutes,amoA_AOB,0,,,"(""amoA""[Title] OR ""ammonia monooxygenase subunit A""[Title]) AND ""Levilactobacillus angrenensis""[Organism]"
Subdoligranulum variabile,Subdoligranulum,Firmicutes,amoA_AOB,0,,,"(""amoA""[Title] OR ""ammonia monooxygenase subunit A""[Title]) AND ""Subdoligranulum variabile""[Organism]"
Oceanobacillus damuensis,Oceanobacillus,Firmicutes,amoA_AOB,0,,,"(""amoA""[Title] OR ""ammonia monooxygenase subunit A""[Title]) AND ""Oceanobacillus damuensis""[Organism]"
Escherichia fergusonii,Escherichia,Proteobacteria,amoA_AOB,0,,,"(""amoA""[Title] OR ""ammonia monooxygenase subunit A""[Title]) AND ""Escherichia fergusonii""[Organism]"
Romboutsia hominis,Romboutsia,Firmicutes,amoA_AOB,0,,,"(""amoA""[Title] OR ""ammonia monooxygenase subunit A""[Title]) AND ""Romboutsia hominis""[Organism]"
Staphylococcus roterodami,Staphylococcus,Firmicutes,amoA_AOB,0,,,"(""amoA""[Title] OR ""ammonia monooxygenase subunit A""[Title]) AND ""Staphylococcus roterodami""[Organism]"
Virgibacillus natechei,Virgibacillus,Firmicutes,amoA_AOB,0,,,"(""amoA""[Title] OR ""ammonia monooxygenase subunit A""[Title]) AND ""Virgibacillus natechei""[Organism]"
Oceanobacillus polygoni,Oceanobacillus,Firmicutes,amoA_AOB,0,,,"(""amoA""[Title] OR ""ammonia monooxygenase subunit A""[Title]) AND ""Oceanobacillus polygoni""[Organism]"
Microbacterium faecale,Microbacterium,Actinobacteria,amoA_AOB,0,,,"(""amoA""[Title] OR ""ammonia monooxygenase subunit A""[Title]) AND ""Microbacterium faecale""[Organism]"
Aeromicrobium erythreum,Aeromicrobium,Actinobacteria,amoA_AOB,0,,,"(""amoA""[Title] OR ""ammonia monooxygenase subunit A""[Title]) AND ""Aeromicrobium erythreum""[Organism]"
Enterococcus durans,Enterococcus,Firmicutes,amoA_AOB,0,,,"(""amoA""[Title] OR ""ammonia monooxygenase subunit A""[Title]) AND ""Enterococcus durans""[Organism]"
Alistipes dispar,Alistipes,Bacteroidota,amoA_AOB,0,,,"(""amoA""[Title] OR ""ammonia monooxygenase subunit A""[Title]) AND ""Alistipes dispar""[Organism]"
Enterococcus faecalis,Enterococcus,Firmicutes,amoA_AOB,0,,,"(""amoA""[Title] OR ""ammonia monooxygenase subunit A""[Title]) AND ""Enterococcus faecalis""[Organism]"
Mediterraneibacter glycyrrhizinilyticus,Mediterraneibacter,Firmicutes,amoA_AOB,0,,,"(""amoA""[Title] OR ""ammonia monooxygenase subunit A""[Title]) AND ""Mediterraneibacter glycyrrhizinilyticus""[Organism]"
Staphylococcus carnosus,Staphylococcus,Firmicutes,amoA_AOB,0,,,"(""amoA""[Title] OR ""ammonia monooxygenase subunit A""[Title]) AND ""Staphylococcus carnosus""[Organism]"
Corynebacterium aurimucosum,Corynebacterium,Actinobacteria,amoA_AOB,0,,,"(""amoA""[Title] OR ""ammonia monooxygenase subunit A""[Title]) AND ""Corynebacterium aurimucosum""[Organism]"
Nocardiopsis alkaliphila,Nocardiopsis,Actinobacteria,amoA_AOB,0,,,"(""amoA""[Title] OR ""ammonia monooxygenase subunit A""[Title]) AND ""Nocardiopsis alkaliphila""[Organism]"
Staphylococcus equorum,Staphylococcus,Firmicutes,amoA_AOB,0,,,"(""amoA""[Title] OR ""ammonia monooxygenase subunit A""[Title]) AND ""Staphylococcus equorum""[Organism]"
Blautia glucerasea,Blautia,Firmicutes,amoA_AOB,0,,,"(""amoA""[Title] OR ""ammonia monooxygenase subunit A""[Title]) AND ""Blautia glucerasea""[Organism]"
Clostridium haemolyticum,Clostridium,Firmicutes,amoA_AOB,0,,,"(""amoA""[Title] OR ""ammonia monooxygenase subunit A""[Title]) AND ""Clostridium haemolyticum""[Organism]"
Oceanisphaera avium,Oceanisphaera,Proteobacteria,amoA_AOB,0,,,"(""amoA""[Title] OR ""ammonia monooxygenase subunit A""[Title]) AND ""Oceanisphaera avium""[Organism]"
Falsochrobactrum ovis,Falsochrobactrum,Proteobacteria,amoA_AOB,0,,,"(""amoA""[Title] OR ""ammonia monooxygenase subunit A""[Title]) AND ""Falsochrobactrum ovis""[Organism]"
Weissella paramesenteroides,Weissella,Firmicutes,amoA_AOB,0,,,"(""amoA""[Title] OR ""ammonia monooxygenase subunit A""[Title]) AND ""Weissella paramesenteroides""[Organism]"
Brachybacterium subflavum,Brachybacterium,Actinobacteria,amoA_AOB,0,,,"(""amoA""[Title] OR ""ammonia monooxygenase subunit A""[Title]) AND ""Brachybacterium subflavum""[Organism]"
Companilactobacillus baiquanensis,Companilactobacillus,Firmicutes,amoA_AOB,0,,,"(""amoA""[Title] OR ""ammonia monooxygenase subunit A""[Title]) AND ""Companilactobacillus baiquanensis""[Organism]"
Merdimonas faecis,Merdimonas,Firmicutes,amoA_AOB,0,,,"(""amoA""[Title] OR ""ammonia monooxygenase subunit A""[Title]) AND ""Merdimonas faecis""[Organism]"
Dietzia alimentaria,Dietzia,Actinobacteria,amoA_AOB,0,,,"(""amoA""[Title] OR ""ammonia monooxygenase subunit A""[Title]) AND ""Dietzia alimentaria""[Organism]"
Fusicatenibacter saccharivorans,Fusicatenibacter,Firmicutes,amoA_AOB,0,,,"(""amoA""[Title] OR ""ammonia monooxygenase subunit A""[Title]) AND ""Fusicatenibacter saccharivorans""[Organism]"
Staphylococcus aureus,Staphylococcus,Firmicutes,amoA_AOB,0,,,"(""amoA""[Title] OR ""ammonia monooxygenase subunit A""[Title]) AND ""Staphylococcus aureus""[Organism]"
Rothia koreensis,Rothia,Actinobacteria,amoA_AOB,0,,,"(""amoA""[Title] OR ""ammonia monooxygenase subunit A""[Title]) AND ""Rothia koreensis""[Organism]"
Staphylococcus pseudoxylosus,Staphylococcus,Firmicutes,amoA_AOB,0,,,"(""amoA""[Title] OR ""ammonia monooxygenase subunit A""[Title]) AND ""Staphylococcus pseudoxylosus""[Organism]"
Pseudothauera rhizosphaerae,Pseudothauera,Proteobacteria,amoA_AOB,0,,,"(""amoA""[Title] OR ""ammonia monooxygenase subunit A""[Title]) AND ""Pseudothauera rhizosphaerae""[Organism]"
Staphylococcus capitis,Staphylococcus,Firmicutes,amoA_AOB,0,,,"(""amoA""[Title] OR ""ammonia monooxygenase subunit A""[Title]) AND ""Staphylococcus capitis""[Organism]"
Levilactobacillus tujiorum,Levilactobacillus,Firmicutes,amoA_AOB,0,,,"(""amoA""[Title] OR ""ammonia monooxygenase subunit A""[Title]) AND ""Levilactobacillus tujiorum""[Organism]"
Lapidilactobacillus wuchangensis,Lapidilactobacillus,Firmicutes,amoA_AOB,0,,,"(""amoA""[Title] OR ""ammonia monooxygenase subunit A""[Title]) AND ""Lapidilactobacillus wuchangensis""[Organism]"
Peptoniphilus timonensis,Peptoniphilus,Firmicutes,amoA_AOB,0,,,"(""amoA""[Title] OR ""ammonia monooxygenase subunit A""[Title]) AND ""Peptoniphilus timonensis""[Organism]"
Virgibacillus dokdonensis,Virgibacillus,Firmicutes,amoA_AOB,0,,,"(""amoA""[Title] OR ""ammonia monooxygenase subunit A""[Title]) AND ""Virgibacillus dokdonensis""[Organism]"
Anaerococcus rubeinfantis,Anaerococcus,Firmicutes,amoA_AOB,0,,,"(""amoA""[Title] OR ""ammonia monooxygenase subunit A""[Title]) AND ""Anaerococcus rubeinfantis""[Organism]"
Corynebacterium sputi,Corynebacterium,Actinobacteria,amoA_AOB,0,,,"(""amoA""[Title] OR ""ammonia monooxygenase subunit A""[Title]) AND ""Corynebacterium sputi""[Organism]"
Staphylococcus xylosus,Staphylococcus,Firmicutes,amoA_AOB,0,,,"(""amoA""[Title] OR ""ammonia monooxygenase subunit A""[Title]) AND ""Staphylococcus xylosus""[Organism]"
Bacteroides uniformis,Bacteroides,Bacteroidota,amoA_AOB,0,,,"(""amoA""[Title] OR ""ammonia monooxygenase subunit A""[Title]) AND ""Bacteroides uniformis""[Organism]"
Enterococcus casseliflavus,Enterococcus,Firmicutes,amoA_AOB,0,,,"(""amoA""[Title] OR ""ammonia monooxygenase subunit A""[Title]) AND ""Enterococcus casseliflavus""[Organism]"
Niallia oryzisoli,Niallia,Firmicutes,amoA_AOB,0,,,"(""amoA""[Title] OR ""ammonia monooxygenase subunit A""[Title]) AND ""Niallia oryzisoli""[Organism]"
Oscillibacter massiliensis,Oscillibacter,Firmicutes,amoA_AOB,0,,,"(""amoA""[Title] OR ""ammonia monooxygenase subunit A""[Title]) AND ""Oscillibacter massiliensis""[Organism]"
Hathewaya limosa,Hathewaya,Firmicutes,amoA_AOB,0,,,"(""amoA""[Title] OR ""ammonia monooxygenase subunit A""[Title]) AND ""Hathewaya limosa""[Organism]"
Lactobacillus psittaci,Lactobacillus,Firmicutes,amoA_AOB,0,,,"(""amoA""[Title] OR ""ammonia monooxygenase subunit A""[Title]) AND ""Lactobacillus psittaci""[Organism]"
Georgenia soli,Georgenia,Actinobacteria,amoA_AOB,0,,,"(""amoA""[Title] OR ""ammonia monooxygenase subunit A""[Title]) AND ""Georgenia soli""[Organism]"
Lentibacillus saliphilus,Lentibacillus,Firmicutes,amoA_AOB,0,,,"(""amoA""[Title] OR ""ammonia monooxygenase subunit A""[Title]) AND ""Lentibacillus saliphilus""[Organism]"
Bacillus ferrooxidans,Bacillus,Firmicutes,amoA_AOB,0,,,"(""amoA""[Title] OR ""ammonia monooxygenase subunit A""[Title]) AND ""Bacillus ferrooxidans""[Organism]"
Tidjanibacter massiliensis,Tidjanibacter,Bacteroidota,amoA_AOB,0,,,"(""amoA""[Title] OR ""ammonia monooxygenase subunit A""[Title]) AND ""Tidjanibacter massiliensis""[Organism]"
Mammaliicoccus fleurettii,Mammaliicoccus,Firmicutes,amoA_AOB,0,,,"(""amoA""[Title] OR ""ammonia monooxygenase subunit A""[Title]) AND ""Mammaliicoccus fleurettii""[Organism]"
Staphylococcus lugdunensis,Staphylococcus,Firmicutes,amoA_AOB,0,,,"(""amoA""[Title] OR ""ammonia monooxygenase subunit A""[Title]) AND ""Staphylococcus lugdunensis""[Organism]"
Fournierella massiliensis,Fournierella,Firmicutes,amoA_AOB,0,,,"(""amoA""[Title] OR ""ammonia monooxygenase subunit A""[Title]) AND ""Fournierella massiliensis""[Organism]"
Clostridium phoceensis,Clostridium,Firmicutes,amoA_AOB,0,,,"(""amoA""[Title] OR ""ammonia monooxygenase subunit A""[Title]) AND ""Clostridium phoceensis""[Organism]"
Nocardiopsis sinuspersici,Nocardiopsis,Actinobacteria,amoA_AOB,0,,,"(""amoA""[Title] OR ""ammonia monooxygenase subunit A""[Title]) AND ""Nocardiopsis sinuspersici""[Organism]"
Fastidiosipila sanguinis,Fastidiosipila,Firmicutes,amoA_AOB,0,,,"(""amoA""[Title] OR ""ammonia monooxygenase subunit A""[Title]) AND ""Fastidiosipila sanguinis""[Organism]"
Pseudoglutamicibacter cumminsii,Pseudoglutamicibacter,Actinobacteria,amoA_AOB,0,,,"(""amoA""[Title] OR ""ammonia monooxygenase subunit A""[Title]) AND ""Pseudoglutamicibacter cumminsii""[Organism]"
Virgibacillus indicus,Virgibacillus,Firmicutes,amoA_AOB,0,,,"(""amoA""[Title] OR ""ammonia monooxygenase subunit A""[Title]) AND ""Virgibacillus indicus""[Organism]"
Staphylococcus lloydii,Staphylococcus,Firmicutes,amoA_AOB,0,,,"(""amoA""[Title] OR ""ammonia monooxygenase subunit A""[Title]) AND ""Staphylococcus lloydii""[Organism]"
Staphylococcus pragensis,Staphylococcus,Firmicutes,amoA_AOB,0,,,"(""amoA""[Title] OR ""ammonia monooxygenase subunit A""[Title]) AND ""Staphylococcus pragensis""[Organism]"
Anaerococcus murdochii,Anaerococcus,Firmicutes,amoA_AOB,0,,,"(""amoA""[Title] OR ""ammonia monooxygenase subunit A""[Title]) AND ""Anaerococcus murdochii""[Organism]"
Brevibacterium sediminis,Brevibacterium,Actinobacteria,amoA_AOB,0,,,"(""amoA""[Title] OR ""ammonia monooxygenase subunit A""[Title]) AND ""Brevibacterium sediminis""[Organism]"
Tetragenococcus halophilus,Tetragenococcus,Firmicutes,amoA_AOB,0,,,"(""amoA""[Title] OR ""ammonia monooxygenase subunit A""[Title]) AND ""Tetragenococcus halophilus""[Organism]"
Staphylococcus durrellii,Staphylococcus,Firmicutes,amoA_AOB,0,,,"(""amoA""[Title] OR ""ammonia monooxygenase subunit A""[Title]) AND ""Staphylococcus durrellii""[Organism]"
Nocardiopsis terrae,Nocardiopsis,Actinobacteria,amoA_AOB,0,,,"(""amoA""[Title] OR ""ammonia monooxygenase subunit A""[Title]) AND ""Nocardiopsis terrae""[Organism]"
Staphylococcus taiwanensis,Staphylococcus,Firmicutes,amoA_AOB,0,,,"(""amoA""[Title] OR ""ammonia monooxygenase subunit A""[Title]) AND ""Staphylococcus taiwanensis""[Organism]"
Staphylococcus croceilyticus,Staphylococcus,Firmicutes,amoA_AOB,0,,,"(""amoA""[Title] OR ""ammonia monooxygenase subunit A""[Title]) AND ""Staphylococcus croceilyticus""[Organism]"
Pusillimonas noertemannii,Pusillimonas,Proteobacteria,amoA_AOB,0,,,"(""amoA""[Title] OR ""ammonia monooxygenase subunit A""[Title]) AND ""Pusillimonas noertemannii""[Organism]"
Phocaeicola vulgatus,Phocaeicola,Bacteroidota,amoA_AOB,0,,,"(""amoA""[Title] OR ""ammonia monooxygenase subunit A""[Title]) AND ""Phocaeicola vulgatus""[Organism]"
Globicatella sanguinis,Globicatella,Firmicutes,amoA_AOB,0,,,"(""amoA""[Title] OR ""ammonia monooxygenase subunit A""[Title]) AND ""Globicatella sanguinis""[Organism]"
Enterococcus olivae,Enterococcus,Firmicutes,amoA_AOB,0,,,"(""amoA""[Title] OR ""ammonia monooxygenase subunit A""[Title]) AND ""Enterococcus olivae""[Organism]"
Saccharomonospora xinjiangensis,Saccharomonospora,Actinobacteria,amoA_AOB,0,,,"(""amoA""[Title] OR ""ammonia monooxygenase subunit A""[Title]) AND ""Saccharomonospora xinjiangensis""[Organism]"
Staphylococcus condimenti,Staphylococcus,Firmicutes,amoA_AOB,0,,,"(""amoA""[Title] OR ""ammonia monooxygenase subunit A""[Title]) AND ""Staphylococcus condimenti""[Organism]"
Salinicoccus alkaliphilus,Salinicoccus,Firmicutes,amoA_AOB,0,,,"(""amoA""[Title] OR ""ammonia monooxygenase subunit A""[Title]) AND ""Salinicoccus alkaliphilus""[Organism]"
Anaerostipes butyraticus,Anaerostipes,Firmicutes,amoA_AOB,0,,,"(""amoA""[Title] OR ""ammonia monooxygenase subunit A""[Title]) AND ""Anaerostipes butyraticus""[Organism]"
Bifidobacterium pullorum,Bifidobacterium,Actinobacteria,amoA_AOB,0,,,"(""amoA""[Title] OR ""ammonia monooxygenase subunit A""[Title]) AND ""Bifidobacterium pullorum""[Organism]"
Blautia hominis,Blautia,Firmicutes,amoA_AOB,0,,,"(""amoA""[Title] OR ""ammonia monooxygenase subunit A""[Title]) AND ""Blautia hominis""[Organism]"
Sellimonas intestinalis,Sellimonas,Firmicutes,amoA_AOB,0,,,"(""amoA""[Title] OR ""ammonia monooxygenase subunit A""[Title]) AND ""Sellimonas intestinalis""[Organism]"
Prauserella oleivorans,Prauserella,Actinobacteria,amoA_AOB,0,,,"(""amoA""[Title] OR ""ammonia monooxygenase subunit A""[Title]) AND ""Prauserella oleivorans""[Organism]"
Niallia endozanthoxylica,Niallia,Firmicutes,amoA_AOB,0,,,"(""amoA""[Title] OR ""ammonia monooxygenase subunit A""[Title]) AND ""Niallia endozanthoxylica""[Organism]"
Sutterella timonensis,Sutterella,Proteobacteria,amoA_AOB,0,,,"(""amoA""[Title] OR ""ammonia monooxygenase subunit A""[Title]) AND ""Sutterella timonensis""[Organism]"
Nocardiopsis aegyptia,Nocardiopsis,Actinobacteria,amoA_AOB,0,,,"(""amoA""[Title] OR ""ammonia monooxygenase subunit A""[Title]) AND ""Nocardiopsis aegyptia""[Organism]"
Niallia circulans,Niallia,Firmicutes,amoA_AOB,0,,,"(""amoA""[Title] OR ""ammonia monooxygenase subunit A""[Title]) AND ""Niallia circulans""[Organism]"
Lederbergia panacisoli,Lederbergia,Firmicutes,amoA_AOB,0,,,"(""amoA""[Title] OR ""ammonia monooxygenase subunit A""[Title]) AND ""Lederbergia panacisoli""[Organism]"
Alkalihalobacillus lindianensis,Alkalihalobacillus,Firmicutes,amoA_AOB,0,,,"(""amoA""[Title] OR ""ammonia monooxygenase subunit A""[Title]) AND ""Alkalihalobacillus lindianensis""[Organism]"
Ammoniphilus oxalaticus,Ammoniphilus,Firmicutes,amoA_AOB,0,,,"(""amoA""[Title] OR ""ammonia monooxygenase subunit A""[Title]) AND ""Ammoniphilus oxalaticus""[Organism]"
Agathobaculum butyriciproducens,Agathobaculum,Firmicutes,amoA_AOB,0,,,"(""amoA""[Title] OR ""ammonia monooxygenase subunit A""[Title]) AND ""Agathobaculum butyriciproducens""[Organism]"
Levilactobacillus senmaizukei,Levilactobacillus,Firmicutes,amoA_AOB,0,,,"(""amoA""[Title] OR ""ammonia monooxygenase subunit A""[Title]) AND ""Levilactobacillus senmaizukei""[Organism]"
Actinomadura sputi,Actinomadura,Actinobacteria,amoA_AOB,0,,,"(""amoA""[Title] OR ""ammonia monooxygenase subunit A""[Title]) AND ""Actinomadura sputi""[Organism]"
Actinotalea caeni,Actinotalea,Actinobacteria,amoA_AOB,0,,,"(""amoA""[Title] OR ""ammonia monooxygenase subunit A""[Title]) AND ""Actinotalea caeni""[Organism]"
Halomonas gudaonensis,Halomonas,Proteobacteria,amoA_AOB,0,,,"(""amoA""[Title] OR ""ammonia monooxygenase subunit A""[Title]) AND ""Halomonas gudaonensis""[Organism]"
Massilistercora timonensis,Massilistercora,Firmicutes,amoA_AOB,0,,,"(""amoA""[Title] OR ""ammonia monooxygenase subunit A""[Title]) AND ""Massilistercora timonensis""[Organism]"
Allosalinactinospora lopnorensis,Allosalinactinospora,Actinobacteria,amoA_AOB,0,,,"(""amoA""[Title] OR ""ammonia monooxygenase subunit A""[Title]) AND ""Allosalinactinospora lopnorensis""[Organism]"
Saccharomonospora amisosensis,Saccharomonospora,Actinobacteria,amoA_AOB,0,,,"(""amoA""[Title] OR ""ammonia monooxygenase subunit A""[Title]) AND ""Saccharomonospora amisosensis""[Organism]"
Blautia intestinalis,Blautia,Firmicutes,amoA_AOB,0,,,"(""amoA""[Title] OR ""ammonia monooxygenase subunit A""[Title]) AND ""Blautia intestinalis""[Organism]"
Anaerococcus jeddahensis,Anaerococcus,Firmicutes,amoA_AOB,0,,,"(""amoA""[Title] OR ""ammonia monooxygenase subunit A""[Title]) AND ""Anaerococcus jeddahensis""[Organism]"
Corynebacterium phoceense,Corynebacterium,Actinobacteria,amoA_AOB,0,,,"(""amoA""[Title] OR ""ammonia monooxygenase subunit A""[Title]) AND ""Corynebacterium phoceense""[Organism]"
Pseudoflavonifractor gallinarum,Pseudoflavonifractor,Firmicutes,amoA_AOB,0,,,"(""amoA""[Title] OR ""ammonia monooxygenase subunit A""[Title]) AND ""Pseudoflavonifractor gallinarum""[Organism]"
Clostridium perfringens,Clostridium,Firmicutes,amoA_AOB,0,,,"(""amoA""[Title] OR ""ammonia monooxygenase subunit A""[Title]) AND ""Clostridium perfringens""[Organism]"
Caecibacterium sporoformans,Caecibacterium,Firmicutes,amoA_AOB,0,,,"(""amoA""[Title] OR ""ammonia monooxygenase subunit A""[Title]) AND ""Caecibacterium sporoformans""[Organism]"
Janibacter massiliensis,Janibacter,Actinobacteria,amoA_AOB,0,,,"(""amoA""[Title] OR ""ammonia monooxygenase subunit A""[Title]) AND ""Janibacter massiliensis""[Organism]"
Levilactobacillus suantsaiihabitans,Levilactobacillus,Firmicutes,amoA_AOB,0,,,"(""amoA""[Title] OR ""ammonia monooxygenase subunit A""[Title]) AND ""Levilactobacillus suantsaiihabitans""[Organism]"
Saccharomonospora marina,Saccharomonospora,Actinobacteria,amoA_AOB,0,,,"(""amoA""[Title] OR ""ammonia monooxygenase subunit A""[Title]) AND ""Saccharomonospora marina""[Organism]"
Corynebacterium glyciniphilum,Corynebacterium,Actinobacteria,amoA_AOB,0,,,"(""amoA""[Title] OR ""ammonia monooxygenase subunit A""[Title]) AND ""Corynebacterium glyciniphilum""[Organism]"
Turicibacter bilis,Turicibacter,Firmicutes,amoA_AOB,0,,,"(""amoA""[Title] OR ""ammonia monooxygenase subunit A""[Title]) AND ""Turicibacter bilis""[Organism]"
Anaerococcus tetradius,Anaerococcus,Firmicutes,amoA_AOB,0,,,"(""amoA""[Title] OR ""ammonia monooxygenase subunit A""[Title]) AND ""Anaerococcus tetradius""[Organism]"
Weissella thailandensis,Weissella,Firmicutes,amoA_AOB,0,,,"(""amoA""[Title] OR ""ammonia monooxygenase subunit A""[Title]) AND ""Weissella thailandensis""[Organism]"
Pseudonocardia asaccharolytica,Pseudonocardia,Actinobacteria,amoA_AOB,0,,,"(""amoA""[Title] OR ""ammonia monooxygenase subunit A""[Title]) AND ""Pseudonocardia asaccharolytica""[Organism]"
Virgibacillus halophilus,Virgibacillus,Firmicutes,amoA_AOB,0,,,"(""amoA""[Title] OR ""ammonia monooxygenase subunit A""[Title]) AND ""Virgibacillus halophilus""[Organism]"
Dietzia aurantiaca,Dietzia,Actinobacteria,amoA_AOB,0,,,"(""amoA""[Title] OR ""ammonia monooxygenase subunit A""[Title]) AND ""Dietzia aurantiaca""[Organism]"
Virgibacillus profundi,Virgibacillus,Firmicutes,amoA_AOB,0,,,"(""amoA""[Title] OR ""ammonia monooxygenase subunit A""[Title]) AND ""Virgibacillus profundi""[Organism]"
Georgenia wutianyii,Georgenia,Actinobacteria,amoA_AOB,0,,,"(""amoA""[Title] OR ""ammonia monooxygenase subunit A""[Title]) AND ""Georgenia wutianyii""[Organism]"
Halomonas antri,Halomonas,Proteobacteria,amoA_AOB,0,,,"(""amoA""[Title] OR ""ammonia monooxygenase subunit A""[Title]) AND ""Halomonas antri""[Organism]"
Aeromicrobium choanae,Aeromicrobium,Actinobacteria,amoA_AOB,0,,,"(""amoA""[Title] OR ""ammonia monooxygenase subunit A""[Title]) AND ""Aeromicrobium choanae""[Organism]"
Staphylococcus warneri,Staphylococcus,Firmicutes,amoA_AOB,0,,,"(""amoA""[Title] OR ""ammonia monooxygenase subunit A""[Title]) AND ""Staphylococcus warneri""[Organism]"
Aliibacillus thermotolerans,Aliibacillus,Firmicutes,amoA_AOB,0,,,"(""amoA""[Title] OR ""ammonia monooxygenase subunit A""[Title]) AND ""Aliibacillus thermotolerans""[Organism]"
Drancourtella massiliensis,Drancourtella,Firmicutes,amoA_AOB,0,,,"(""amoA""[Title] OR ""ammonia monooxygenase subunit A""[Title]) AND ""Drancourtella massiliensis""[Organism]"
Pelagibacterium luteolum,Pelagibacterium,Proteobacteria,amoA_AOB,0,,,"(""amoA""[Title] OR ""ammonia monooxygenase subunit A""[Title]) AND ""Pelagibacterium luteolum""[Organism]"
Alistipes putredinis,Alistipes,Bacteroidota,amoA_AOB,0,,,"(""amoA""[Title] OR ""ammonia monooxygenase subunit A""[Title]) AND ""Alistipes putredinis""[Organism]"
Weissella bombi,Weissella,Firmicutes,amoA_AOB,0,,,"(""amoA""[Title] OR ""ammonia monooxygenase subunit A""[Title]) AND ""Weissella bombi""[Organism]"
Janibacter anophelis,Janibacter,Actinobacteria,amoA_AOB,0,,,"(""amoA""[Title] OR ""ammonia monooxygenase subunit A""[Title]) AND ""Janibacter anophelis""[Organism]"
Lederbergia wuyishanensis,Lederbergia,Firmicutes,amoA_AOB,0,,,"(""amoA""[Title] OR ""ammonia monooxygenase subunit A""[Title]) AND ""Lederbergia wuyishanensis""[Organism]"
Virgibacillus kekensis,Virgibacillus,Firmicutes,amoA_AOB,0,,,"(""amoA""[Title] OR ""ammonia monooxygenase subunit A""[Title]) AND ""Virgibacillus kekensis""[Organism]"
Occultella gossypii,Occultella,Actinobacteria,amoA_AOB,0,,,"(""amoA""[Title] OR ""ammonia monooxygenase subunit A""[Title]) AND ""Occultella gossypii""[Organism]"
Nocardioides alcanivorans,Nocardioides,Actinobacteria,amoA_AOB,0,,,"(""amoA""[Title] OR ""ammonia monooxygenase subunit A""[Title]) AND ""Nocardioides alcanivorans""[Organism]"
Jeotgalibaca arthritidis,Jeotgalibaca,Firmicutes,amoA_AOB,0,,,"(""amoA""[Title] OR ""ammonia monooxygenase subunit A""[Title]) AND ""Jeotgalibaca arthritidis""[Organism]"
Irregularibacter muris,Irregularibacter,Firmicutes,amoA_AOB,0,,,"(""amoA""[Title] OR ""ammonia monooxygenase subunit A""[Title]) AND ""Irregularibacter muris""[Organism]"
Companilactobacillus formosensis,Companilactobacillus,Firmicutes,amoA_AOB,0,,,"(""amoA""[Title] OR ""ammonia monooxygenase subunit A""[Title]) AND ""Companilactobacillus formosensis""[Organism]"
Oceanobacillus endoradicis,Oceanobacillus,Firmicutes,amoA_AOB,0,,,"(""amoA""[Title] OR ""ammonia monooxygenase subunit A""[Title]) AND ""Oceanobacillus endoradicis""[Organism]"
Staphylococcus canis,Staphylococcus,Firmicutes,amoA_AOB,0,,,"(""amoA""[Title] OR ""ammonia monooxygenase subunit A""[Title]) AND ""Staphylococcus canis""[Organism]"
Peribacillus asahii,Peribacillus,Firmicutes,amoA_AOB,0,,,"(""amoA""[Title] OR ""ammonia monooxygenase subunit A""[Title]) AND ""Peribacillus asahii""[Organism]"
Actinotalea solisilvae,Actinotalea,Actinobacteria,amoA_AOB,0,,,"(""amoA""[Title] OR ""ammonia monooxygenase subunit A""[Title]) AND ""Actinotalea solisilvae""[Organism]"
Pontibaca methylaminivorans,Pontibaca,Proteobacteria,amoA_AOB,0,,,"(""amoA""[Title] OR ""ammonia monooxygenase subunit A""[Title]) AND ""Pontibaca methylaminivorans""[Organism]"
Leucobacter triazinivorans,Leucobacter,Actinobacteria,amoA_AOB,0,,,"(""amoA""[Title] OR ""ammonia monooxygenase subunit A""[Title]) AND ""Leucobacter triazinivorans""[Organism]"
Lentibacillus garicola,Lentibacillus,Firmicutes,amoA_AOB,0,,,"(""amoA""[Title] OR ""ammonia monooxygenase subunit A""[Title]) AND ""Lentibacillus garicola""[Organism]"
[Clostridium] spiroforme,Erysipelatoclostridium,Firmicutes,amoA_AOB,0,,,"(""amoA""[Title] OR ""ammonia monooxygenase subunit A""[Title]) AND ""[Clostridium] spiroforme""[Organism]"
Companilactobacillus huachuanensis,Companilactobacillus,Firmicutes,amoA_AOB,0,,,"(""amoA""[Title] OR ""ammonia monooxygenase subunit A""[Title]) AND ""Companilactobacillus huachuanensis""[Organism]"
Flaviflexus ciconiae,Flaviflexus,Actinobacteria,amoA_AOB,0,,,"(""amoA""[Title] OR ""ammonia monooxygenase subunit A""[Title]) AND ""Flaviflexus ciconiae""[Organism]"
Romboutsia maritimum,Romboutsia,Firmicutes,amoA_AOB,0,,,"(""amoA""[Title] OR ""ammonia monooxygenase subunit A""[Title]) AND ""Romboutsia maritimum""[Organism]"
Salinicoccus kekensis,Salinicoccus,Firmicutes,amoA_AOB,0,,,"(""amoA""[Title] OR ""ammonia monooxygenase subunit A""[Title]) AND ""Salinicoccus kekensis""[Organism]"
Globicatella sulfidifaciens,Globicatella,Firmicutes,amoA_AOB,0,,,"(""amoA""[Title] OR ""ammonia monooxygenase subunit A""[Title]) AND ""Globicatella sulfidifaciens""[Organism]"
Anaerobutyricum soehngenii,Anaerobutyricum,Firmicutes,amoA_AOB,0,,,"(""amoA""[Title] OR ""ammonia monooxygenase subunit A""[Title]) AND ""Anaerobutyricum soehngenii""[Organism]"
Luteimicrobium xylanilyticum,Luteimicrobium,Actinobacteria,amoA_AOB,0,,,"(""amoA""[Title] OR ""ammonia monooxygenase subunit A""[Title]) AND ""Luteimicrobium xylanilyticum""[Organism]"
Neglectibacter timonensis,Neglectibacter,Firmicutes,amoA_AOB,0,,,"(""amoA""[Title] OR ""ammonia monooxygenase subunit A""[Title]) AND ""Neglectibacter timonensis""[Organism]"
Lachnoclostridium phocaeense,Lachnoclostridium,Firmicutes,amoA_AOB,0,,,"(""amoA""[Title] OR ""ammonia monooxygenase subunit A""[Title]) AND ""Lachnoclostridium phocaeense""[Organism]"
Barnesiella intestinihominis,Barnesiella,Bacteroidota,amoA_AOB,0,,,"(""amoA""[Title] OR ""ammonia monooxygenase subunit A""[Title]) AND ""Barnesiella intestinihominis""[Organism]"
Staphylococcus piscifermentans,Staphylococcus,Firmicutes,amoA_AOB,0,,,"(""amoA""[Title] OR ""ammonia monooxygenase subunit A""[Title]) AND ""Staphylococcus piscifermentans""[Organism]"
Serratia marcescens,Serratia,Proteobacteria,amoA_AOB,0,,,"(""amoA""[Title] OR ""ammonia monooxygenase subunit A""[Title]) AND ""Serratia marcescens""[Organism]"
Lapidilactobacillus achengensis,Lapidilactobacillus,Firmicutes,amoA_AOB,0,,,"(""amoA""[Title] OR ""ammonia monooxygenase subunit A""[Title]) AND ""Lapidilactobacillus achengensis""[Organism]"
Nocardiopsis alborubida,Nocardiopsis,Actinobacteria,amoA_AOB,0,,,"(""amoA""[Title] OR ""ammonia monooxygenase subunit A""[Title]) AND ""Nocardiopsis alborubida""[Organism]"
Paralkalibacillus indicireducens,Paralkalibacillus,Firmicutes,amoA_AOB,0,,,"(""amoA""[Title] OR ""ammonia monooxygenase subunit A""[Title]) AND ""Paralkalibacillus indicireducens""[Organism]"
Neobacillus massiliamazoniensis,Neobacillus,Firmicutes,amoA_AOB,0,,,"(""amoA""[Title] OR ""ammonia monooxygenase subunit A""[Title]) AND ""Neobacillus massiliamazoniensis""[Organism]"
Corynebacterium lactis,Corynebacterium,Actinobacteria,amoA_AOB,0,,,"(""amoA""[Title] OR ""ammonia monooxygenase subunit A""[Title]) AND ""Corynebacterium lactis""[Organism]"
Limosilactobacillus fastidiosus,Limosilactobacillus,Firmicutes,amoA_AOB,0,,,"(""amoA""[Title] OR ""ammonia monooxygenase subunit A""[Title]) AND ""Limosilactobacillus fastidiosus""[Organism]"
Staphylococcus simiae,Staphylococcus,Firmicutes,amoA_AOB,0,,,"(""amoA""[Title] OR ""ammonia monooxygenase subunit A""[Title]) AND ""Staphylococcus simiae""[Organism]"
Limosilactobacillus secaliphilus,Limosilactobacillus,Firmicutes,amoA_AOB,0,,,"(""amoA""[Title] OR ""ammonia monooxygenase subunit A""[Title]) AND ""Limosilactobacillus secaliphilus""[Organism]"
Staphylococcus argenteus,Staphylococcus,Firmicutes,amoA_AOB,0,,,"(""amoA""[Title] OR ""ammonia monooxygenase subunit A""[Title]) AND ""Staphylococcus argenteus""[Organism]"
Paludisphaera soli,Paludisphaera,Planctomycetota,amoA_AOB,0,,,"(""amoA""[Title] OR ""ammonia monooxygenase subunit A""[Title]) AND ""Paludisphaera soli""[Organism]"
Halomonas nitroreducens,Halomonas,Proteobacteria,amoA_AOB,0,,,"(""amoA""[Title] OR ""ammonia monooxygenase subunit A""[Title]) AND ""Halomonas nitroreducens""[Organism]"
Clostridium tertium,Clostridium,Firmicutes,amoA_AOB,0,,,"(""amoA""[Title] OR ""ammonia monooxygenase subunit A""[Title]) AND ""Clostridium tertium""[Organism]"
Lagierella massiliensis,Lagierella,Firmicutes,amoA_AOB,0,,,"(""amoA""[Title] OR ""ammonia monooxygenase subunit A""[Title]) AND ""Lagierella massiliensis""[Organism]"
Corynebacterium glutamicum,Corynebacterium,Actinobacteria,amoA_AOB,0,,,"(""amoA""[Title] OR ""ammonia monooxygenase subunit A""[Title]) AND ""Corynebacterium glutamicum""[Organism]"
Alkalibacterium iburiense,Alkalibacterium,Firmicutes,amoA_AOB,0,,,"(""amoA""[Title] OR ""ammonia monooxygenase subunit A""[Title]) AND ""Alkalibacterium iburiense""[Organism]"
Tissierella creatinini,Tissierella,Firmicutes,amoA_AOB,0,,,"(""amoA""[Title] OR ""ammonia monooxygenase subunit A""[Title]) AND ""Tissierella creatinini""[Organism]"
Virgibacillus doumboii,Virgibacillus,Firmicutes,amoA_AOB,0,,,"(""amoA""[Title] OR ""ammonia monooxygenase subunit A""[Title]) AND ""Virgibacillus doumboii""[Organism]"
Parabacteroides johnsonii,Parabacteroides,Bacteroidota,amoA_AOB,0,,,"(""amoA""[Title] OR ""ammonia monooxygenase subunit A""[Title]) AND ""Parabacteroides johnsonii""[Organism]"
Weissella hellenica,Weissella,Firmicutes,amoA_AOB,0,,,"(""amoA""[Title] OR ""ammonia monooxygenase subunit A""[Title]) AND ""Weissella hellenica""[Organism]"
Gleimia europaea,Gleimia,Actinobacteria,amoA_AOB,0,,,"(""amoA""[Title] OR ""ammonia monooxygenase subunit A""[Title]) AND ""Gleimia europaea""[Organism]"
Massilimicrobiota timonensis,Massilimicrobiota,Firmicutes,amoA_AOB,0,,,"(""amoA""[Title] OR ""ammonia monooxygenase subunit A""[Title]) AND ""Massilimicrobiota timonensis""[Organism]"
Halopseudomonas pertucinogena,Halopseudomonas,Proteobacteria,amoA_AOB,0,,,"(""amoA""[Title] OR ""ammonia monooxygenase subunit A""[Title]) AND ""Halopseudomonas pertucinogena""[Organism]"
Shigella dysenteriae,Shigella,Proteobacteria,amoA_AOB,0,,,"(""amoA""[Title] OR ""ammonia monooxygenase subunit A""[Title]) AND ""Shigella dysenteriae""[Organism]"
Actinotalea subterranea,Actinotalea,Actinobacteria,amoA_AOB,0,,,"(""amoA""[Title] OR ""ammonia monooxygenase subunit A""[Title]) AND ""Actinotalea subterranea""[Organism]"
Gorbachella massiliensis,Gorbachella,Firmicutes,amoA_AOB,0,,,"(""amoA""[Title] OR ""ammonia monooxygenase subunit A""[Title]) AND ""Gorbachella massiliensis""[Organism]"
Staphylococcus caprae,Staphylococcus,Firmicutes,amoA_AOB,0,,,"(""amoA""[Title] OR ""ammonia monooxygenase subunit A""[Title]) AND ""Staphylococcus caprae""[Organism]"
Brevibacterium marinum,Brevibacterium,Actinobacteria,amoA_AOB,0,,,"(""amoA""[Title] OR ""ammonia monooxygenase subunit A""[Title]) AND ""Brevibacterium marinum""[Organism]"
Limosilactobacillus caviae,Limosilactobacillus,Firmicutes,amoA_AOB,0,,,"(""amoA""[Title] OR ""ammonia monooxygenase subunit A""[Title]) AND ""Limosilactobacillus caviae""[Organism]"
Streptococcus equinus,Streptococcus,Firmicutes,amoA_AOB,0,,,"(""amoA""[Title] OR ""ammonia monooxygenase subunit A""[Title]) AND ""Streptococcus equinus""[Organism]"
Halomonas desiderata,Halomonas,Proteobacteria,amoA_AOB,0,,,"(""amoA""[Title] OR ""ammonia monooxygenase subunit A""[Title]) AND ""Halomonas desiderata""[Organism]"
Clostridium cylindrosporum,Clostridium,Firmicutes,amoA_AOB,0,,,"(""amoA""[Title] OR ""ammonia monooxygenase subunit A""[Title]) AND ""Clostridium cylindrosporum""[Organism]"
Anaerotignum lactatifermentans,Anaerotignum,Firmicutes,amoA_AOB,0,,,"(""amoA""[Title] OR ""ammonia monooxygenase subunit A""[Title]) AND ""Anaerotignum lactatifermentans""[Organism]"
Ruania halotolerans,Ruania,Actinobacteria,amoA_AOB,0,,,"(""amoA""[Title] OR ""ammonia monooxygenase subunit A""[Title]) AND ""Ruania halotolerans""[Organism]"
Shigella boydii,Shigella,Proteobacteria,amoA_AOB,0,,,"(""amoA""[Title] OR ""ammonia monooxygenase subunit A""[Title]) AND ""Shigella boydii""[Organism]"
Veillonella magna,Veillonella,Firmicutes,amoA_AOB,0,,,"(""amoA""[Title] OR ""ammonia monooxygenase subunit A""[Title]) AND ""Veillonella magna""[Organism]"
Enterococcus villorum,Enterococcus,Firmicutes,amoA_AOB,0,,,"(""amoA""[Title] OR ""ammonia monooxygenase subunit A""[Title]) AND ""Enterococcus villorum""[Organism]"
[Clostridium] dakarense,Romboutsia,Firmicutes,amoA_AOB,0,,,"(""amoA""[Title] OR ""ammonia monooxygenase subunit A""[Title]) AND ""[Clostridium] dakarense""[Organism]"
Brevibacterium ravenspurgense,Brevibacterium,Actinobacteria,amoA_AOB,0,,,"(""amoA""[Title] OR ""ammonia monooxygenase subunit A""[Title]) AND ""Brevibacterium ravenspurgense""[Organism]"
Paracoccus alcaliphilus,Paracoccus,Proteobacteria,amoA_AOB,0,,,"(""amoA""[Title] OR ""ammonia monooxygenase subunit A""[Title]) AND ""Paracoccus alcaliphilus""[Organism]"
Aeromicrobium stalagmiti,Aeromicrobium,Actinobacteria,amoA_AOB,0,,,"(""amoA""[Title] OR ""ammonia monooxygenase subunit A""[Title]) AND ""Aeromicrobium stalagmiti""[Organism]"
Occultella glacieicola,Occultella,Actinobacteria,amoA_AOB,0,,,"(""amoA""[Title] OR ""ammonia monooxygenase subunit A""[Title]) AND ""Occultella glacieicola""[Organism]"
Companilactobacillus heilongjiangensis,Companilactobacillus,Firmicutes,amoA_AOB,0,,,"(""amoA""[Title] OR ""ammonia monooxygenase subunit A""[Title]) AND ""Companilactobacillus heilongjiangensis""[Organism]"
Levilactobacillus parabrevis,Levilactobacillus,Firmicutes,amoA_AOB,0,,,"(""amoA""[Title] OR ""ammonia monooxygenase subunit A""[Title]) AND ""Levilactobacillus parabrevis""[Organism]"
Clostridium disporicum,Clostridium,Firmicutes,amoA_AOB,0,,,"(""amoA""[Title] OR ""ammonia monooxygenase subunit A""[Title]) AND ""Clostridium disporicum""[Organism]"
Lactobacillus hominis,Lactobacillus,Firmicutes,amoA_AOB,0,,,"(""amoA""[Title] OR ""ammonia monooxygenase subunit A""[Title]) AND ""Lactobacillus hominis""[Organism]"
Aeromicrobium massiliense,Aeromicrobium,Actinobacteria,amoA_AOB,0,,,"(""amoA""[Title] OR ""ammonia monooxygenase subunit A""[Title]) AND ""Aeromicrobium massiliense""[Organism]"
Faecalibacterium gallinarum,Faecalibacterium,Firmicutes,amoA_AOB,0,,,"(""amoA""[Title] OR ""ammonia monooxygenase subunit A""[Title]) AND ""Faecalibacterium gallinarum""[Organism]"
Lederbergia citrisecundus,Lederbergia,Firmicutes,amoA_AOB,0,,,"(""amoA""[Title] OR ""ammonia monooxygenase subunit A""[Title]) AND ""Lederbergia citrisecundus""[Organism]"
Jeotgalicoccus saudimassiliensis,Jeotgalicoccus,Firmicutes,amoA_AOB,0,,,"(""amoA""[Title] OR ""ammonia monooxygenase subunit A""[Title]) AND ""Jeotgalicoccus saudimassiliensis""[Organism]"
Enterococcus gallinarum,Enterococcus,Firmicutes,amoA_AOB,0,,,"(""amoA""[Title] OR ""ammonia monooxygenase subunit A""[Title]) AND ""Enterococcus gallinarum""[Organism]"
Lactiplantibacillus plajomi,Lactiplantibacillus,Firmicutes,amoA_AOB,0,,,"(""amoA""[Title] OR ""ammonia monooxygenase subunit A""[Title]) AND ""Lactiplantibacillus plajomi""[Organism]"
Clostridium niameyense,Clostridium,Firmicutes,amoA_AOB,0,,,"(""amoA""[Title] OR ""ammonia monooxygenase subunit A""[Title]) AND ""Clostridium niameyense""[Organism]"
Pusillimonas ginsengisoli,Pusillimonas,Proteobacteria,amoA_AOB,0,,,"(""amoA""[Title] OR ""ammonia monooxygenase subunit A""[Title]) AND ""Pusillimonas ginsengisoli""[Organism]"
Staphylococcus kloosii,Staphylococcus,Firmicutes,amoA_AOB,0,,,"(""amoA""[Title] OR ""ammonia monooxygenase subunit A""[Title]) AND ""Staphylococcus kloosii""[Organism]"
Tissierella pigra,Tissierella,Firmicutes,amoA_AOB,0,,,"(""amoA""[Title] OR ""ammonia monooxygenase subunit A""[Title]) AND ""Tissierella pigra""[Organism]"
Nesterenkonia alkaliphila,Nesterenkonia,Actinobacteria,amoA_AOB,0,,,"(""amoA""[Title] OR ""ammonia monooxygenase subunit A""[Title]) AND ""Nesterenkonia alkaliphila""[Organism]"
Pelagibacterium sediminicola,Pelagibacterium,Proteobacteria,amoA_AOB,0,,,"(""amoA""[Title] OR ""ammonia monooxygenase subunit A""[Title]) AND ""Pelagibacterium sediminicola""[Organism]"
Falsochrobactrum shanghaiense,Falsochrobactrum,Proteobacteria,amoA_AOB,0,,,"(""amoA""[Title] OR ""ammonia monooxygenase subunit A""[Title]) AND ""Falsochrobactrum shanghaiense""[Organism]"
Saccharomonospora piscinae,Saccharomonospora,Actinobacteria,amoA_AOB,0,,,"(""amoA""[Title] OR ""ammonia monooxygenase subunit A""[Title]) AND ""Saccharomonospora piscinae""[Organism]"
Bacillus salipaludis,Bacillus,Firmicutes,amoA_AOB,0,,,"(""amoA""[Title] OR ""ammonia monooxygenase subunit A""[Title]) AND ""Bacillus salipaludis""[Organism]"
Urinicoccus massiliensis,Urinicoccus,Firmicutes,amoA_AOB,0,,,"(""amoA""[Title] OR ""ammonia monooxygenase subunit A""[Title]) AND ""Urinicoccus massiliensis""[Organism]"
Alistipes communis,Alistipes,Bacteroidota,amoA_AOB,0,,,"(""amoA""[Title] OR ""ammonia monooxygenase subunit A""[Title]) AND ""Alistipes communis""[Organism]"
Caenimicrobium hargitense,Caenimicrobium,Proteobacteria,amoA_AOB,0,,,"(""amoA""[Title] OR ""ammonia monooxygenase subunit A""[Title]) AND ""Caenimicrobium hargitense""[Organism]"
[Clostridium] colinum,Tyzzerella,Firmicutes,amoA_AOB,0,,,"(""amoA""[Title] OR ""ammonia monooxygenase subunit A""[Title]) AND ""[Clostridium] colinum""[Organism]"
Tissierella creatinophila,Tissierella,Firmicutes,amoA_AOB,0,,,"(""amoA""[Title] OR ""ammonia monooxygenase subunit A""[Title]) AND ""Tissierella creatinophila""[Organism]"
Companilactobacillus tucceti,Companilactobacillus,Firmicutes,amoA_AOB,0,,,"(""amoA""[Title] OR ""ammonia monooxygenase subunit A""[Title]) AND ""Companilactobacillus tucceti""[Organism]"
Luteimonas fraxinea,Luteimonas,Proteobacteria,amoA_AOB,0,,,"(""amoA""[Title] OR ""ammonia monooxygenase subunit A""[Title]) AND ""Luteimonas fraxinea""[Organism]"
Vagococcus entomophilus,Vagococcus,Firmicutes,amoA_AOB,0,,,"(""amoA""[Title] OR ""ammonia monooxygenase subunit A""[Title]) AND ""Vagococcus entomophilus""[Organism]"
Lederbergia citri,Lederbergia,Firmicutes,amoA_AOB,0,,,"(""amoA""[Title] OR ""ammonia monooxygenase subunit A""[Title]) AND ""Lederbergia citri""[Organism]"
Brachybacterium alimentarium,Brachybacterium,Actinobacteria,amoA_AOB,0,,,"(""amoA""[Title] OR ""ammonia monooxygenase subunit A""[Title]) AND ""Brachybacterium alimentarium""[Organism]"
Ornithinimicrobium ciconiae,Ornithinimicrobium,Actinobacteria,amoA_AOB,0,,,"(""amoA""[Title] OR ""ammonia monooxygenase subunit A""[Title]) AND ""Ornithinimicrobium ciconiae""[Organism]"
Leucobacter massiliensis,Leucobacter,Actinobacteria,amoA_AOB,0,,,"(""amoA""[Title] OR ""ammonia monooxygenase subunit A""[Title]) AND ""Leucobacter massiliensis""[Organism]"
Garicola koreensis,Garicola,Actinobacteria,amoA_AOB,0,,,"(""amoA""[Title] OR ""ammonia monooxygenase subunit A""[Title]) AND ""Garicola koreensis""[Organism]"
Propionimicrobium lymphophilum,Propionimicrobium,Actinobacteria,amoA_AOB,0,,,"(""amoA""[Title] OR ""ammonia monooxygenase subunit A""[Title]) AND ""Propionimicrobium lymphophilum""[Organism]"
Sporosarcina luteola,Sporosarcina,Firmicutes,amoA_AOB,0,,,"(""amoA""[Title] OR ""ammonia monooxygenase subunit A""[Title]) AND ""Sporosarcina luteola""[Organism]"
Virgibacillus olivae,Virgibacillus,Firmicutes,amoA_AOB,0,,,"(""amoA""[Title] OR ""ammonia monooxygenase subunit A""[Title]) AND ""Virgibacillus olivae""[Organism]"
Sanguibacter massiliensis,Sanguibacter,Actinobacteria,amoA_AOB,0,,,"(""amoA""[Title] OR ""ammonia monooxygenase subunit A""[Title]) AND ""Sanguibacter massiliensis""[Organism]"
Escherichia marmotae,Escherichia,Proteobacteria,amoA_AOB,0,,,"(""amoA""[Title] OR ""ammonia monooxygenase subunit A""[Title]) AND ""Escherichia marmotae""[Organism]"
Urmitella timonensis,Urmitella,Firmicutes,amoA_AOB,0,,,"(""amoA""[Title] OR ""ammonia monooxygenase subunit A""[Title]) AND ""Urmitella timonensis""[Organism]"
Companilactobacillus nuruki,Companilactobacillus,Firmicutes,amoA_AOB,0,,,"(""amoA""[Title] OR ""ammonia monooxygenase subunit A""[Title]) AND ""Companilactobacillus nuruki""[Organism]"
Cellulomonas composti,Cellulomonas,Actinobacteria,amoA_AOB,0,,,"(""amoA""[Title] OR ""ammonia monooxygenase subunit A""[Title]) AND ""Cellulomonas composti""[Organism]"
Jeotgalicoccus pinnipedialis,Jeotgalicoccus,Firmicutes,amoA_AOB,0,,,"(""amoA""[Title] OR ""ammonia monooxygenase subunit A""[Title]) AND ""Jeotgalicoccus pinnipedialis""[Organism]"
Rhodohalobacter halophilus,Rhodohalobacter,Balneolaeota,amoA_AOB,0,,,"(""amoA""[Title] OR ""ammonia monooxygenase subunit A""[Title]) AND ""Rhodohalobacter halophilus""[Organism]"
Nitratireductor aestuarii,Nitratireductor,Proteobacteria,amoA_AOB,0,,,"(""amoA""[Title] OR ""ammonia monooxygenase subunit A""[Title]) AND ""Nitratireductor aestuarii""[Organism]"
Mediterraneibacter faecis,Mediterraneibacter,Firmicutes,amoA_AOB,0,,,"(""amoA""[Title] OR ""ammonia monooxygenase subunit A""[Title]) AND ""Mediterraneibacter faecis""[Organism]"
Bilophila wadsworthia,Bilophila,Proteobacteria,amoA_AOB,0,,,"(""amoA""[Title] OR ""ammonia monooxygenase subunit A""[Title]) AND ""Bilophila wadsworthia""[Organism]"
Rikenella microfusus,Rikenella,Bacteroidota,amoA_AOB,0,,,"(""amoA""[Title] OR ""ammonia monooxygenase subunit A""[Title]) AND ""Rikenella microfusus""[Organism]"
Stackebrandtia nassauensis,Stackebrandtia,Actinobacteria,amoA_AOB,0,,,"(""amoA""[Title] OR ""ammonia monooxygenase subunit A""[Title]) AND ""Stackebrandtia nassauensis""[Organism]"
Stackebrandtia albiflava,Stackebrandtia,Actinobacteria,amoA_AOB,0,,,"(""amoA""[Title] OR ""ammonia monooxygenase subunit A""[Title]) AND ""Stackebrandtia albiflava""[Organism]"
Nocardiopsis synnemataformans,Nocardiopsis,Actinobacteria,amoA_AOB,0,,,"(""amoA""[Title] OR ""ammonia monooxygenase subunit A""[Title]) AND ""Nocardiopsis synnemataformans""[Organism]"
Staphylococcus debuckii,Staphylococcus,Firmicutes,amoA_AOB,0,,,"(""amoA""[Title] OR ""ammonia monooxygenase subunit A""[Title]) AND ""Staphylococcus debuckii""[Organism]"
Cytobacillus depressus,Cytobacillus,Firmicutes,amoA_AOB,0,,,"(""amoA""[Title] OR ""ammonia monooxygenase subunit A""[Title]) AND ""Cytobacillus depressus""[Organism]"
Alistipes senegalensis,Alistipes,Bacteroidota,amoA_AOB,0,,,"(""amoA""[Title] OR ""ammonia monooxygenase subunit A""[Title]) AND ""Alistipes senegalensis""[Organism]"
Levilactobacillus zymae,Levilactobacillus,Firmicutes,amoA_AOB,0,,,"(""amoA""[Title] OR ""ammonia monooxygenase subunit A""[Title]) AND ""Levilactobacillus zymae""[Organism]"
Corynebacterium occultum,Corynebacterium,Actinobacteria,amoA_AOB,0,,,"(""amoA""[Title] OR ""ammonia monooxygenase subunit A""[Title]) AND ""Corynebacterium occultum""[Organism]"
Blautia producta,Blautia,Firmicutes,amoA_AOB,0,,,"(""amoA""[Title] OR ""ammonia monooxygenase subunit A""[Title]) AND ""Blautia producta""[Organism]"
Companilactobacillus mindensis,Companilactobacillus,Firmicutes,amoA_AOB,0,,,"(""amoA""[Title] OR ""ammonia monooxygenase subunit A""[Title]) AND ""Companilactobacillus mindensis""[Organism]"
Tetragenococcus solitarius,Tetragenococcus,Firmicutes,amoA_AOB,0,,,"(""amoA""[Title] OR ""ammonia monooxygenase subunit A""[Title]) AND ""Tetragenococcus solitarius""[Organism]"
Tumebacillus ginsengisoli,Tumebacillus,Firmicutes,amoA_AOB,0,,,"(""amoA""[Title] OR ""ammonia monooxygenase subunit A""[Title]) AND ""Tumebacillus ginsengisoli""[Organism]"
Ammoniphilus resinae,Ammoniphilus,Firmicutes,amoA_AOB,0,,,"(""amoA""[Title] OR ""ammonia monooxygenase subunit A""[Title]) AND ""Ammoniphilus resinae""[Organism]"
Eisenbergiella tayi,Eisenbergiella,Firmicutes,amoA_AOB,0,,,"(""amoA""[Title] OR ""ammonia monooxygenase subunit A""[Title]) AND ""Eisenbergiella tayi""[Organism]"
Bacillus suaedae,Bacillus,Firmicutes,amoA_AOB,0,,,"(""amoA""[Title] OR ""ammonia monooxygenase subunit A""[Title]) AND ""Bacillus suaedae""[Organism]"
Saccharomonospora colocasiae,Saccharomonospora,Actinobacteria,amoA_AOB,0,,,"(""amoA""[Title] OR ""ammonia monooxygenase subunit A""[Title]) AND ""Saccharomonospora colocasiae""[Organism]"
Streptococcus lutetiensis,Streptococcus,Firmicutes,amoA_AOB,0,,,"(""amoA""[Title] OR ""ammonia monooxygenase subunit A""[Title]) AND ""Streptococcus lutetiensis""[Organism]"
Caldibacillus kokeshiiformis,Caldibacillus,Firmicutes,amoA_AOB,0,,,"(""amoA""[Title] OR ""ammonia monooxygenase subunit A""[Title]) AND ""Caldibacillus kokeshiiformis""[Organism]"
Pseudoglutamicibacter albus,Pseudoglutamicibacter,Actinobacteria,amoA_AOB,0,,,"(""amoA""[Title] OR ""ammonia monooxygenase subunit A""[Title]) AND ""Pseudoglutamicibacter albus""[Organism]"
[Lactobacillus] timonensis,Limosilactobacillus,Firmicutes,amoA_AOB,0,,,"(""amoA""[Title] OR ""ammonia monooxygenase subunit A""[Title]) AND ""[Lactobacillus] timonensis""[Organism]"
Phascolarctobacterium faecium,Phascolarctobacterium,Firmicutes,amoA_AOB,0,,,"(""amoA""[Title] OR ""ammonia monooxygenase subunit A""[Title]) AND ""Phascolarctobacterium faecium""[Organism]"
Anaerococcus vaginalis,Anaerococcus,Firmicutes,amoA_AOB,0,,,"(""amoA""[Title] OR ""ammonia monooxygenase subunit A""[Title]) AND ""Anaerococcus vaginalis""[Organism]"
Nitrosomonas stercoris,Nitrosomonas,Proteobacteria,amoA_AOB,1,BAO37042.1,"ammonia monooxygenase subunit A, partial [Nitrosomonas stercoris]","(""amoA""[Title] OR ""ammonia monooxygenase subunit A""[Title]) AND ""Nitrosomonas stercoris""[Organism]"
Staphylococcus epidermidis,Staphylococcus,Firmicutes,amoA_AOB,0,,,"(""amoA""[Title] OR ""ammonia monooxygenase subunit A""[Title]) AND ""Staphylococcus epidermidis""[Organism]"
Galbibacter marinus,Galbibacter,Bacteroidota,amoA_AOB,0,,,"(""amoA""[Title] OR ""ammonia monooxygenase subunit A""[Title]) AND ""Galbibacter marinus""[Organism]"
Haloactinopolyspora alkaliphila,Haloactinopolyspora,Actinobacteria,amoA_AOB,0,,,"(""amoA""[Title] OR ""ammonia monooxygenase subunit A""[Title]) AND ""Haloactinopolyspora alkaliphila""[Organism]"
Luteimonas yindakuii,Luteimonas,Proteobacteria,amoA_AOB,0,,,"(""amoA""[Title] OR ""ammonia monooxygenase subunit A""[Title]) AND ""Luteimonas yindakuii""[Organism]"
Flavonifractor plautii,Flavonifractor,Firmicutes,amoA_AOB,0,,,"(""amoA""[Title] OR ""ammonia monooxygenase subunit A""[Title]) AND ""Flavonifractor plautii""[Organism]"
Sporosarcina koreensis,Sporosarcina,Firmicutes,amoA_AOB,0,,,"(""amoA""[Title] OR ""ammonia monooxygenase subunit A""[Title]) AND ""Sporosarcina koreensis""[Organism]"
Companilactobacillus kimchii,Companilactobacillus,Firmicutes,amoA_AOB,0,,,"(""amoA""[Title] OR ""ammonia monooxygenase subunit A""[Title]) AND ""Companilactobacillus kimchii""[Organism]"
Cerasibacillus quisquiliarum,Cerasibacillus,Firmicutes,amoA_AOB,0,,,"(""amoA""[Title] OR ""ammonia monooxygenase subunit A""[Title]) AND ""Cerasibacillus quisquiliarum""[Organism]"
Saccharopolyspora gloriosae,Saccharopolyspora,Actinobacteria,amoA_AOB,0,,,"(""amoA""[Title] OR ""ammonia monooxygenase subunit A""[Title]) AND ""Saccharopolyspora gloriosae""[Organism]"
Phocaeicola faecicola,Phocaeicola,Bacteroidota,amoA_AOB,0,,,"(""amoA""[Title] OR ""ammonia monooxygenase subunit A""[Title]) AND ""Phocaeicola faecicola""[Organism]"
Brevibacterium pigmentatum,Brevibacterium,Actinobacteria,amoA_AOB,0,,,"(""amoA""[Title] OR ""ammonia monooxygenase subunit A""[Title]) AND ""Brevibacterium pigmentatum""[Organism]"
Siminovitchia acidinfaciens,Siminovitchia,Firmicutes,amoA_AOB,0,,,"(""amoA""[Title] OR ""ammonia monooxygenase subunit A""[Title]) AND ""Siminovitchia acidinfaciens""[Organism]"
Parabacteroides distasonis,Parabacteroides,Bacteroidota,amoA_AOB,0,,,"(""amoA""[Title] OR ""ammonia monooxygenase subunit A""[Title]) AND ""Parabacteroides distasonis""[Organism]"
Agathobaculum desmolans,Agathobaculum,Firmicutes,amoA_AOB,0,,,"(""amoA""[Title] OR ""ammonia monooxygenase subunit A""[Title]) AND ""Agathobaculum desmolans""[Organism]"
Escherichia coli,Escherichia,Proteobacteria,amoA_AOB,1,ASQ65679.1,AmoA domain containing protein [Escherichia coli NCCP15648],"(""amoA""[Title] OR ""ammonia monooxygenase subunit A""[Title]) AND ""Escherichia coli""[Organism]"
Blautia hydrogenotrophica,Blautia,Firmicutes,amoA_AOB,0,,,"(""amoA""[Title] OR ""ammonia monooxygenase subunit A""[Title]) AND ""Blautia hydrogenotrophica""[Organism]"
Bacteroides fragilis,Bacteroides,Bacteroidota,amoA_AOB,0,,,"(""amoA""[Title] OR ""ammonia monooxygenase subunit A""[Title]) AND ""Bacteroides fragilis""[Organism]"
Brevibacterium sanguinis,Brevibacterium,Actinobacteria,amoA_AOB,0,,,"(""amoA""[Title] OR ""ammonia monooxygenase subunit A""[Title]) AND ""Brevibacterium sanguinis""[Organism]"
Clostridium massiliodielmoense,Clostridium,Firmicutes,amoA_AOB,0,,,"(""amoA""[Title] OR ""ammonia monooxygenase subunit A""[Title]) AND ""Clostridium massiliodielmoense""[Organism]"
Paenalcaligenes niemegkensis,Paenalcaligenes,Proteobacteria,amoA_AOB,0,,,"(""amoA""[Title] OR ""ammonia monooxygenase subunit A""[Title]) AND ""Paenalcaligenes niemegkensis""[Organism]"
Stackebrandtia endophytica,Stackebrandtia,Actinobacteria,amoA_AOB,0,,,"(""amoA""[Title] OR ""ammonia monooxygenase subunit A""[Title]) AND ""Stackebrandtia endophytica""[Organism]"
Virgibacillus chiguensis,Virgibacillus,Firmicutes,amoA_AOB,0,,,"(""amoA""[Title] OR ""ammonia monooxygenase subunit A""[Title]) AND ""Virgibacillus chiguensis""[Organism]"
Bordetella bronchiseptica,Bordetella,Proteobacteria,amoA_AOB,0,,,"(""amoA""[Title] OR ""ammonia monooxygenase subunit A""[Title]) AND ""Bordetella bronchiseptica""[Organism]"
Oceanobacillus profundus,Oceanobacillus,Firmicutes,amoA_AOB,0,,,"(""amoA""[Title] OR ""ammonia monooxygenase subunit A""[Title]) AND ""Oceanobacillus profundus""[Organism]"
Bacteroides clarus,Bacteroides,Bacteroidota,amoA_AOB,0,,,"(""amoA""[Title] OR ""ammonia monooxygenase subunit A""[Title]) AND ""Bacteroides clarus""[Organism]"
Alkalihalobacillus nanhaiisediminis,Alkalihalobacillus,Firmicutes,amoA_AOB,0,,,"(""amoA""[Title] OR ""ammonia monooxygenase subunit A""[Title]) AND ""Alkalihalobacillus nanhaiisediminis""[Organism]"
Clostridium saudiense,Clostridium,Firmicutes,amoA_AOB,0,,,"(""amoA""[Title] OR ""ammonia monooxygenase subunit A""[Title]) AND ""Clostridium saudiense""[Organism]"
Glycomyces phytohabitans,Glycomyces,Actinobacteria,amoA_AOB,0,,,"(""amoA""[Title] OR ""ammonia monooxygenase subunit A""[Title]) AND ""Glycomyces phytohabitans""[Organism]"
Oceanobacillus picturae,Oceanobacillus,Firmicutes,amoA_AOB,0,,,"(""amoA""[Title] OR ""ammonia monooxygenase subunit A""[Title]) AND ""Oceanobacillus picturae""[Organism]"
Oceanobacillus zhaokaii,Oceanobacillus,Firmicutes,amoA_AOB,0,,,"(""amoA""[Title] OR ""ammonia monooxygenase subunit A""[Title]) AND ""Oceanobacillus zhaokaii""[Organism]"
Oceanobacillus kimchii,Oceanobacillus,Firmicutes,amoA_AOB,0,,,"(""amoA""[Title] OR ""ammonia monooxygenase subunit A""[Title]) AND ""Oceanobacillus kimchii""[Organism]"
Corynebacterium nuruki,Corynebacterium,Actinobacteria,amoA_AOB,0,,,"(""amoA""[Title] OR ""ammonia monooxygenase subunit A""[Title]) AND ""Corynebacterium nuruki""[Organism]"
Bacillus niameyensis,Bacillus,Firmicutes,amoA_AOB,0,,,"(""amoA""[Title] OR ""ammonia monooxygenase subunit A""[Title]) AND ""Bacillus niameyensis""[Organism]"
Corynebacterium maris,Corynebacterium,Actinobacteria,amoA_AOB,0,,,"(""amoA""[Title] OR ""ammonia monooxygenase subunit A""[Title]) AND ""Corynebacterium maris""[Organism]"
Brevibacterium permense,Brevibacterium,Actinobacteria,amoA_AOB,0,,,"(""amoA""[Title] OR ""ammonia monooxygenase subunit A""[Title]) AND ""Brevibacterium permense""[Organism]"
Blautia argi,Blautia,Firmicutes,amoA_AOB,0,,,"(""amoA""[Title] OR ""ammonia monooxygenase subunit A""[Title]) AND ""Blautia argi""[Organism]"
Arthrobacter senegalensis,Arthrobacter,Actinobacteria,amoA_AOB,0,,,"(""amoA""[Title] OR ""ammonia monooxygenase subunit A""[Title]) AND ""Arthrobacter senegalensis""[Organism]"
Mycolicibacter algericus,Mycolicibacter,Actinobacteria,amoA_AOB,0,,,"(""amoA""[Title] OR ""ammonia monooxygenase subunit A""[Title]) AND ""Mycolicibacter algericus""[Organism]"
Arthrobacter cavernae,Arthrobacter,Actinobacteria,amoA_AOB,0,,,"(""amoA""[Title] OR ""ammonia monooxygenase subunit A""[Title]) AND ""Arthrobacter cavernae""[Organism]"
Dysosmobacter welbionis,Dysosmobacter,Firmicutes,amoA_AOB,0,,,"(""amoA""[Title] OR ""ammonia monooxygenase subunit A""[Title]) AND ""Dysosmobacter welbionis""[Organism]"
Mycolicibacterium chitae,Mycolicibacterium,Actinobacteria,amoA_AOB,0,,,"(""amoA""[Title] OR ""ammonia monooxygenase subunit A""[Title]) AND ""Mycolicibacterium chitae""[Organism]"
Saccharomonospora azurea,Saccharomonospora,Actinobacteria,amoA_AOB,0,,,"(""amoA""[Title] OR ""ammonia monooxygenase subunit A""[Title]) AND ""Saccharomonospora azurea""[Organism]"
Paralcaligenes ginsengisoli,Paralcaligenes,Proteobacteria,amoA_AOB,0,,,"(""amoA""[Title] OR ""ammonia monooxygenase subunit A""[Title]) AND ""Paralcaligenes ginsengisoli""[Organism]"
Odoribacter splanchnicus,Odoribacter,Bacteroidota,amoA_AOB,0,,,"(""amoA""[Title] OR ""ammonia monooxygenase subunit A""[Title]) AND ""Odoribacter splanchnicus""[Organism]"
Campylobacter jejuni,Campylobacter,Proteobacteria,amoA_AOB,0,,,"(""amoA""[Title] OR ""ammonia monooxygenase subunit A""[Title]) AND ""Campylobacter jejuni""[Organism]"
Proteus mirabilis,Proteus,Proteobacteria,amoA_AOB,0,,,"(""amoA""[Title] OR ""ammonia monooxygenase subunit A""[Title]) AND ""Proteus mirabilis""[Organism]"
Dietzia cercidiphylli,Dietzia,Actinobacteria,amoA_AOB,0,,,"(""amoA""[Title] OR ""ammonia monooxygenase subunit A""[Title]) AND ""Dietzia cercidiphylli""[Organism]"
Paenarthrobacter nitroguajacolicus,Paenarthrobacter,Actinobacteria,amoA_AOB,0,,,"(""amoA""[Title] OR ""ammonia monooxygenase subunit A""[Title]) AND ""Paenarthrobacter nitroguajacolicus""[Organism]"
Alkaliphilus flagellatus,Alkaliphilus,Firmicutes,amoA_AOB,0,,,"(""amoA""[Title] OR ""ammonia monooxygenase subunit A""[Title]) AND ""Alkaliphilus flagellatus""[Organism]"
Alkalihalophilus pseudofirmus,Alkalihalophilus,Firmicutes,amoA_AOB,0,,,"(""amoA""[Title] OR ""ammonia monooxygenase subunit A""[Title]) AND ""Alkalihalophilus pseudofirmus""[Organism]"
Stackebrandtia soli,Stackebrandtia,Actinobacteria,amoA_AOB,0,,,"(""amoA""[Title] OR ""ammonia monooxygenase subunit A""[Title]) AND ""Stackebrandtia soli""[Organism]"
Brevibacterium ammoniilyticum,Brevibacterium,Actinobacteria,amoA_AOB,0,,,"(""amoA""[Title] OR ""ammonia monooxygenase subunit A""[Title]) AND ""Brevibacterium ammoniilyticum""[Organism]"
Tissierella praeacuta,Tissierella,Firmicutes,amoA_AOB,0,,,"(""amoA""[Title] OR ""ammonia monooxygenase subunit A""[Title]) AND ""Tissierella praeacuta""[Organism]"
Siminovitchia terrae,Siminovitchia,Firmicutes,amoA_AOB,0,,,"(""amoA""[Title] OR ""ammonia monooxygenase subunit A""[Title]) AND ""Siminovitchia terrae""[Organism]"
Lederbergia ruris,Lederbergia,Firmicutes,amoA_AOB,0,,,"(""amoA""[Title] OR ""ammonia monooxygenase subunit A""[Title]) AND ""Lederbergia ruris""[Organism]"
Paralcaligenes ureilyticus,Paralcaligenes,Proteobacteria,amoA_AOB,0,,,"(""amoA""[Title] OR ""ammonia monooxygenase subunit A""[Title]) AND ""Paralcaligenes ureilyticus""[Organism]"
Brevibacterium jeotgali,Brevibacterium,Actinobacteria,amoA_AOB,0,,,"(""amoA""[Title] OR ""ammonia monooxygenase subunit A""[Title]) AND ""Brevibacterium jeotgali""[Organism]"
Pseudoflavonifractor phocaeensis,Pseudoflavonifractor,Firmicutes,amoA_AOB,0,,,"(""amoA""[Title] OR ""ammonia monooxygenase subunit A""[Title]) AND ""Pseudoflavonifractor phocaeensis""[Organism]"
Faecalibacterium prausnitzii,Faecalibacterium,Firmicutes,amoA_AOB,0,,,"(""amoA""[Title] OR ""ammonia monooxygenase subunit A""[Title]) AND ""Faecalibacterium prausnitzii""[Organism]"
Anaeromassilibacillus senegalensis,Anaeromassilibacillus,Firmicutes,amoA_AOB,0,,,"(""amoA""[Title] OR ""ammonia monooxygenase subunit A""[Title]) AND ""Anaeromassilibacillus senegalensis""[Organism]"
Bacillus velezensis,Bacillus,Firmicutes,amoA_AOB,0,,,"(""amoA""[Title] OR ""ammonia monooxygenase subunit A""[Title]) AND ""Bacillus velezensis""[Organism]"
Sellimonas monacensis,Sellimonas,Firmicutes,amoA_AOB,0,,,"(""amoA""[Title] OR ""ammonia monooxygenase subunit A""[Title]) AND ""Sellimonas monacensis""[Organism]"
Bifidobacterium pseudolongum,Bifidobacterium,Actinobacteria,amoA_AOB,0,,,"(""amoA""[Title] OR ""ammonia monooxygenase subunit A""[Title]) AND ""Bifidobacterium pseudolongum""[Organism]"
Geofilum rhodophaeum,Geofilum,Bacteroidota,amoA_AOB,0,,,"(""amoA""[Title] OR ""ammonia monooxygenase subunit A""[Title]) AND ""Geofilum rhodophaeum""[Organism]"
Levilactobacillus fuyuanensis,Levilactobacillus,Firmicutes,amoA_AOB,0,,,"(""amoA""[Title] OR ""ammonia monooxygenase subunit A""[Title]) AND ""Levilactobacillus fuyuanensis""[Organism]"
Dietzia cinnamea,Dietzia,Actinobacteria,amoA_AOB,0,,,"(""amoA""[Title] OR ""ammonia monooxygenase subunit A""[Title]) AND ""Dietzia cinnamea""[Organism]"
Sphingobacterium lactis,Sphingobacterium,Bacteroidota,amoA_AOB,0,,,"(""amoA""[Title] OR ""ammonia monooxygenase subunit A""[Title]) AND ""Sphingobacterium lactis""[Organism]"
Rhodococcus phenolicus,Rhodococcus,Actinobacteria,amoA_AOB,0,,,"(""amoA""[Title] OR ""ammonia monooxygenase subunit A""[Title]) AND ""Rhodococcus phenolicus""[Organism]"
Mycolicibacillus trivialis,Mycolicibacillus,Actinobacteria,amoA_AOB,0,,,"(""amoA""[Title] OR ""ammonia monooxygenase subunit A""[Title]) AND ""Mycolicibacillus trivialis""[Organism]"
Oceanicella actignis,Oceanicella,Proteobacteria,amoA_AOB,0,,,"(""amoA""[Title] OR ""ammonia monooxygenase subunit A""[Title]) AND ""Oceanicella actignis""[Organism]"
Leucobacter weissii,Leucobacter,Actinobacteria,amoA_AOB,0,,,"(""amoA""[Title] OR ""ammonia monooxygenase subunit A""[Title]) AND ""Leucobacter weissii""[Organism]"
Savagea serpentis,Savagea,Firmicutes,amoA_AOB,0,,,"(""amoA""[Title] OR ""ammonia monooxygenase subunit A""[Title]) AND ""Savagea serpentis""[Organism]"
Jiangella aurantiaca,Jiangella,Actinobacteria,amoA_AOB,0,,,"(""amoA""[Title] OR ""ammonia monooxygenase subunit A""[Title]) AND ""Jiangella aurantiaca""[Organism]"
Arthrobacter crystallopoietes,Arthrobacter,Actinobacteria,amoA_AOB,0,,,"(""amoA""[Title] OR ""ammonia monooxygenase subunit A""[Title]) AND ""Arthrobacter crystallopoietes""[Organism]"
Virgibacillus soli,Virgibacillus,Firmicutes,amoA_AOB,0,,,"(""amoA""[Title] OR ""ammonia monooxygenase subunit A""[Title]) AND ""Virgibacillus soli""[Organism]"
Paenalcaligenes suwonensis,Paenalcaligenes,Proteobacteria,amoA_AOB,0,,,"(""amoA""[Title] OR ""ammonia monooxygenase subunit A""[Title]) AND ""Paenalcaligenes suwonensis""[Organism]"
Enterococcus alishanensis,Enterococcus,Firmicutes,amoA_AOB,0,,,"(""amoA""[Title] OR ""ammonia monooxygenase subunit A""[Title]) AND ""Enterococcus alishanensis""[Organism]"
Brachybacterium horti,Brachybacterium,Actinobacteria,amoA_AOB,0,,,"(""amoA""[Title] OR ""ammonia monooxygenase subunit A""[Title]) AND ""Brachybacterium horti""[Organism]"
Virgibacillus sediminis,Virgibacillus,Firmicutes,amoA_AOB,0,,,"(""amoA""[Title] OR ""ammonia monooxygenase subunit A""[Title]) AND ""Virgibacillus sediminis""[Organism]"
Lactiplantibacillus modestisalitolerans,Lactiplantibacillus,Firmicutes,amoA_AOB,0,,,"(""amoA""[Title] OR ""ammonia monooxygenase subunit A""[Title]) AND ""Lactiplantibacillus modestisalitolerans""[Organism]"
Dietzia massiliensis,Dietzia,Actinobacteria,amoA_AOB,0,,,"(""amoA""[Title] OR ""ammonia monooxygenase subunit A""[Title]) AND ""Dietzia massiliensis""[Organism]"
Brachybacterium ginsengisoli,Brachybacterium,Actinobacteria,amoA_AOB,0,,,"(""amoA""[Title] OR ""ammonia monooxygenase subunit A""[Title]) AND ""Brachybacterium ginsengisoli""[Organism]"
Alcaligenes faecalis,Alcaligenes,Proteobacteria,amoA_AOB,0,,,"(""amoA""[Title] OR ""ammonia monooxygenase subunit A""[Title]) AND ""Alcaligenes faecalis""[Organism]"
Kurthia populi,Kurthia,Firmicutes,amoA_AOB,0,,,"(""amoA""[Title] OR ""ammonia monooxygenase subunit A""[Title]) AND ""Kurthia populi""[Organism]"
Fredinandcohnia humi,Fredinandcohnia,Firmicutes,amoA_AOB,0,,,"(""amoA""[Title] OR ""ammonia monooxygenase subunit A""[Title]) AND ""Fredinandcohnia humi""[Organism]"
Jeotgalicoccus psychrophilus,Jeotgalicoccus,Firmicutes,amoA_AOB,0,,,"(""amoA""[Title] OR ""ammonia monooxygenase subunit A""[Title]) AND ""Jeotgalicoccus psychrophilus""[Organism]"
Methylocystis echinoides,Methylocystis,Proteobacteria,amoA_AOB,6,WP_363345981.1,"MULTISPECIES: bacterial ammonia monooxygenase, subunit AmoA [Methylocystis]","(""amoA""[Title] OR ""ammonia monooxygenase subunit A""[Title]) AND ""Methylocystis echinoides""[Organism]"
Paludisphaera borealis,Paludisphaera,Planctomycetota,amoA_AOB,0,,,"(""amoA""[Title] OR ""ammonia monooxygenase subunit A""[Title]) AND ""Paludisphaera borealis""[Organism]"
Evtepia gabavorous,Evtepia,Firmicutes,amoA_AOB,0,,,"(""amoA""[Title] OR ""ammonia monooxygenase subunit A""[Title]) AND ""Evtepia gabavorous""[Organism]"
Pueribacillus theae,Pueribacillus,Firmicutes,amoA_AOB,0,,,"(""amoA""[Title] OR ""ammonia monooxygenase subunit A""[Title]) AND ""Pueribacillus theae""[Organism]"
Fundicoccus fermenti,Fundicoccus,Firmicutes,amoA_AOB,0,,,"(""amoA""[Title] OR ""ammonia monooxygenase subunit A""[Title]) AND ""Fundicoccus fermenti""[Organism]"
Merdibacter massiliensis,Merdibacter,Firmicutes,amoA_AOB,0,,,"(""amoA""[Title] OR ""ammonia monooxygenase subunit A""[Title]) AND ""Merdibacter massiliensis""[Organism]"
Companilactobacillus musae,Companilactobacillus,Firmicutes,amoA_AOB,0,,,"(""amoA""[Title] OR ""ammonia monooxygenase subunit A""[Title]) AND ""Companilactobacillus musae""[Organism]"
Oceanobacillus oncorhynchi,Oceanobacillus,Firmicutes,amoA_AOB,0,,,"(""amoA""[Title] OR ""ammonia monooxygenase subunit A""[Title]) AND ""Oceanobacillus oncorhynchi""[Organism]"
Intestinimonas timonensis,Intestinimonas,Firmicutes,amoA_AOB,0,,,"(""amoA""[Title] OR ""ammonia monooxygenase subunit A""[Title]) AND ""Intestinimonas timonensis""[Organism]"
Brachybacterium aquaticum,Brachybacterium,Actinobacteria,amoA_AOB,0,,,"(""amoA""[Title] OR ""ammonia monooxygenase subunit A""[Title]) AND ""Brachybacterium aquaticum""[Organism]"
Streptomyces mimosae,Streptomyces,Actinobacteria,amoA_AOB,0,,,"(""amoA""[Title] OR ""ammonia monooxygenase subunit A""[Title]) AND ""Streptomyces mimosae""[Organism]"
Aeromicrobium phragmitis,Aeromicrobium,Actinobacteria,amoA_AOB,0,,,"(""amoA""[Title] OR ""ammonia monooxygenase subunit A""[Title]) AND ""Aeromicrobium phragmitis""[Organism]"
Bacteroides coprosuis,Bacteroides,Bacteroidota,amoA_AOB,0,,,"(""amoA""[Title] OR ""ammonia monooxygenase subunit A""[Title]) AND ""Bacteroides coprosuis""[Organism]"
Actinomadura violacea,Actinomadura,Actinobacteria,amoA_AOB,0,,,"(""amoA""[Title] OR ""ammonia monooxygenase subunit A""[Title]) AND ""Actinomadura violacea""[Organism]"
Arthrobacter celericrescens,Arthrobacter,Actinobacteria,amoA_AOB,0,,,"(""amoA""[Title] OR ""ammonia monooxygenase subunit A""[Title]) AND ""Arthrobacter celericrescens""[Organism]"
Enterococcus mediterraneensis,Enterococcus,Firmicutes,amoA_AOB,0,,,"(""amoA""[Title] OR ""ammonia monooxygenase subunit A""[Title]) AND ""Enterococcus mediterraneensis""[Organism]"
Clostridium magnum,Clostridium,Firmicutes,amoA_AOB,0,,,"(""amoA""[Title] OR ""ammonia monooxygenase subunit A""[Title]) AND ""Clostridium magnum""[Organism]"
Halomonas tibetensis,Halomonas,Proteobacteria,amoA_AOB,0,,,"(""amoA""[Title] OR ""ammonia monooxygenase subunit A""[Title]) AND ""Halomonas tibetensis""[Organism]"
Miltoncostaea oceani,Miltoncostaea,Actinobacteria,amoA_AOB,0,,,"(""amoA""[Title] OR ""ammonia monooxygenase subunit A""[Title]) AND ""Miltoncostaea oceani""[Organism]"
Nocardia nova,Nocardia,Actinobacteria,amoA_AOB,0,,,"(""amoA""[Title] OR ""ammonia monooxygenase subunit A""[Title]) AND ""Nocardia nova""[Organism]"
Actinomadura geliboluensis,Actinomadura,Actinobacteria,amoA_AOB,0,,,"(""amoA""[Title] OR ""ammonia monooxygenase subunit A""[Title]) AND ""Actinomadura geliboluensis""[Organism]"
Halalkalibacterium halodurans,Halalkalibacterium (ex Joshi et al. 2022),Firmicutes,amoA_AOB,0,,,"(""amoA""[Title] OR ""ammonia monooxygenase subunit A""[Title]) AND ""Halalkalibacterium halodurans""[Organism]"
Oceanobacillus halophilus,Oceanobacillus,Firmicutes,amoA_AOB,0,,,"(""amoA""[Title] OR ""ammonia monooxygenase subunit A""[Title]) AND ""Oceanobacillus halophilus""[Organism]"
Staphylococcus devriesei,Staphylococcus,Firmicutes,amoA_AOB,0,,,"(""amoA""[Title] OR ""ammonia monooxygenase subunit A""[Title]) AND ""Staphylococcus devriesei""[Organism]"
Enterococcus ratti,Enterococcus,Firmicutes,amoA_AOB,0,,,"(""amoA""[Title] OR ""ammonia monooxygenase subunit A""[Title]) AND ""Enterococcus ratti""[Organism]"
Streptococcus macedonicus,Streptococcus,Firmicutes,amoA_AOB,0,,,"(""amoA""[Title] OR ""ammonia monooxygenase subunit A""[Title]) AND ""Streptococcus macedonicus""[Organism]"
Anaerococcus provencensis,Anaerococcus,Firmicutes,amoA_AOB,0,,,"(""amoA""[Title] OR ""ammonia monooxygenase subunit A""[Title]) AND ""Anaerococcus provencensis""[Organism]"
Saccharomonospora glauca,Saccharomonospora,Actinobacteria,amoA_AOB,0,,,"(""amoA""[Title] OR ""ammonia monooxygenase subunit A""[Title]) AND ""Saccharomonospora glauca""[Organism]"
Neobacillus cucumis,Neobacillus,Firmicutes,amoA_AOB,0,,,"(""amoA""[Title] OR ""ammonia monooxygenase subunit A""[Title]) AND ""Neobacillus cucumis""[Organism]"
Neobacillus endophyticus,Neobacillus,Firmicutes,amoA_AOB,0,,,"(""amoA""[Title] OR ""ammonia monooxygenase subunit A""[Title]) AND ""Neobacillus endophyticus""[Organism]"
Leucobacter soli,Leucobacter,Actinobacteria,amoA_AOB,0,,,"(""amoA""[Title] OR ""ammonia monooxygenase subunit A""[Title]) AND ""Leucobacter soli""[Organism]"
Neobacillus niacini,Neobacillus,Firmicutes,amoA_AOB,0,,,"(""amoA""[Title] OR ""ammonia monooxygenase subunit A""[Title]) AND ""Neobacillus niacini""[Organism]"
Parapedobacter soli,Parapedobacter,Bacteroidota,amoA_AOB,0,,,"(""amoA""[Title] OR ""ammonia monooxygenase subunit A""[Title]) AND ""Parapedobacter soli""[Organism]"
Sporosarcina jiandibaonis,Sporosarcina,Firmicutes,amoA_AOB,0,,,"(""amoA""[Title] OR ""ammonia monooxygenase subunit A""[Title]) AND ""Sporosarcina jiandibaonis""[Organism]"
Pusillibacter faecalis,Pusillibacter,Firmicutes,amoA_AOB,0,,,"(""amoA""[Title] OR ""ammonia monooxygenase subunit A""[Title]) AND ""Pusillibacter faecalis""[Organism]"
Priestia flexa,Priestia,Firmicutes,amoA_AOB,0,,,"(""amoA""[Title] OR ""ammonia monooxygenase subunit A""[Title]) AND ""Priestia flexa""[Organism]"
Akkermansia muciniphila,Akkermansia,Verrucomicrobia,amoA_AOB,0,,,"(""amoA""[Title] OR ""ammonia monooxygenase subunit A""[Title]) AND ""Akkermansia muciniphila""[Organism]"
Bacillus rhizoplanae,Bacillus,Firmicutes,amoA_AOB,0,,,"(""amoA""[Title] OR ""ammonia monooxygenase subunit A""[Title]) AND ""Bacillus rhizoplanae""[Organism]"
Nocardiopsis exhalans,Nocardiopsis,Actinobacteria,amoA_AOB,0,,,"(""amoA""[Title] OR ""ammonia monooxygenase subunit A""[Title]) AND ""Nocardiopsis exhalans""[Organism]"
Castellaniella fermenti,Castellaniella,Proteobacteria,amoA_AOB,0,,,"(""amoA""[Title] OR ""ammonia monooxygenase subunit A""[Title]) AND ""Castellaniella fermenti""[Organism]"
Roseburia lenta,Roseburia,Firmicutes,amoA_AOB,0,,,"(""amoA""[Title] OR ""ammonia monooxygenase subunit A""[Title]) AND ""Roseburia lenta""[Organism]"
Oligella ureolytica,Oligella,Proteobacteria,amoA_AOB,0,,,"(""amoA""[Title] OR ""ammonia monooxygenase subunit A""[Title]) AND ""Oligella ureolytica""[Organism]"
Alistipes timonensis,Alistipes,Bacteroidota,amoA_AOB,0,,,"(""amoA""[Title] OR ""ammonia monooxygenase subunit A""[Title]) AND ""Alistipes timonensis""[Organism]"
Romboutsia sedimentorum,Romboutsia,Firmicutes,amoA_AOB,0,,,"(""amoA""[Title] OR ""ammonia monooxygenase subunit A""[Title]) AND ""Romboutsia sedimentorum""[Organism]"
Companilactobacillus kedongensis,Companilactobacillus,Firmicutes,amoA_AOB,0,,,"(""amoA""[Title] OR ""ammonia monooxygenase subunit A""[Title]) AND ""Companilactobacillus kedongensis""[Organism]"
Pseudarthrobacter chlorophenolicus,Pseudarthrobacter,Actinobacteria,amoA_AOB,0,,,"(""amoA""[Title] OR ""ammonia monooxygenase subunit A""[Title]) AND ""Pseudarthrobacter chlorophenolicus""[Organism]"
Clostridium novyi,Clostridium,Firmicutes,amoA_AOB,0,,,"(""amoA""[Title] OR ""ammonia monooxygenase subunit A""[Title]) AND ""Clostridium novyi""[Organism]"
Prauserella soli,Prauserella,Actinobacteria,amoA_AOB,0,,,"(""amoA""[Title] OR ""ammonia monooxygenase subunit A""[Title]) AND ""Prauserella soli""[Organism]"
Actinomyces urinae,Actinomyces,Actinobacteria,amoA_AOB,0,,,"(""amoA""[Title] OR ""ammonia monooxygenase subunit A""[Title]) AND ""Actinomyces urinae""[Organism]"
Bacillus subtilis,Bacillus,Firmicutes,amoA_AOB,0,,,"(""amoA""[Title] OR ""ammonia monooxygenase subunit A""[Title]) AND ""Bacillus subtilis""[Organism]"
Ruania alkalisoli,Ruania,Actinobacteria,amoA_AOB,0,,,"(""amoA""[Title] OR ""ammonia monooxygenase subunit A""[Title]) AND ""Ruania alkalisoli""[Organism]"
Butyricicoccus porcorum,Butyricicoccus,Firmicutes,amoA_AOB,0,,,"(""amoA""[Title] OR ""ammonia monooxygenase subunit A""[Title]) AND ""Butyricicoccus porcorum""[Organism]"
Streptococcus vicugnae,Streptococcus,Firmicutes,amoA_AOB,0,,,"(""amoA""[Title] OR ""ammonia monooxygenase subunit A""[Title]) AND ""Streptococcus vicugnae""[Organism]"
Lacrimispora amygdalina,Lacrimispora,Firmicutes,amoA_AOB,0,,,"(""amoA""[Title] OR ""ammonia monooxygenase subunit A""[Title]) AND ""Lacrimispora amygdalina""[Organism]"
Brevibacterium pityocampae,Brevibacterium,Actinobacteria,amoA_AOB,0,,,"(""amoA""[Title] OR ""ammonia monooxygenase subunit A""[Title]) AND ""Brevibacterium pityocampae""[Organism]"
Neobacillus bataviensis,Neobacillus,Firmicutes,amoA_AOB,0,,,"(""amoA""[Title] OR ""ammonia monooxygenase subunit A""[Title]) AND ""Neobacillus bataviensis""[Organism]"
Enterococcus dispar,Enterococcus,Firmicutes,amoA_AOB,0,,,"(""amoA""[Title] OR ""ammonia monooxygenase subunit A""[Title]) AND ""Enterococcus dispar""[Organism]"
Georgenia daeguensis,Georgenia,Actinobacteria,amoA_AOB,0,,,"(""amoA""[Title] OR ""ammonia monooxygenase subunit A""[Title]) AND ""Georgenia daeguensis""[Organism]"
Corynebacterium jeikeium,Corynebacterium,Actinobacteria,amoA_AOB,0,,,"(""amoA""[Title] OR ""ammonia monooxygenase subunit A""[Title]) AND ""Corynebacterium jeikeium""[Organism]"
Intestinibacter bartlettii,Intestinibacter,Firmicutes,amoA_AOB,0,,,"(""amoA""[Title] OR ""ammonia monooxygenase subunit A""[Title]) AND ""Intestinibacter bartlettii""[Organism]"
Mycolicibacterium sphagni,Mycolicibacterium,Actinobacteria,amoA_AOB,0,,,"(""amoA""[Title] OR ""ammonia monooxygenase subunit A""[Title]) AND ""Mycolicibacterium sphagni""[Organism]"
Schinkia azotoformans,Schinkia,Firmicutes,amoA_AOB,0,,,"(""amoA""[Title] OR ""ammonia monooxygenase subunit A""[Title]) AND ""Schinkia azotoformans""[Organism]"
Croceibacterium xixiisoli,Croceibacterium,Proteobacteria,amoA_AOB,0,,,"(""amoA""[Title] OR ""ammonia monooxygenase subunit A""[Title]) AND ""Croceibacterium xixiisoli""[Organism]"
Arthrobacter pascens,Arthrobacter,Actinobacteria,amoA_AOB,0,,,"(""amoA""[Title] OR ""ammonia monooxygenase subunit A""[Title]) AND ""Arthrobacter pascens""[Organism]"
Butyricimonas faecihominis,Butyricimonas,Bacteroidota,amoA_AOB,0,,,"(""amoA""[Title] OR ""ammonia monooxygenase subunit A""[Title]) AND ""Butyricimonas faecihominis""[Organism]"
Priestia megaterium,Priestia,Firmicutes,amoA_AOB,0,,,"(""amoA""[Title] OR ""ammonia monooxygenase subunit A""[Title]) AND ""Priestia megaterium""[Organism]"
Nonomuraea harbinensis,Nonomuraea,Actinobacteria,amoA_AOB,0,,,"(""amoA""[Title] OR ""ammonia monooxygenase subunit A""[Title]) AND ""Nonomuraea harbinensis""[Organism]"
Blautia hansenii,Blautia,Firmicutes,amoA_AOB,0,,,"(""amoA""[Title] OR ""ammonia monooxygenase subunit A""[Title]) AND ""Blautia hansenii""[Organism]"
Streptomyces sedi,Streptomyces,Actinobacteria,amoA_AOB,0,,,"(""amoA""[Title] OR ""ammonia monooxygenase subunit A""[Title]) AND ""Streptomyces sedi""[Organism]"
Blautia coccoides,Blautia,Firmicutes,amoA_AOB,0,,,"(""amoA""[Title] OR ""ammonia monooxygenase subunit A""[Title]) AND ""Blautia coccoides""[Organism]"
Ornithinimicrobium cavernae,Ornithinimicrobium,Actinobacteria,amoA_AOB,0,,,"(""amoA""[Title] OR ""ammonia monooxygenase subunit A""[Title]) AND ""Ornithinimicrobium cavernae""[Organism]"
Alkalibaculum bacchi,Alkalibaculum,Firmicutes,amoA_AOB,0,,,"(""amoA""[Title] OR ""ammonia monooxygenase subunit A""[Title]) AND ""Alkalibaculum bacchi""[Organism]"
Anaerostipes hadrus,Anaerostipes,Firmicutes,amoA_AOB,0,,,"(""amoA""[Title] OR ""ammonia monooxygenase subunit A""[Title]) AND ""Anaerostipes hadrus""[Organism]"
Corynebacterium parakroppenstedtii,Corynebacterium,Actinobacteria,amoA_AOB,0,,,"(""amoA""[Title] OR ""ammonia monooxygenase subunit A""[Title]) AND ""Corynebacterium parakroppenstedtii""[Organism]"
Eubacterium coprostanoligenes,Eubacterium,Firmicutes,amoA_AOB,0,,,"(""amoA""[Title] OR ""ammonia monooxygenase subunit A""[Title]) AND ""Eubacterium coprostanoligenes""[Organism]"
Actinomadura hallensis,Actinomadura,Actinobacteria,amoA_AOB,0,,,"(""amoA""[Title] OR ""ammonia monooxygenase subunit A""[Title]) AND ""Actinomadura hallensis""[Organism]"
Flintibacter butyricus,Flintibacter,Firmicutes,amoA_AOB,0,,,"(""amoA""[Title] OR ""ammonia monooxygenase subunit A""[Title]) AND ""Flintibacter butyricus""[Organism]"
Oceanobacillus iheyensis,Oceanobacillus,Firmicutes,amoA_AOB,0,,,"(""amoA""[Title] OR ""ammonia monooxygenase subunit A""[Title]) AND ""Oceanobacillus iheyensis""[Organism]"
Arthrobacter silvisoli,Arthrobacter,Actinobacteria,amoA_AOB,0,,,"(""amoA""[Title] OR ""ammonia monooxygenase subunit A""[Title]) AND ""Arthrobacter silvisoli""[Organism]"
Lactobacillus kitasatonis,Lactobacillus,Firmicutes,amoA_AOB,0,,,"(""amoA""[Title] OR ""ammonia monooxygenase subunit A""[Title]) AND ""Lactobacillus kitasatonis""[Organism]"
Alkalihalobacillus hemicellulosilyticus,Alkalihalobacillus,Firmicutes,amoA_AOB,0,,,"(""amoA""[Title] OR ""ammonia monooxygenase subunit A""[Title]) AND ""Alkalihalobacillus hemicellulosilyticus""[Organism]"
Nocardiopsis ganjiahuensis,Nocardiopsis,Actinobacteria,amoA_AOB,0,,,"(""amoA""[Title] OR ""ammonia monooxygenase subunit A""[Title]) AND ""Nocardiopsis ganjiahuensis""[Organism]"
Carnobacterium mobile,Carnobacterium,Firmicutes,amoA_AOB,0,,,"(""amoA""[Title] OR ""ammonia monooxygenase subunit A""[Title]) AND ""Carnobacterium mobile""[Organism]"
Staphylococcus chromogenes,Staphylococcus,Firmicutes,amoA_AOB,0,,,"(""amoA""[Title] OR ""ammonia monooxygenase subunit A""[Title]) AND ""Staphylococcus chromogenes""[Organism]"
Ornithinibacillus bavariensis,Ornithinibacillus,Firmicutes,amoA_AOB,0,,,"(""amoA""[Title] OR ""ammonia monooxygenase subunit A""[Title]) AND ""Ornithinibacillus bavariensis""[Organism]"
Levilactobacillus enshiensis,Levilactobacillus,Firmicutes,amoA_AOB,-1,ERROR: Remote end closed connection without response,,"(""amoA""[Title] OR ""ammonia monooxygenase subunit A""[Title]) AND ""Levilactobacillus enshiensis""[Organism]"
