species,genus,phylum,gene_target,hit_count,best_accession,best_title,query
Atopostipes suicloacalis,Atopostipes,Firmicutes,nirS,0,,,"(""nirS""[Title] OR ""cytochrome cd1 nitrite reductase""[Title] OR ""nitrite reductase, cytochrome cd1""[Title]) AND ""Atopostipes suicloacalis""[Organism]"
Brachybacterium faecium,Brachybacterium,Actinobacteria,nirS,0,,,"(""nirS""[Title] OR ""cytochrome cd1 nitrite reductase""[Title] OR ""nitrite reductase, cytochrome cd1""[Title]) AND ""Brachybacterium faecium""[Organism]"
Yaniella halotolerans,Yaniella,Actinobacteria,nirS,0,,,"(""nirS""[Title] OR ""cytochrome cd1 nitrite reductase""[Title] OR ""nitrite reductase, cytochrome cd1""[Title]) AND ""Yaniella halotolerans""[Organism]"
Nocardiopsis algeriensis,Nocardiopsis,Actinobacteria,nirS,0,,,"(""nirS""[Title] OR ""cytochrome cd1 nitrite reductase""[Title] OR ""nitrite reductase, cytochrome cd1""[Title]) AND ""Nocardiopsis algeriensis""[Organism]"
Nosocomiicoccus ampullae,Nosocomiicoccus,Firmicutes,nirS,0,,,"(""nirS""[Title] OR ""cytochrome cd1 nitrite reductase""[Title] OR ""nitrite reductase, cytochrome cd1""[Title]) AND ""Nosocomiicoccus ampullae""[Organism]"
Ligilactobacillus pobuzihii,Ligilactobacillus,Firmicutes,nirS,0,,,"(""nirS""[Title] OR ""cytochrome cd1 nitrite reductase""[Title] OR ""nitrite reductase, cytochrome cd1""[Title]) AND ""Ligilactobacillus pobuzihii""[Organism]"
Staphylococcus ureilyticus,Staphylococcus,Firmicutes,nirS,0,,,"(""nirS""[Title] OR ""cytochrome cd1 nitrite reductase""[Title] OR ""nitrite reductase, cytochrome cd1""[Title]) AND ""Staphylococcus ureilyticus""[Organism]"
Pseudogracilibacillus auburnensis,Pseudogracilibacillus,Firmicutes,nirS,0,,,"(""nirS""[Title] OR ""cytochrome cd1 nitrite reductase""[Title] OR ""nitrite reductase, cytochrome cd1""[Title]) AND ""Pseudogracilibacillus auburnensis""[Organism]"
Ligilactobacillus salivarius,Ligilactobacillus,Firmicutes,nirS,0,,,"(""nirS""[Title] OR ""cytochrome cd1 nitrite reductase""[Title] OR ""nitrite reductase, cytochrome cd1""[Title]) AND ""Ligilactobacillus salivarius""[Organism]"
Jeotgalicoccus meleagridis,Jeotgalicoccus,Firmicutes,nirS,0,,,"(""nirS""[Title] OR ""cytochrome cd1 nitrite reductase""[Title] OR ""nitrite reductase, cytochrome cd1""[Title]) AND ""Jeotgalicoccus meleagridis""[Organism]"
Corynebacterium stationis,Corynebacterium,Actinobacteria,nirS,0,,,"(""nirS""[Title] OR ""cytochrome cd1 nitrite reductase""[Title] OR ""nitrite reductase, cytochrome cd1""[Title]) AND ""Corynebacterium stationis""[Organism]"
Nocardiopsis lucentensis,Nocardiopsis,Actinobacteria,nirS,0,,,"(""nirS""[Title] OR ""cytochrome cd1 nitrite reductase""[Title] OR ""nitrite reductase, cytochrome cd1""[Title]) AND ""Nocardiopsis lucentensis""[Organism]"
Jeotgalicoccus halotolerans,Jeotgalicoccus,Firmicutes,nirS,0,,,"(""nirS""[Title] OR ""cytochrome cd1 nitrite reductase""[Title] OR ""nitrite reductase, cytochrome cd1""[Title]) AND ""Jeotgalicoccus halotolerans""[Organism]"
Brachybacterium saurashtrense,Brachybacterium,Actinobacteria,nirS,0,,,"(""nirS""[Title] OR ""cytochrome cd1 nitrite reductase""[Title] OR ""nitrite reductase, cytochrome cd1""[Title]) AND ""Brachybacterium saurashtrense""[Organism]"
Ornithinibacillus gellani,Ornithinibacillus,Firmicutes,nirS,0,,,"(""nirS""[Title] OR ""cytochrome cd1 nitrite reductase""[Title] OR ""nitrite reductase, cytochrome cd1""[Title]) AND ""Ornithinibacillus gellani""[Organism]"
Salinicoccus kunmingensis,Salinicoccus,Firmicutes,nirS,0,,,"(""nirS""[Title] OR ""cytochrome cd1 nitrite reductase""[Title] OR ""nitrite reductase, cytochrome cd1""[Title]) AND ""Salinicoccus kunmingensis""[Organism]"
Mammaliicoccus lentus,Mammaliicoccus,Firmicutes,nirS,0,,,"(""nirS""[Title] OR ""cytochrome cd1 nitrite reductase""[Title] OR ""nitrite reductase, cytochrome cd1""[Title]) AND ""Mammaliicoccus lentus""[Organism]"
Nocardiopsis nikkonensis,Nocardiopsis,Actinobacteria,nirS,0,,,"(""nirS""[Title] OR ""cytochrome cd1 nitrite reductase""[Title] OR ""nitrite reductase, cytochrome cd1""[Title]) AND ""Nocardiopsis nikkonensis""[Organism]"
Lactobacillus crispatus,Lactobacillus,Firmicutes,nirS,0,,,"(""nirS""[Title] OR ""cytochrome cd1 nitrite reductase""[Title] OR ""nitrite reductase, cytochrome cd1""[Title]) AND ""Lactobacillus crispatus""[Organism]"
Nocardiopsis halotolerans,Nocardiopsis,Actinobacteria,nirS,0,,,"(""nirS""[Title] OR ""cytochrome cd1 nitrite reductase""[Title] OR ""nitrite reductase, cytochrome cd1""[Title]) AND ""Nocardiopsis halotolerans""[Organism]"
Pseudogracilibacillus marinus,Pseudogracilibacillus,Firmicutes,nirS,0,,,"(""nirS""[Title] OR ""cytochrome cd1 nitrite reductase""[Title] OR ""nitrite reductase, cytochrome cd1""[Title]) AND ""Pseudogracilibacillus marinus""[Organism]"
Lactobacillus gallinarum,Lactobacillus,Firmicutes,nirS,0,,,"(""nirS""[Title] OR ""cytochrome cd1 nitrite reductase""[Title] OR ""nitrite reductase, cytochrome cd1""[Title]) AND ""Lactobacillus gallinarum""[Organism]"
Romboutsia ilealis,Romboutsia,Firmicutes,nirS,0,,,"(""nirS""[Title] OR ""cytochrome cd1 nitrite reductase""[Title] OR ""nitrite reductase, cytochrome cd1""[Title]) AND ""Romboutsia ilealis""[Organism]"
Lactobacillus johnsonii,Lactobacillus,Firmicutes,nirS,0,,,"(""nirS""[Title] OR ""cytochrome cd1 nitrite reductase""[Title] OR ""nitrite reductase, cytochrome cd1""[Title]) AND ""Lactobacillus johnsonii""[Organism]"
Nocardiopsis salina,Nocardiopsis,Actinobacteria,nirS,0,,,"(""nirS""[Title] OR ""cytochrome cd1 nitrite reductase""[Title] OR ""nitrite reductase, cytochrome cd1""[Title]) AND ""Nocardiopsis salina""[Organism]"
Salinicoccus carnicancri,Salinicoccus,Firmicutes,nirS,0,,,"(""nirS""[Title] OR ""cytochrome cd1 nitrite reductase""[Title] OR ""nitrite reductase, cytochrome cd1""[Title]) AND ""Salinicoccus carnicancri""[Organism]"
Anaerococcus obesiensis,Anaerococcus,Firmicutes,nirS,0,,,"(""nirS""[Title] OR ""cytochrome cd1 nitrite reductase""[Title] OR ""nitrite reductase, cytochrome cd1""[Title]) AND ""Anaerococcus obesiensis""[Organism]"
Weissella jogaejeotgali,Weissella,Firmicutes,nirS,0,,,"(""nirS""[Title] OR ""cytochrome cd1 nitrite reductase""[Title] OR ""nitrite reductase, cytochrome cd1""[Title]) AND ""Weissella jogaejeotgali""[Organism]"
Brevibacterium avium,Brevibacterium,Actinobacteria,nirS,0,,,"(""nirS""[Title] OR ""cytochrome cd1 nitrite reductase""[Title] OR ""nitrite reductase, cytochrome cd1""[Title]) AND ""Brevibacterium avium""[Organism]"
Anaerococcus porci,Anaerococcus,Firmicutes,nirS,0,,,"(""nirS""[Title] OR ""cytochrome cd1 nitrite reductase""[Title] OR ""nitrite reductase, cytochrome cd1""[Title]) AND ""Anaerococcus porci""[Organism]"
Brachybacterium conglomeratum,Brachybacterium,Actinobacteria,nirS,0,,,"(""nirS""[Title] OR ""cytochrome cd1 nitrite reductase""[Title] OR ""nitrite reductase, cytochrome cd1""[Title]) AND ""Brachybacterium conglomeratum""[Organism]"
Romboutsia timonensis,Romboutsia,Firmicutes,nirS,0,,,"(""nirS""[Title] OR ""cytochrome cd1 nitrite reductase""[Title] OR ""nitrite reductase, cytochrome cd1""[Title]) AND ""Romboutsia timonensis""[Organism]"
Brachybacterium squillarum,Brachybacterium,Actinobacteria,nirS,0,,,"(""nirS""[Title] OR ""cytochrome cd1 nitrite reductase""[Title] OR ""nitrite reductase, cytochrome cd1""[Title]) AND ""Brachybacterium squillarum""[Organism]"
Jeotgalicoccus aerolatus,Jeotgalicoccus,Firmicutes,nirS,0,,,"(""nirS""[Title] OR ""cytochrome cd1 nitrite reductase""[Title] OR ""nitrite reductase, cytochrome cd1""[Title]) AND ""Jeotgalicoccus aerolatus""[Organism]"
Staphylococcus simulans,Staphylococcus,Firmicutes,nirS,0,,,"(""nirS""[Title] OR ""cytochrome cd1 nitrite reductase""[Title] OR ""nitrite reductase, cytochrome cd1""[Title]) AND ""Staphylococcus simulans""[Organism]"
Ruoffia tabacinasalis,Ruoffia,Firmicutes,nirS,0,,,"(""nirS""[Title] OR ""cytochrome cd1 nitrite reductase""[Title] OR ""nitrite reductase, cytochrome cd1""[Title]) AND ""Ruoffia tabacinasalis""[Organism]"
Enterococcus cecorum,Enterococcus,Firmicutes,nirS,0,,,"(""nirS""[Title] OR ""cytochrome cd1 nitrite reductase""[Title] OR ""nitrite reductase, cytochrome cd1""[Title]) AND ""Enterococcus cecorum""[Organism]"
Enteractinococcus fodinae,Enteractinococcus,Actinobacteria,nirS,0,,,"(""nirS""[Title] OR ""cytochrome cd1 nitrite reductase""[Title] OR ""nitrite reductase, cytochrome cd1""[Title]) AND ""Enteractinococcus fodinae""[Organism]"
Brachybacterium epidermidis,Brachybacterium,Actinobacteria,nirS,0,,,"(""nirS""[Title] OR ""cytochrome cd1 nitrite reductase""[Title] OR ""nitrite reductase, cytochrome cd1""[Title]) AND ""Brachybacterium epidermidis""[Organism]"
Corynebacterium urealyticum,Corynebacterium,Actinobacteria,nirS,0,,,"(""nirS""[Title] OR ""cytochrome cd1 nitrite reductase""[Title] OR ""nitrite reductase, cytochrome cd1""[Title]) AND ""Corynebacterium urealyticum""[Organism]"
Virgibacillus alimentarius,Virgibacillus,Firmicutes,nirS,0,,,"(""nirS""[Title] OR ""cytochrome cd1 nitrite reductase""[Title] OR ""nitrite reductase, cytochrome cd1""[Title]) AND ""Virgibacillus alimentarius""[Organism]"
Yaniella soli,Yaniella,Actinobacteria,nirS,0,,,"(""nirS""[Title] OR ""cytochrome cd1 nitrite reductase""[Title] OR ""nitrite reductase, cytochrome cd1""[Title]) AND ""Yaniella soli""[Organism]"
Ruania albidiflava,Ruania,Actinobacteria,nirS,0,,,"(""nirS""[Title] OR ""cytochrome cd1 nitrite reductase""[Title] OR ""nitrite reductase, cytochrome cd1""[Title]) AND ""Ruania albidiflava""[Organism]"
Staphylococcus cohnii,Staphylococcus,Firmicutes,nirS,0,,,"(""nirS""[Title] OR ""cytochrome cd1 nitrite reductase""[Title] OR ""nitrite reductase, cytochrome cd1""[Title]) AND ""Staphylococcus cohnii""[Organism]"
Pseudogracilibacillus endophyticus,Pseudogracilibacillus,Firmicutes,nirS,0,,,"(""nirS""[Title] OR ""cytochrome cd1 nitrite reductase""[Title] OR ""nitrite reductase, cytochrome cd1""[Title]) AND ""Pseudogracilibacillus endophyticus""[Organism]"
Staphylococcus nepalensis,Staphylococcus,Firmicutes,nirS,0,,,"(""nirS""[Title] OR ""cytochrome cd1 nitrite reductase""[Title] OR ""nitrite reductase, cytochrome cd1""[Title]) AND ""Staphylococcus nepalensis""[Organism]"
Yaniella flava,Yaniella,Actinobacteria,nirS,0,,,"(""nirS""[Title] OR ""cytochrome cd1 nitrite reductase""[Title] OR ""nitrite reductase, cytochrome cd1""[Title]) AND ""Yaniella flava""[Organism]"
Brachybacterium timonense,Brachybacterium,Actinobacteria,nirS,0,,,"(""nirS""[Title] OR ""cytochrome cd1 nitrite reductase""[Title] OR ""nitrite reductase, cytochrome cd1""[Title]) AND ""Brachybacterium timonense""[Organism]"
Corynebacterium ammoniagenes,Corynebacterium,Actinobacteria,nirS,0,,,"(""nirS""[Title] OR ""cytochrome cd1 nitrite reductase""[Title] OR ""nitrite reductase, cytochrome cd1""[Title]) AND ""Corynebacterium ammoniagenes""[Organism]"
Lipingzhangella halophila,Lipingzhangella,Actinobacteria,nirS,0,,,"(""nirS""[Title] OR ""cytochrome cd1 nitrite reductase""[Title] OR ""nitrite reductase, cytochrome cd1""[Title]) AND ""Lipingzhangella halophila""[Organism]"
Limosilactobacillus reuteri,Limosilactobacillus,Firmicutes,nirS,0,,,"(""nirS""[Title] OR ""cytochrome cd1 nitrite reductase""[Title] OR ""nitrite reductase, cytochrome cd1""[Title]) AND ""Limosilactobacillus reuteri""[Organism]"
Brachybacterium rhamnosum,Brachybacterium,Actinobacteria,nirS,0,,,"(""nirS""[Title] OR ""cytochrome cd1 nitrite reductase""[Title] OR ""nitrite reductase, cytochrome cd1""[Title]) AND ""Brachybacterium rhamnosum""[Organism]"
Nocardiopsis rhizosphaerae,Nocardiopsis,Actinobacteria,nirS,0,,,"(""nirS""[Title] OR ""cytochrome cd1 nitrite reductase""[Title] OR ""nitrite reductase, cytochrome cd1""[Title]) AND ""Nocardiopsis rhizosphaerae""[Organism]"
Streptococcus alactolyticus,Streptococcus,Firmicutes,nirS,0,,,"(""nirS""[Title] OR ""cytochrome cd1 nitrite reductase""[Title] OR ""nitrite reductase, cytochrome cd1""[Title]) AND ""Streptococcus alactolyticus""[Organism]"
Cerasibacillus terrae,Cerasibacillus,Firmicutes,nirS,0,,,"(""nirS""[Title] OR ""cytochrome cd1 nitrite reductase""[Title] OR ""nitrite reductase, cytochrome cd1""[Title]) AND ""Cerasibacillus terrae""[Organism]"
Brachybacterium halotolerans,Brachybacterium,Actinobacteria,nirS,0,,,"(""nirS""[Title] OR ""cytochrome cd1 nitrite reductase""[Title] OR ""nitrite reductase, cytochrome cd1""[Title]) AND ""Brachybacterium halotolerans""[Organism]"
Enteractinococcus lamae,Enteractinococcus,Actinobacteria,nirS,0,,,"(""nirS""[Title] OR ""cytochrome cd1 nitrite reductase""[Title] OR ""nitrite reductase, cytochrome cd1""[Title]) AND ""Enteractinococcus lamae""[Organism]"
Brachybacterium muris,Brachybacterium,Actinobacteria,nirS,0,,,"(""nirS""[Title] OR ""cytochrome cd1 nitrite reductase""[Title] OR ""nitrite reductase, cytochrome cd1""[Title]) AND ""Brachybacterium muris""[Organism]"
Nocardiopsis kunsanensis,Nocardiopsis,Actinobacteria,nirS,0,,,"(""nirS""[Title] OR ""cytochrome cd1 nitrite reductase""[Title] OR ""nitrite reductase, cytochrome cd1""[Title]) AND ""Nocardiopsis kunsanensis""[Organism]"
Enteractinococcus viverrae,Enteractinococcus,Actinobacteria,nirS,0,,,"(""nirS""[Title] OR ""cytochrome cd1 nitrite reductase""[Title] OR ""nitrite reductase, cytochrome cd1""[Title]) AND ""Enteractinococcus viverrae""[Organism]"
Brevibacterium oceani,Brevibacterium,Actinobacteria,nirS,0,,,"(""nirS""[Title] OR ""cytochrome cd1 nitrite reductase""[Title] OR ""nitrite reductase, cytochrome cd1""[Title]) AND ""Brevibacterium oceani""[Organism]"
Tomitella biformata,Tomitella,Actinobacteria,nirS,0,,,"(""nirS""[Title] OR ""cytochrome cd1 nitrite reductase""[Title] OR ""nitrite reductase, cytochrome cd1""[Title]) AND ""Tomitella biformata""[Organism]"
Brevibacterium anseongense,Brevibacterium,Actinobacteria,nirS,0,,,"(""nirS""[Title] OR ""cytochrome cd1 nitrite reductase""[Title] OR ""nitrite reductase, cytochrome cd1""[Title]) AND ""Brevibacterium anseongense""[Organism]"
Jeotgalicoccus coquinae,Jeotgalicoccus,Firmicutes,nirS,0,,,"(""nirS""[Title] OR ""cytochrome cd1 nitrite reductase""[Title] OR ""nitrite reductase, cytochrome cd1""[Title]) AND ""Jeotgalicoccus coquinae""[Organism]"
Anaerococcus lactolyticus,Anaerococcus,Firmicutes,nirS,0,,,"(""nirS""[Title] OR ""cytochrome cd1 nitrite reductase""[Title] OR ""nitrite reductase, cytochrome cd1""[Title]) AND ""Anaerococcus lactolyticus""[Organism]"
Aerococcus viridans,Aerococcus,Firmicutes,nirS,0,,,"(""nirS""[Title] OR ""cytochrome cd1 nitrite reductase""[Title] OR ""nitrite reductase, cytochrome cd1""[Title]) AND ""Aerococcus viridans""[Organism]"
Jeotgalicoccus nanhaiensis,Jeotgalicoccus,Firmicutes,nirS,0,,,"(""nirS""[Title] OR ""cytochrome cd1 nitrite reductase""[Title] OR ""nitrite reductase, cytochrome cd1""[Title]) AND ""Jeotgalicoccus nanhaiensis""[Organism]"
Lactobacillus taiwanensis,Lactobacillus,Firmicutes,nirS,0,,,"(""nirS""[Title] OR ""cytochrome cd1 nitrite reductase""[Title] OR ""nitrite reductase, cytochrome cd1""[Title]) AND ""Lactobacillus taiwanensis""[Organism]"
Salinicoccus sediminis,Salinicoccus,Firmicutes,nirS,0,,,"(""nirS""[Title] OR ""cytochrome cd1 nitrite reductase""[Title] OR ""nitrite reductase, cytochrome cd1""[Title]) AND ""Salinicoccus sediminis""[Organism]"
Corynebacterium casei,Corynebacterium,Actinobacteria,nirS,0,,,"(""nirS""[Title] OR ""cytochrome cd1 nitrite reductase""[Title] OR ""nitrite reductase, cytochrome cd1""[Title]) AND ""Corynebacterium casei""[Organism]"
Glycomyces sediminimaris,Glycomyces,Actinobacteria,nirS,0,,,"(""nirS""[Title] OR ""cytochrome cd1 nitrite reductase""[Title] OR ""nitrite reductase, cytochrome cd1""[Title]) AND ""Glycomyces sediminimaris""[Organism]"
Virgibacillus ndiopensis,Virgibacillus,Firmicutes,nirS,0,,,"(""nirS""[Title] OR ""cytochrome cd1 nitrite reductase""[Title] OR ""nitrite reductase, cytochrome cd1""[Title]) AND ""Virgibacillus ndiopensis""[Organism]"
Brachybacterium paraconglomeratum,Brachybacterium,Actinobacteria,nirS,0,,,"(""nirS""[Title] OR ""cytochrome cd1 nitrite reductase""[Title] OR ""nitrite reductase, cytochrome cd1""[Title]) AND ""Brachybacterium paraconglomeratum""[Organism]"
Anaerococcus prevotii,Anaerococcus,Firmicutes,nirS,0,,,"(""nirS""[Title] OR ""cytochrome cd1 nitrite reductase""[Title] OR ""nitrite reductase, cytochrome cd1""[Title]) AND ""Anaerococcus prevotii""[Organism]"
Limosilactobacillus portuensis,Limosilactobacillus,Firmicutes,nirS,0,,,"(""nirS""[Title] OR ""cytochrome cd1 nitrite reductase""[Title] OR ""nitrite reductase, cytochrome cd1""[Title]) AND ""Limosilactobacillus portuensis""[Organism]"
Ruoffia halotolerans,Ruoffia,Firmicutes,nirS,0,,,"(""nirS""[Title] OR ""cytochrome cd1 nitrite reductase""[Title] OR ""nitrite reductase, cytochrome cd1""[Title]) AND ""Ruoffia halotolerans""[Organism]"
Lactobacillus gasseri,Lactobacillus,Firmicutes,nirS,0,,,"(""nirS""[Title] OR ""cytochrome cd1 nitrite reductase""[Title] OR ""nitrite reductase, cytochrome cd1""[Title]) AND ""Lactobacillus gasseri""[Organism]"
Aerococcus urinaeequi,Aerococcus,Firmicutes,nirS,0,,,"(""nirS""[Title] OR ""cytochrome cd1 nitrite reductase""[Title] OR ""nitrite reductase, cytochrome cd1""[Title]) AND ""Aerococcus urinaeequi""[Organism]"
Brevibacterium metallicus,Brevibacterium,Actinobacteria,nirS,0,,,"(""nirS""[Title] OR ""cytochrome cd1 nitrite reductase""[Title] OR ""nitrite reductase, cytochrome cd1""[Title]) AND ""Brevibacterium metallicus""[Organism]"
Enterococcus innesii,Enterococcus,Firmicutes,nirS,0,,,"(""nirS""[Title] OR ""cytochrome cd1 nitrite reductase""[Title] OR ""nitrite reductase, cytochrome cd1""[Title]) AND ""Enterococcus innesii""[Organism]"
Ligilactobacillus aviarius,Ligilactobacillus,Firmicutes,nirS,0,,,"(""nirS""[Title] OR ""cytochrome cd1 nitrite reductase""[Title] OR ""nitrite reductase, cytochrome cd1""[Title]) AND ""Ligilactobacillus aviarius""[Organism]"
Jeotgalicoccus schoeneichii,Jeotgalicoccus,Firmicutes,nirS,0,,,"(""nirS""[Title] OR ""cytochrome cd1 nitrite reductase""[Title] OR ""nitrite reductase, cytochrome cd1""[Title]) AND ""Jeotgalicoccus schoeneichii""[Organism]"
Anaerococcus marasmi,Anaerococcus,Firmicutes,nirS,0,,,"(""nirS""[Title] OR ""cytochrome cd1 nitrite reductase""[Title] OR ""nitrite reductase, cytochrome cd1""[Title]) AND ""Anaerococcus marasmi""[Organism]"
Companilactobacillus farciminis,Companilactobacillus,Firmicutes,nirS,0,,,"(""nirS""[Title] OR ""cytochrome cd1 nitrite reductase""[Title] OR ""nitrite reductase, cytochrome cd1""[Title]) AND ""Companilactobacillus farciminis""[Organism]"
Limosilactobacillus balticus,Limosilactobacillus,Firmicutes,nirS,0,,,"(""nirS""[Title] OR ""cytochrome cd1 nitrite reductase""[Title] OR ""nitrite reductase, cytochrome cd1""[Title]) AND ""Limosilactobacillus balticus""[Organism]"
Ornithinibacillus caprae,Ornithinibacillus,Firmicutes,nirS,0,,,"(""nirS""[Title] OR ""cytochrome cd1 nitrite reductase""[Title] OR ""nitrite reductase, cytochrome cd1""[Title]) AND ""Ornithinibacillus caprae""[Organism]"
Anaerococcus mediterraneensis,Anaerococcus,Firmicutes,nirS,0,,,"(""nirS""[Title] OR ""cytochrome cd1 nitrite reductase""[Title] OR ""nitrite reductase, cytochrome cd1""[Title]) AND ""Anaerococcus mediterraneensis""[Organism]"
Ligilactobacillus agilis,Ligilactobacillus,Firmicutes,nirS,0,,,"(""nirS""[Title] OR ""cytochrome cd1 nitrite reductase""[Title] OR ""nitrite reductase, cytochrome cd1""[Title]) AND ""Ligilactobacillus agilis""[Organism]"
Salinicoccus qingdaonensis,Salinicoccus,Firmicutes,nirS,0,,,"(""nirS""[Title] OR ""cytochrome cd1 nitrite reductase""[Title] OR ""nitrite reductase, cytochrome cd1""[Title]) AND ""Salinicoccus qingdaonensis""[Organism]"
Lentibacillus massiliensis,Lentibacillus,Firmicutes,nirS,0,,,"(""nirS""[Title] OR ""cytochrome cd1 nitrite reductase""[Title] OR ""nitrite reductase, cytochrome cd1""[Title]) AND ""Lentibacillus massiliensis""[Organism]"
Ammoniphilus oxalivorans,Ammoniphilus,Firmicutes,nirS,0,,,"(""nirS""[Title] OR ""cytochrome cd1 nitrite reductase""[Title] OR ""nitrite reductase, cytochrome cd1""[Title]) AND ""Ammoniphilus oxalivorans""[Organism]"
Mammaliicoccus sciuri,Mammaliicoccus,Firmicutes,nirS,0,,,"(""nirS""[Title] OR ""cytochrome cd1 nitrite reductase""[Title] OR ""nitrite reductase, cytochrome cd1""[Title]) AND ""Mammaliicoccus sciuri""[Organism]"
Limosilactobacillus urinaemulieris,Limosilactobacillus,Firmicutes,nirS,0,,,"(""nirS""[Title] OR ""cytochrome cd1 nitrite reductase""[Title] OR ""nitrite reductase, cytochrome cd1""[Title]) AND ""Limosilactobacillus urinaemulieris""[Organism]"
Nocardiopsis flavescens,Nocardiopsis,Actinobacteria,nirS,0,,,"(""nirS""[Title] OR ""cytochrome cd1 nitrite reductase""[Title] OR ""nitrite reductase, cytochrome cd1""[Title]) AND ""Nocardiopsis flavescens""[Organism]"
Brachybacterium kimchii,Brachybacterium,Actinobacteria,nirS,0,,,"(""nirS""[Title] OR ""cytochrome cd1 nitrite reductase""[Title] OR ""nitrite reductase, cytochrome cd1""[Title]) AND ""Brachybacterium kimchii""[Organism]"
Salinicoccus salitudinis,Salinicoccus,Firmicutes,nirS,0,,,"(""nirS""[Title] OR ""cytochrome cd1 nitrite reductase""[Title] OR ""nitrite reductase, cytochrome cd1""[Title]) AND ""Salinicoccus salitudinis""[Organism]"
Virgibacillus oceani,Virgibacillus,Firmicutes,nirS,0,,,"(""nirS""[Title] OR ""cytochrome cd1 nitrite reductase""[Title] OR ""nitrite reductase, cytochrome cd1""[Title]) AND ""Virgibacillus oceani""[Organism]"
Brachybacterium zhongshanense,Brachybacterium,Actinobacteria,nirS,0,,,"(""nirS""[Title] OR ""cytochrome cd1 nitrite reductase""[Title] OR ""nitrite reductase, cytochrome cd1""[Title]) AND ""Brachybacterium zhongshanense""[Organism]"
Staphylococcus saprophyticus,Staphylococcus,Firmicutes,nirS,0,,,"(""nirS""[Title] OR ""cytochrome cd1 nitrite reductase""[Title] OR ""nitrite reductase, cytochrome cd1""[Title]) AND ""Staphylococcus saprophyticus""[Organism]"
Limosilactobacillus oris,Limosilactobacillus,Firmicutes,nirS,0,,,"(""nirS""[Title] OR ""cytochrome cd1 nitrite reductase""[Title] OR ""nitrite reductase, cytochrome cd1""[Title]) AND ""Limosilactobacillus oris""[Organism]"
Mammaliicoccus stepanovicii,Mammaliicoccus,Firmicutes,nirS,0,,,"(""nirS""[Title] OR ""cytochrome cd1 nitrite reductase""[Title] OR ""nitrite reductase, cytochrome cd1""[Title]) AND ""Mammaliicoccus stepanovicii""[Organism]"
Limosilactobacillus agrestis,Limosilactobacillus,Firmicutes,nirS,0,,,"(""nirS""[Title] OR ""cytochrome cd1 nitrite reductase""[Title] OR ""nitrite reductase, cytochrome cd1""[Title]) AND ""Limosilactobacillus agrestis""[Organism]"
Anaerococcus faecalis,Anaerococcus,Firmicutes,nirS,0,,,"(""nirS""[Title] OR ""cytochrome cd1 nitrite reductase""[Title] OR ""nitrite reductase, cytochrome cd1""[Title]) AND ""Anaerococcus faecalis""[Organism]"
Ligilactobacillus acidipiscis,Ligilactobacillus,Firmicutes,nirS,0,,,"(""nirS""[Title] OR ""cytochrome cd1 nitrite reductase""[Title] OR ""nitrite reductase, cytochrome cd1""[Title]) AND ""Ligilactobacillus acidipiscis""[Organism]"
Aeromicrobium yanjiei,Aeromicrobium,Actinobacteria,nirS,0,,,"(""nirS""[Title] OR ""cytochrome cd1 nitrite reductase""[Title] OR ""nitrite reductase, cytochrome cd1""[Title]) AND ""Aeromicrobium yanjiei""[Organism]"
Corynebacterium xerosis,Corynebacterium,Actinobacteria,nirS,0,,,"(""nirS""[Title] OR ""cytochrome cd1 nitrite reductase""[Title] OR ""nitrite reductase, cytochrome cd1""[Title]) AND ""Corynebacterium xerosis""[Organism]"
Pusillimonas caeni,Pusillimonas,Proteobacteria,nirS,0,,,"(""nirS""[Title] OR ""cytochrome cd1 nitrite reductase""[Title] OR ""nitrite reductase, cytochrome cd1""[Title]) AND ""Pusillimonas caeni""[Organism]"
Nocardiopsis alba,Nocardiopsis,Actinobacteria,nirS,0,,,"(""nirS""[Title] OR ""cytochrome cd1 nitrite reductase""[Title] OR ""nitrite reductase, cytochrome cd1""[Title]) AND ""Nocardiopsis alba""[Organism]"
Pisciglobus halotolerans,Pisciglobus,Firmicutes,nirS,0,,,"(""nirS""[Title] OR ""cytochrome cd1 nitrite reductase""[Title] OR ""nitrite reductase, cytochrome cd1""[Title]) AND ""Pisciglobus halotolerans""[Organism]"
Lactobacillus helveticus,Lactobacillus,Firmicutes,nirS,0,,,"(""nirS""[Title] OR ""cytochrome cd1 nitrite reductase""[Title] OR ""nitrite reductase, cytochrome cd1""[Title]) AND ""Lactobacillus helveticus""[Organism]"
Corynebacterium amycolatum,Corynebacterium,Actinobacteria,nirS,0,,,"(""nirS""[Title] OR ""cytochrome cd1 nitrite reductase""[Title] OR ""nitrite reductase, cytochrome cd1""[Title]) AND ""Corynebacterium amycolatum""[Organism]"
Brachybacterium avium,Brachybacterium,Actinobacteria,nirS,0,,,"(""nirS""[Title] OR ""cytochrome cd1 nitrite reductase""[Title] OR ""nitrite reductase, cytochrome cd1""[Title]) AND ""Brachybacterium avium""[Organism]"
Actinotalea ferrariae,Actinotalea,Actinobacteria,nirS,0,,,"(""nirS""[Title] OR ""cytochrome cd1 nitrite reductase""[Title] OR ""nitrite reductase, cytochrome cd1""[Title]) AND ""Actinotalea ferrariae""[Organism]"
Georgenia muralis,Georgenia,Actinobacteria,nirS,0,,,"(""nirS""[Title] OR ""cytochrome cd1 nitrite reductase""[Title] OR ""nitrite reductase, cytochrome cd1""[Title]) AND ""Georgenia muralis""[Organism]"
Enterococcus saccharolyticus,Enterococcus,Firmicutes,nirS,0,,,"(""nirS""[Title] OR ""cytochrome cd1 nitrite reductase""[Title] OR ""nitrite reductase, cytochrome cd1""[Title]) AND ""Enterococcus saccharolyticus""[Organism]"
Dietzia maris,Dietzia,Actinobacteria,nirS,0,,,"(""nirS""[Title] OR ""cytochrome cd1 nitrite reductase""[Title] OR ""nitrite reductase, cytochrome cd1""[Title]) AND ""Dietzia maris""[Organism]"
Corynebacterium frankenforstense,Corynebacterium,Actinobacteria,nirS,0,,,"(""nirS""[Title] OR ""cytochrome cd1 nitrite reductase""[Title] OR ""nitrite reductase, cytochrome cd1""[Title]) AND ""Corynebacterium frankenforstense""[Organism]"
Sporosarcina pasteurii,Sporosarcina,Firmicutes,nirS,0,,,"(""nirS""[Title] OR ""cytochrome cd1 nitrite reductase""[Title] OR ""nitrite reductase, cytochrome cd1""[Title]) AND ""Sporosarcina pasteurii""[Organism]"
Nosocomiicoccus massiliensis,Nosocomiicoccus,Firmicutes,nirS,0,,,"(""nirS""[Title] OR ""cytochrome cd1 nitrite reductase""[Title] OR ""nitrite reductase, cytochrome cd1""[Title]) AND ""Nosocomiicoccus massiliensis""[Organism]"
Staphylococcus caeli,Staphylococcus,Firmicutes,nirS,0,,,"(""nirS""[Title] OR ""cytochrome cd1 nitrite reductase""[Title] OR ""nitrite reductase, cytochrome cd1""[Title]) AND ""Staphylococcus caeli""[Organism]"
Amphibacillus iburiensis,Amphibacillus,Firmicutes,nirS,0,,,"(""nirS""[Title] OR ""cytochrome cd1 nitrite reductase""[Title] OR ""nitrite reductase, cytochrome cd1""[Title]) AND ""Amphibacillus iburiensis""[Organism]"
Lactobacillus paragasseri,Lactobacillus,Firmicutes,nirS,0,,,"(""nirS""[Title] OR ""cytochrome cd1 nitrite reductase""[Title] OR ""nitrite reductase, cytochrome cd1""[Title]) AND ""Lactobacillus paragasseri""[Organism]"
Limosilactobacillus ingluviei,Limosilactobacillus,Firmicutes,nirS,0,,,"(""nirS""[Title] OR ""cytochrome cd1 nitrite reductase""[Title] OR ""nitrite reductase, cytochrome cd1""[Title]) AND ""Limosilactobacillus ingluviei""[Organism]"
Brevibacterium renqingii,Brevibacterium,Actinobacteria,nirS,0,,,"(""nirS""[Title] OR ""cytochrome cd1 nitrite reductase""[Title] OR ""nitrite reductase, cytochrome cd1""[Title]) AND ""Brevibacterium renqingii""[Organism]"
Brachybacterium massiliense,Brachybacterium,Actinobacteria,nirS,0,,,"(""nirS""[Title] OR ""cytochrome cd1 nitrite reductase""[Title] OR ""nitrite reductase, cytochrome cd1""[Title]) AND ""Brachybacterium massiliense""[Organism]"
Enterococcus canintestini,Enterococcus,Firmicutes,nirS,0,,,"(""nirS""[Title] OR ""cytochrome cd1 nitrite reductase""[Title] OR ""nitrite reductase, cytochrome cd1""[Title]) AND ""Enterococcus canintestini""[Organism]"
Nocardiopsis fildesensis,Nocardiopsis,Actinobacteria,nirS,0,,,"(""nirS""[Title] OR ""cytochrome cd1 nitrite reductase""[Title] OR ""nitrite reductase, cytochrome cd1""[Title]) AND ""Nocardiopsis fildesensis""[Organism]"
Levilactobacillus hammesii,Levilactobacillus,Firmicutes,nirS,0,,,"(""nirS""[Title] OR ""cytochrome cd1 nitrite reductase""[Title] OR ""nitrite reductase, cytochrome cd1""[Title]) AND ""Levilactobacillus hammesii""[Organism]"
Limosilactobacillus pontis,Limosilactobacillus,Firmicutes,nirS,0,,,"(""nirS""[Title] OR ""cytochrome cd1 nitrite reductase""[Title] OR ""nitrite reductase, cytochrome cd1""[Title]) AND ""Limosilactobacillus pontis""[Organism]"
Oceanobacillus salinisoli,Oceanobacillus,Firmicutes,nirS,0,,,"(""nirS""[Title] OR ""cytochrome cd1 nitrite reductase""[Title] OR ""nitrite reductase, cytochrome cd1""[Title]) AND ""Oceanobacillus salinisoli""[Organism]"
Anaerococcus degeneri,Anaerococcus,Firmicutes,nirS,0,,,"(""nirS""[Title] OR ""cytochrome cd1 nitrite reductase""[Title] OR ""nitrite reductase, cytochrome cd1""[Title]) AND ""Anaerococcus degeneri""[Organism]"
Luteimonas dalianensis,Luteimonas,Proteobacteria,nirS,0,,,"(""nirS""[Title] OR ""cytochrome cd1 nitrite reductase""[Title] OR ""nitrite reductase, cytochrome cd1""[Title]) AND ""Luteimonas dalianensis""[Organism]"
Salinicoccus halodurans,Salinicoccus,Firmicutes,nirS,0,,,"(""nirS""[Title] OR ""cytochrome cd1 nitrite reductase""[Title] OR ""nitrite reductase, cytochrome cd1""[Title]) AND ""Salinicoccus halodurans""[Organism]"
Brachybacterium vulturis,Brachybacterium,Actinobacteria,nirS,0,,,"(""nirS""[Title] OR ""cytochrome cd1 nitrite reductase""[Title] OR ""nitrite reductase, cytochrome cd1""[Title]) AND ""Brachybacterium vulturis""[Organism]"
Peptoniphilus nemausensis,Peptoniphilus,Firmicutes,nirS,0,,,"(""nirS""[Title] OR ""cytochrome cd1 nitrite reductase""[Title] OR ""nitrite reductase, cytochrome cd1""[Title]) AND ""Peptoniphilus nemausensis""[Organism]"
Peptoniphilus harei,Peptoniphilus,Firmicutes,nirS,0,,,"(""nirS""[Title] OR ""cytochrome cd1 nitrite reductase""[Title] OR ""nitrite reductase, cytochrome cd1""[Title]) AND ""Peptoniphilus harei""[Organism]"
Brachybacterium nesterenkovii,Brachybacterium,Actinobacteria,nirS,0,,,"(""nirS""[Title] OR ""cytochrome cd1 nitrite reductase""[Title] OR ""nitrite reductase, cytochrome cd1""[Title]) AND ""Brachybacterium nesterenkovii""[Organism]"
Levilactobacillus namurensis,Levilactobacillus,Firmicutes,nirS,0,,,"(""nirS""[Title] OR ""cytochrome cd1 nitrite reductase""[Title] OR ""nitrite reductase, cytochrome cd1""[Title]) AND ""Levilactobacillus namurensis""[Organism]"
Virgibacillus pantothenticus,Virgibacillus,Firmicutes,nirS,0,,,"(""nirS""[Title] OR ""cytochrome cd1 nitrite reductase""[Title] OR ""nitrite reductase, cytochrome cd1""[Title]) AND ""Virgibacillus pantothenticus""[Organism]"
Brachybacterium huguangmaarense,Brachybacterium,Actinobacteria,nirS,0,,,"(""nirS""[Title] OR ""cytochrome cd1 nitrite reductase""[Title] OR ""nitrite reductase, cytochrome cd1""[Title]) AND ""Brachybacterium huguangmaarense""[Organism]"
Urinicoccus timonensis,Urinicoccus,Firmicutes,nirS,0,,,"(""nirS""[Title] OR ""cytochrome cd1 nitrite reductase""[Title] OR ""nitrite reductase, cytochrome cd1""[Title]) AND ""Urinicoccus timonensis""[Organism]"
Brevibacterium senegalense,Brevibacterium,Actinobacteria,nirS,0,,,"(""nirS""[Title] OR ""cytochrome cd1 nitrite reductase""[Title] OR ""nitrite reductase, cytochrome cd1""[Title]) AND ""Brevibacterium senegalense""[Organism]"
Enteractinococcus coprophilus,Enteractinococcus,Actinobacteria,nirS,0,,,"(""nirS""[Title] OR ""cytochrome cd1 nitrite reductase""[Title] OR ""nitrite reductase, cytochrome cd1""[Title]) AND ""Enteractinococcus coprophilus""[Organism]"
Halomonas pellis,Halomonas,Proteobacteria,nirS,0,,,"(""nirS""[Title] OR ""cytochrome cd1 nitrite reductase""[Title] OR ""nitrite reductase, cytochrome cd1""[Title]) AND ""Halomonas pellis""[Organism]"
Virgibacillus marseillensis,Virgibacillus,Firmicutes,nirS,0,,,"(""nirS""[Title] OR ""cytochrome cd1 nitrite reductase""[Title] OR ""nitrite reductase, cytochrome cd1""[Title]) AND ""Virgibacillus marseillensis""[Organism]"
Dietzia aerolata,Dietzia,Actinobacteria,nirS,0,,,"(""nirS""[Title] OR ""cytochrome cd1 nitrite reductase""[Title] OR ""nitrite reductase, cytochrome cd1""[Title]) AND ""Dietzia aerolata""[Organism]"
Brevibacterium atlanticum,Brevibacterium,Actinobacteria,nirS,0,,,"(""nirS""[Title] OR ""cytochrome cd1 nitrite reductase""[Title] OR ""nitrite reductase, cytochrome cd1""[Title]) AND ""Brevibacterium atlanticum""[Organism]"
Mediterraneibacter catenae,Mediterraneibacter,Firmicutes,nirS,0,,,"(""nirS""[Title] OR ""cytochrome cd1 nitrite reductase""[Title] OR ""nitrite reductase, cytochrome cd1""[Title]) AND ""Mediterraneibacter catenae""[Organism]"
Dietzia lutea,Dietzia,Actinobacteria,nirS,0,,,"(""nirS""[Title] OR ""cytochrome cd1 nitrite reductase""[Title] OR ""nitrite reductase, cytochrome cd1""[Title]) AND ""Dietzia lutea""[Organism]"
Staphylococcus arlettae,Staphylococcus,Firmicutes,nirS,0,,,"(""nirS""[Title] OR ""cytochrome cd1 nitrite reductase""[Title] OR ""nitrite reductase, cytochrome cd1""[Title]) AND ""Staphylococcus arlettae""[Organism]"
Staphylococcus borealis,Staphylococcus,Firmicutes,nirS,0,,,"(""nirS""[Title] OR ""cytochrome cd1 nitrite reductase""[Title] OR ""nitrite reductase, cytochrome cd1""[Title]) AND ""Staphylococcus borealis""[Organism]"
Nocardiopsis coralli,Nocardiopsis,Actinobacteria,nirS,0,,,"(""nirS""[Title] OR ""cytochrome cd1 nitrite reductase""[Title] OR ""nitrite reductase, cytochrome cd1""[Title]) AND ""Nocardiopsis coralli""[Organism]"
Brevibacterium profundi,Brevibacterium,Actinobacteria,nirS,0,,,"(""nirS""[Title] OR ""cytochrome cd1 nitrite reductase""[Title] OR ""nitrite reductase, cytochrome cd1""[Title]) AND ""Brevibacterium profundi""[Organism]"
Dietzia psychralcaliphila,Dietzia,Actinobacteria,nirS,0,,,"(""nirS""[Title] OR ""cytochrome cd1 nitrite reductase""[Title] OR ""nitrite reductase, cytochrome cd1""[Title]) AND ""Dietzia psychralcaliphila""[Organism]"
Limosilactobacillus vaginalis,Limosilactobacillus,Firmicutes,nirS,0,,,"(""nirS""[Title] OR ""cytochrome cd1 nitrite reductase""[Title] OR ""nitrite reductase, cytochrome cd1""[Title]) AND ""Limosilactobacillus vaginalis""[Organism]"
Brevibacterium yomogidense,Brevibacterium,Actinobacteria,nirS,0,,,"(""nirS""[Title] OR ""cytochrome cd1 nitrite reductase""[Title] OR ""nitrite reductase, cytochrome cd1""[Title]) AND ""Brevibacterium yomogidense""[Organism]"
Gallicola barnesae,Gallicola,Firmicutes,nirS,0,,,"(""nirS""[Title] OR ""cytochrome cd1 nitrite reductase""[Title] OR ""nitrite reductase, cytochrome cd1""[Title]) AND ""Gallicola barnesae""[Organism]"
Georgenia satyanarayanai,Georgenia,Actinobacteria,nirS,0,,,"(""nirS""[Title] OR ""cytochrome cd1 nitrite reductase""[Title] OR ""nitrite reductase, cytochrome cd1""[Title]) AND ""Georgenia satyanarayanai""[Organism]"
Actinomadura livida,Actinomadura,Actinobacteria,nirS,0,,,"(""nirS""[Title] OR ""cytochrome cd1 nitrite reductase""[Title] OR ""nitrite reductase, cytochrome cd1""[Title]) AND ""Actinomadura livida""[Organism]"
Aerococcus suis,Aerococcus,Firmicutes,nirS,0,,,"(""nirS""[Title] OR ""cytochrome cd1 nitrite reductase""[Title] OR ""nitrite reductase, cytochrome cd1""[Title]) AND ""Aerococcus suis""[Organism]"
Oceanobacillus indicireducens,Oceanobacillus,Firmicutes,nirS,0,,,"(""nirS""[Title] OR ""cytochrome cd1 nitrite reductase""[Title] OR ""nitrite reductase, cytochrome cd1""[Title]) AND ""Oceanobacillus indicireducens""[Organism]"
Companilactobacillus suantsaicola,Companilactobacillus,Firmicutes,nirS,0,,,"(""nirS""[Title] OR ""cytochrome cd1 nitrite reductase""[Title] OR ""nitrite reductase, cytochrome cd1""[Title]) AND ""Companilactobacillus suantsaicola""[Organism]"
Limosilactobacillus coleohominis,Limosilactobacillus,Firmicutes,nirS,0,,,"(""nirS""[Title] OR ""cytochrome cd1 nitrite reductase""[Title] OR ""nitrite reductase, cytochrome cd1""[Title]) AND ""Limosilactobacillus coleohominis""[Organism]"
Aquihabitans daechungensis,Aquihabitans,Actinobacteria,nirS,0,,,"(""nirS""[Title] OR ""cytochrome cd1 nitrite reductase""[Title] OR ""nitrite reductase, cytochrome cd1""[Title]) AND ""Aquihabitans daechungensis""[Organism]"
Limosilactobacillus panis,Limosilactobacillus,Firmicutes,nirS,0,,,"(""nirS""[Title] OR ""cytochrome cd1 nitrite reductase""[Title] OR ""nitrite reductase, cytochrome cd1""[Title]) AND ""Limosilactobacillus panis""[Organism]"
Dietzia kunjamensis,Dietzia,Actinobacteria,nirS,0,,,"(""nirS""[Title] OR ""cytochrome cd1 nitrite reductase""[Title] OR ""nitrite reductase, cytochrome cd1""[Title]) AND ""Dietzia kunjamensis""[Organism]"
Alloiococcus otitis,Alloiococcus,Firmicutes,nirS,0,,,"(""nirS""[Title] OR ""cytochrome cd1 nitrite reductase""[Title] OR ""nitrite reductase, cytochrome cd1""[Title]) AND ""Alloiococcus otitis""[Organism]"
Oceanobacillus limi,Oceanobacillus,Firmicutes,nirS,0,,,"(""nirS""[Title] OR ""cytochrome cd1 nitrite reductase""[Title] OR ""nitrite reductase, cytochrome cd1""[Title]) AND ""Oceanobacillus limi""[Organism]"
Enterococcus columbae,Enterococcus,Firmicutes,nirS,0,,,"(""nirS""[Title] OR ""cytochrome cd1 nitrite reductase""[Title] OR ""nitrite reductase, cytochrome cd1""[Title]) AND ""Enterococcus columbae""[Organism]"
Tetragenococcus koreensis,Tetragenococcus,Firmicutes,nirS,0,,,"(""nirS""[Title] OR ""cytochrome cd1 nitrite reductase""[Title] OR ""nitrite reductase, cytochrome cd1""[Title]) AND ""Tetragenococcus koreensis""[Organism]"
Jeotgalicoccus marinus,Jeotgalicoccus,Firmicutes,nirS,0,,,"(""nirS""[Title] OR ""cytochrome cd1 nitrite reductase""[Title] OR ""nitrite reductase, cytochrome cd1""[Title]) AND ""Jeotgalicoccus marinus""[Organism]"
Nocardiopsis xinjiangensis,Nocardiopsis,Actinobacteria,nirS,0,,,"(""nirS""[Title] OR ""cytochrome cd1 nitrite reductase""[Title] OR ""nitrite reductase, cytochrome cd1""[Title]) AND ""Nocardiopsis xinjiangensis""[Organism]"
Amphibacillus indicireducens,Amphibacillus,Firmicutes,nirS,0,,,"(""nirS""[Title] OR ""cytochrome cd1 nitrite reductase""[Title] OR ""nitrite reductase, cytochrome cd1""[Title]) AND ""Amphibacillus indicireducens""[Organism]"
Virgibacillus salarius,Virgibacillus,Firmicutes,nirS,0,,,"(""nirS""[Title] OR ""cytochrome cd1 nitrite reductase""[Title] OR ""nitrite reductase, cytochrome cd1""[Title]) AND ""Virgibacillus salarius""[Organism]"
Virgibacillus marismortui,Virgibacillus,Firmicutes,nirS,0,,,"(""nirS""[Title] OR ""cytochrome cd1 nitrite reductase""[Title] OR ""nitrite reductase, cytochrome cd1""[Title]) AND ""Virgibacillus marismortui""[Organism]"
Occultella kanbiaonis,Occultella,Actinobacteria,nirS,0,,,"(""nirS""[Title] OR ""cytochrome cd1 nitrite reductase""[Title] OR ""nitrite reductase, cytochrome cd1""[Title]) AND ""Occultella kanbiaonis""[Organism]"
Georgenia subflava,Georgenia,Actinobacteria,nirS,0,,,"(""nirS""[Title] OR ""cytochrome cd1 nitrite reductase""[Title] OR ""nitrite reductase, cytochrome cd1""[Title]) AND ""Georgenia subflava""[Organism]"
Aeromicrobium alkaliterrae,Aeromicrobium,Actinobacteria,nirS,0,,,"(""nirS""[Title] OR ""cytochrome cd1 nitrite reductase""[Title] OR ""nitrite reductase, cytochrome cd1""[Title]) AND ""Aeromicrobium alkaliterrae""[Organism]"
Lederbergia graminis,Lederbergia,Firmicutes,nirS,0,,,"(""nirS""[Title] OR ""cytochrome cd1 nitrite reductase""[Title] OR ""nitrite reductase, cytochrome cd1""[Title]) AND ""Lederbergia graminis""[Organism]"
Ligilactobacillus saerimneri,Ligilactobacillus,Firmicutes,nirS,0,,,"(""nirS""[Title] OR ""cytochrome cd1 nitrite reductase""[Title] OR ""nitrite reductase, cytochrome cd1""[Title]) AND ""Ligilactobacillus saerimneri""[Organism]"
Lactobacillus amylovorus,Lactobacillus,Firmicutes,nirS,0,,,"(""nirS""[Title] OR ""cytochrome cd1 nitrite reductase""[Title] OR ""nitrite reductase, cytochrome cd1""[Title]) AND ""Lactobacillus amylovorus""[Organism]"
Peptoniphilus stercorisuis,Peptoniphilus,Firmicutes,nirS,0,,,"(""nirS""[Title] OR ""cytochrome cd1 nitrite reductase""[Title] OR ""nitrite reductase, cytochrome cd1""[Title]) AND ""Peptoniphilus stercorisuis""[Organism]"
Jeotgalicoccus huakuii,Jeotgalicoccus,Firmicutes,nirS,0,,,"(""nirS""[Title] OR ""cytochrome cd1 nitrite reductase""[Title] OR ""nitrite reductase, cytochrome cd1""[Title]) AND ""Jeotgalicoccus huakuii""[Organism]"
Mammaliicoccus vitulinus,Mammaliicoccus,Firmicutes,nirS,0,,,"(""nirS""[Title] OR ""cytochrome cd1 nitrite reductase""[Title] OR ""nitrite reductase, cytochrome cd1""[Title]) AND ""Mammaliicoccus vitulinus""[Organism]"
Oceanobacillus chironomi,Oceanobacillus,Firmicutes,nirS,0,,,"(""nirS""[Title] OR ""cytochrome cd1 nitrite reductase""[Title] OR ""nitrite reductase, cytochrome cd1""[Title]) AND ""Oceanobacillus chironomi""[Organism]"
Peptostreptococcus russellii,Peptostreptococcus,Firmicutes,nirS,0,,,"(""nirS""[Title] OR ""cytochrome cd1 nitrite reductase""[Title] OR ""nitrite reductase, cytochrome cd1""[Title]) AND ""Peptostreptococcus russellii""[Organism]"
Dietzia papillomatosis,Dietzia,Actinobacteria,nirS,0,,,"(""nirS""[Title] OR ""cytochrome cd1 nitrite reductase""[Title] OR ""nitrite reductase, cytochrome cd1""[Title]) AND ""Dietzia papillomatosis""[Organism]"
Brachybacterium sacelli,Brachybacterium,Actinobacteria,nirS,0,,,"(""nirS""[Title] OR ""cytochrome cd1 nitrite reductase""[Title] OR ""nitrite reductase, cytochrome cd1""[Title]) AND ""Brachybacterium sacelli""[Organism]"
Aeromicrobium ginsengisoli,Aeromicrobium,Actinobacteria,nirS,0,,,"(""nirS""[Title] OR ""cytochrome cd1 nitrite reductase""[Title] OR ""nitrite reductase, cytochrome cd1""[Title]) AND ""Aeromicrobium ginsengisoli""[Organism]"
Gemmiger formicilis,Gemmiger,Firmicutes,nirS,0,,,"(""nirS""[Title] OR ""cytochrome cd1 nitrite reductase""[Title] OR ""nitrite reductase, cytochrome cd1""[Title]) AND ""Gemmiger formicilis""[Organism]"
Companilactobacillus pabuli,Companilactobacillus,Firmicutes,nirS,0,,,"(""nirS""[Title] OR ""cytochrome cd1 nitrite reductase""[Title] OR ""nitrite reductase, cytochrome cd1""[Title]) AND ""Companilactobacillus pabuli""[Organism]"
Oceanobacillus massiliensis,Oceanobacillus,Firmicutes,nirS,0,,,"(""nirS""[Title] OR ""cytochrome cd1 nitrite reductase""[Title] OR ""nitrite reductase, cytochrome cd1""[Title]) AND ""Oceanobacillus massiliensis""[Organism]"
Corynebacterium freneyi,Corynebacterium,Actinobacteria,nirS,0,,,"(""nirS""[Title] OR ""cytochrome cd1 nitrite reductase""[Title] OR ""nitrite reductase, cytochrome cd1""[Title]) AND ""Corynebacterium freneyi""[Organism]"
Ornithinimicrobium murale,Ornithinimicrobium,Actinobacteria,nirS,0,,,"(""nirS""[Title] OR ""cytochrome cd1 nitrite reductase""[Title] OR ""nitrite reductase, cytochrome cd1""[Title]) AND ""Ornithinimicrobium murale""[Organism]"
Anaerosalibacter bizertensis,Anaerosalibacter,Firmicutes,nirS,0,,,"(""nirS""[Title] OR ""cytochrome cd1 nitrite reductase""[Title] OR ""nitrite reductase, cytochrome cd1""[Title]) AND ""Anaerosalibacter bizertensis""[Organism]"
Ornithinibacillus halophilus,Ornithinibacillus,Firmicutes,nirS,0,,,"(""nirS""[Title] OR ""cytochrome cd1 nitrite reductase""[Title] OR ""nitrite reductase, cytochrome cd1""[Title]) AND ""Ornithinibacillus halophilus""[Organism]"
Tomitella gaofuii,Tomitella,Actinobacteria,nirS,0,,,"(""nirS""[Title] OR ""cytochrome cd1 nitrite reductase""[Title] OR ""nitrite reductase, cytochrome cd1""[Title]) AND ""Tomitella gaofuii""[Organism]"
Ornithinibacillus salinisoli,Ornithinibacillus,Firmicutes,nirS,0,,,"(""nirS""[Title] OR ""cytochrome cd1 nitrite reductase""[Title] OR ""nitrite reductase, cytochrome cd1""[Title]) AND ""Ornithinibacillus salinisoli""[Organism]"
Staphylococcus edaphicus,Staphylococcus,Firmicutes,nirS,0,,,"(""nirS""[Title] OR ""cytochrome cd1 nitrite reductase""[Title] OR ""nitrite reductase, cytochrome cd1""[Title]) AND ""Staphylococcus edaphicus""[Organism]"
Lactobacillus acidophilus,Lactobacillus,Firmicutes,nirS,0,,,"(""nirS""[Title] OR ""cytochrome cd1 nitrite reductase""[Title] OR ""nitrite reductase, cytochrome cd1""[Title]) AND ""Lactobacillus acidophilus""[Organism]"
Enterococcus faecium,Enterococcus,Firmicutes,nirS,0,,,"(""nirS""[Title] OR ""cytochrome cd1 nitrite reductase""[Title] OR ""nitrite reductase, cytochrome cd1""[Title]) AND ""Enterococcus faecium""[Organism]"
Aliicoccus persicus,Aliicoccus,Firmicutes,nirS,0,,,"(""nirS""[Title] OR ""cytochrome cd1 nitrite reductase""[Title] OR ""nitrite reductase, cytochrome cd1""[Title]) AND ""Aliicoccus persicus""[Organism]"
Virgibacillus kimchii,Virgibacillus,Firmicutes,nirS,0,,,"(""nirS""[Title] OR ""cytochrome cd1 nitrite reductase""[Title] OR ""nitrite reductase, cytochrome cd1""[Title]) AND ""Virgibacillus kimchii""[Organism]"
Staphylococcus petrasii,Staphylococcus,Firmicutes,nirS,0,,,"(""nirS""[Title] OR ""cytochrome cd1 nitrite reductase""[Title] OR ""nitrite reductase, cytochrome cd1""[Title]) AND ""Staphylococcus petrasii""[Organism]"
Anaerococcus hydrogenalis,Anaerococcus,Firmicutes,nirS,0,,,"(""nirS""[Title] OR ""cytochrome cd1 nitrite reductase""[Title] OR ""nitrite reductase, cytochrome cd1""[Title]) AND ""Anaerococcus hydrogenalis""[Organism]"
Ruania zhangjianzhongii,Ruania,Actinobacteria,nirS,0,,,"(""nirS""[Title] OR ""cytochrome cd1 nitrite reductase""[Title] OR ""nitrite reductase, cytochrome cd1""[Title]) AND ""Ruania zhangjianzhongii""[Organism]"
Corynebacterium hansenii,Corynebacterium,Actinobacteria,nirS,0,,,"(""nirS""[Title] OR ""cytochrome cd1 nitrite reductase""[Title] OR ""nitrite reductase, cytochrome cd1""[Title]) AND ""Corynebacterium hansenii""[Organism]"
Butyricicoccus pullicaecorum,Butyricicoccus,Firmicutes,nirS,0,,,"(""nirS""[Title] OR ""cytochrome cd1 nitrite reductase""[Title] OR ""nitrite reductase, cytochrome cd1""[Title]) AND ""Butyricicoccus pullicaecorum""[Organism]"
Enterococcus hirae,Enterococcus,Firmicutes,nirS,0,,,"(""nirS""[Title] OR ""cytochrome cd1 nitrite reductase""[Title] OR ""nitrite reductase, cytochrome cd1""[Title]) AND ""Enterococcus hirae""[Organism]"
[Ruminococcus] torques,Mediterraneibacter,Firmicutes,nirS,0,,,"(""nirS""[Title] OR ""cytochrome cd1 nitrite reductase""[Title] OR ""nitrite reductase, cytochrome cd1""[Title]) AND ""[Ruminococcus] torques""[Organism]"
Peptoniphilus coxii,Peptoniphilus,Firmicutes,nirS,0,,,"(""nirS""[Title] OR ""cytochrome cd1 nitrite reductase""[Title] OR ""nitrite reductase, cytochrome cd1""[Title]) AND ""Peptoniphilus coxii""[Organism]"
Ligilactobacillus araffinosus,Ligilactobacillus,Firmicutes,nirS,0,,,"(""nirS""[Title] OR ""cytochrome cd1 nitrite reductase""[Title] OR ""nitrite reductase, cytochrome cd1""[Title]) AND ""Ligilactobacillus araffinosus""[Organism]"
Lederbergia lenta,Lederbergia,Firmicutes,nirS,0,,,"(""nirS""[Title] OR ""cytochrome cd1 nitrite reductase""[Title] OR ""nitrite reductase, cytochrome cd1""[Title]) AND ""Lederbergia lenta""[Organism]"
Virgibacillus necropolis,Virgibacillus,Firmicutes,nirS,0,,,"(""nirS""[Title] OR ""cytochrome cd1 nitrite reductase""[Title] OR ""nitrite reductase, cytochrome cd1""[Title]) AND ""Virgibacillus necropolis""[Organism]"
Faecalibacterium hattorii,Faecalibacterium,Firmicutes,nirS,0,,,"(""nirS""[Title] OR ""cytochrome cd1 nitrite reductase""[Title] OR ""nitrite reductase, cytochrome cd1""[Title]) AND ""Faecalibacterium hattorii""[Organism]"
Natronosporangium hydrolyticum,Natronosporangium,Actinobacteria,nirS,0,,,"(""nirS""[Title] OR ""cytochrome cd1 nitrite reductase""[Title] OR ""nitrite reductase, cytochrome cd1""[Title]) AND ""Natronosporangium hydrolyticum""[Organism]"
Negativibacillus massiliensis,Negativibacillus,Firmicutes,nirS,0,,,"(""nirS""[Title] OR ""cytochrome cd1 nitrite reductase""[Title] OR ""nitrite reductase, cytochrome cd1""[Title]) AND ""Negativibacillus massiliensis""[Organism]"
Brachybacterium hainanense,Brachybacterium,Actinobacteria,nirS,0,,,"(""nirS""[Title] OR ""cytochrome cd1 nitrite reductase""[Title] OR ""nitrite reductase, cytochrome cd1""[Title]) AND ""Brachybacterium hainanense""[Organism]"
Oceanobacillus halotolerans,Oceanobacillus,Firmicutes,nirS,0,,,"(""nirS""[Title] OR ""cytochrome cd1 nitrite reductase""[Title] OR ""nitrite reductase, cytochrome cd1""[Title]) AND ""Oceanobacillus halotolerans""[Organism]"
Staphylococcus gallinarum,Staphylococcus,Firmicutes,nirS,0,,,"(""nirS""[Title] OR ""cytochrome cd1 nitrite reductase""[Title] OR ""nitrite reductase, cytochrome cd1""[Title]) AND ""Staphylococcus gallinarum""[Organism]"
Companilactobacillus futsaii,Companilactobacillus,Firmicutes,nirS,0,,,"(""nirS""[Title] OR ""cytochrome cd1 nitrite reductase""[Title] OR ""nitrite reductase, cytochrome cd1""[Title]) AND ""Companilactobacillus futsaii""[Organism]"
Anaerococcus urinomassiliensis,Anaerococcus,Firmicutes,nirS,0,,,"(""nirS""[Title] OR ""cytochrome cd1 nitrite reductase""[Title] OR ""nitrite reductase, cytochrome cd1""[Title]) AND ""Anaerococcus urinomassiliensis""[Organism]"
Wenzhouxiangella salilacus,Wenzhouxiangella,Proteobacteria,nirS,0,,,"(""nirS""[Title] OR ""cytochrome cd1 nitrite reductase""[Title] OR ""nitrite reductase, cytochrome cd1""[Title]) AND ""Wenzhouxiangella salilacus""[Organism]"
Alkalihalobacillus alcalophilus,Alkalihalobacillus,Firmicutes,nirS,0,,,"(""nirS""[Title] OR ""cytochrome cd1 nitrite reductase""[Title] OR ""nitrite reductase, cytochrome cd1""[Title]) AND ""Alkalihalobacillus alcalophilus""[Organism]"
Nocardiopsis listeri,Nocardiopsis,Actinobacteria,nirS,0,,,"(""nirS""[Title] OR ""cytochrome cd1 nitrite reductase""[Title] OR ""nitrite reductase, cytochrome cd1""[Title]) AND ""Nocardiopsis listeri""[Organism]"
Loigolactobacillus rennini,Loigolactobacillus,Firmicutes,nirS,-1,ERROR: HTTP Error 500: Internal Server Error,,"(""nirS""[Title] OR ""cytochrome cd1 nitrite reductase""[Title] OR ""nitrite reductase, cytochrome cd1""[Title]) AND ""Loigolactobacillus rennini""[Organism]"
Anaerococcus octavius,Anaerococcus,Firmicutes,nirS,-1,ERROR: HTTP Error 500: Internal Server Error,,"(""nirS""[Title] OR ""cytochrome cd1 nitrite reductase""[Title] OR ""nitrite reductase, cytochrome cd1""[Title]) AND ""Anaerococcus octavius""[Organism]"
Rhodococcus coprophilus,Rhodococcus,Actinobacteria,nirS,-1,ERROR: HTTP Error 500: Internal Server Error,,"(""nirS""[Title] OR ""cytochrome cd1 nitrite reductase""[Title] OR ""nitrite reductase, cytochrome cd1""[Title]) AND ""Rhodococcus coprophilus""[Organism]"
Limosilactobacillus antri,Limosilactobacillus,Firmicutes,nirS,0,,,"(""nirS""[Title] OR ""cytochrome cd1 nitrite reductase""[Title] OR ""nitrite reductase, cytochrome cd1""[Title]) AND ""Limosilactobacillus antri""[Organism]"
Georgenia yuyongxinii,Georgenia,Actinobacteria,nirS,0,,,"(""nirS""[Title] OR ""cytochrome cd1 nitrite reductase""[Title] OR ""nitrite reductase, cytochrome cd1""[Title]) AND ""Georgenia yuyongxinii""[Organism]"
Phocaeicola dorei,Phocaeicola,Bacteroidota,nirS,0,,,"(""nirS""[Title] OR ""cytochrome cd1 nitrite reductase""[Title] OR ""nitrite reductase, cytochrome cd1""[Title]) AND ""Phocaeicola dorei""[Organism]"
Staphylococcus caledonicus,Staphylococcus,Firmicutes,nirS,0,,,"(""nirS""[Title] OR ""cytochrome cd1 nitrite reductase""[Title] OR ""nitrite reductase, cytochrome cd1""[Title]) AND ""Staphylococcus caledonicus""[Organism]"
Luteimicrobium album,Luteimicrobium,Actinobacteria,nirS,0,,,"(""nirS""[Title] OR ""cytochrome cd1 nitrite reductase""[Title] OR ""nitrite reductase, cytochrome cd1""[Title]) AND ""Luteimicrobium album""[Organism]"
Staphylococcus schweitzeri,Staphylococcus,Firmicutes,nirS,0,,,"(""nirS""[Title] OR ""cytochrome cd1 nitrite reductase""[Title] OR ""nitrite reductase, cytochrome cd1""[Title]) AND ""Staphylococcus schweitzeri""[Organism]"
Brachybacterium fresconis,Brachybacterium,Actinobacteria,nirS,0,,,"(""nirS""[Title] OR ""cytochrome cd1 nitrite reductase""[Title] OR ""nitrite reductase, cytochrome cd1""[Title]) AND ""Brachybacterium fresconis""[Organism]"
Lederbergia galactosidilytica,Lederbergia,Firmicutes,nirS,0,,,"(""nirS""[Title] OR ""cytochrome cd1 nitrite reductase""[Title] OR ""nitrite reductase, cytochrome cd1""[Title]) AND ""Lederbergia galactosidilytica""[Organism]"
Shigella flexneri,Shigella,Proteobacteria,nirS,0,,,"(""nirS""[Title] OR ""cytochrome cd1 nitrite reductase""[Title] OR ""nitrite reductase, cytochrome cd1""[Title]) AND ""Shigella flexneri""[Organism]"
Staphylococcus succinus,Staphylococcus,Firmicutes,nirS,0,,,"(""nirS""[Title] OR ""cytochrome cd1 nitrite reductase""[Title] OR ""nitrite reductase, cytochrome cd1""[Title]) AND ""Staphylococcus succinus""[Organism]"
Virgibacillus carmonensis,Virgibacillus,Firmicutes,nirS,0,,,"(""nirS""[Title] OR ""cytochrome cd1 nitrite reductase""[Title] OR ""nitrite reductase, cytochrome cd1""[Title]) AND ""Virgibacillus carmonensis""[Organism]"
Allofustis seminis,Allofustis,Firmicutes,nirS,0,,,"(""nirS""[Title] OR ""cytochrome cd1 nitrite reductase""[Title] OR ""nitrite reductase, cytochrome cd1""[Title]) AND ""Allofustis seminis""[Organism]"
Staphylococcus hominis,Staphylococcus,Firmicutes,nirS,0,,,"(""nirS""[Title] OR ""cytochrome cd1 nitrite reductase""[Title] OR ""nitrite reductase, cytochrome cd1""[Title]) AND ""Staphylococcus hominis""[Organism]"
Brachybacterium endophyticum,Brachybacterium,Actinobacteria,nirS,0,,,"(""nirS""[Title] OR ""cytochrome cd1 nitrite reductase""[Title] OR ""nitrite reductase, cytochrome cd1""[Title]) AND ""Brachybacterium endophyticum""[Organism]"
Brevibacterium epidermidis,Brevibacterium,Actinobacteria,nirS,0,,,"(""nirS""[Title] OR ""cytochrome cd1 nitrite reductase""[Title] OR ""nitrite reductase, cytochrome cd1""[Title]) AND ""Brevibacterium epidermidis""[Organism]"
Staphylococcus pasteuri,Staphylococcus,Firmicutes,nirS,0,,,"(""nirS""[Title] OR ""cytochrome cd1 nitrite reductase""[Title] OR ""nitrite reductase, cytochrome cd1""[Title]) AND ""Staphylococcus pasteuri""[Organism]"
Mycolicibacterium smegmatis,Mycolicibacterium,Actinobacteria,nirS,0,,,"(""nirS""[Title] OR ""cytochrome cd1 nitrite reductase""[Title] OR ""nitrite reductase, cytochrome cd1""[Title]) AND ""Mycolicibacterium smegmatis""[Organism]"
Brevibacterium casei,Brevibacterium,Actinobacteria,nirS,0,,,"(""nirS""[Title] OR ""cytochrome cd1 nitrite reductase""[Title] OR ""nitrite reductase, cytochrome cd1""[Title]) AND ""Brevibacterium casei""[Organism]"
Pseudactinotalea terrae,Pseudactinotalea,Actinobacteria,nirS,0,,,"(""nirS""[Title] OR ""cytochrome cd1 nitrite reductase""[Title] OR ""nitrite reductase, cytochrome cd1""[Title]) AND ""Pseudactinotalea terrae""[Organism]"
Ligilactobacillus salitolerans,Ligilactobacillus,Firmicutes,nirS,0,,,"(""nirS""[Title] OR ""cytochrome cd1 nitrite reductase""[Title] OR ""nitrite reductase, cytochrome cd1""[Title]) AND ""Ligilactobacillus salitolerans""[Organism]"
Oceanobacillus luteolus,Oceanobacillus,Firmicutes,nirS,0,,,"(""nirS""[Title] OR ""cytochrome cd1 nitrite reductase""[Title] OR ""nitrite reductase, cytochrome cd1""[Title]) AND ""Oceanobacillus luteolus""[Organism]"
Streptomyces triticirhizae,Streptomyces,Actinobacteria,nirS,0,,,"(""nirS""[Title] OR ""cytochrome cd1 nitrite reductase""[Title] OR ""nitrite reductase, cytochrome cd1""[Title]) AND ""Streptomyces triticirhizae""[Organism]"
Paracoccus jeotgali,Paracoccus,Proteobacteria,nirS,0,,,"(""nirS""[Title] OR ""cytochrome cd1 nitrite reductase""[Title] OR ""nitrite reductase, cytochrome cd1""[Title]) AND ""Paracoccus jeotgali""[Organism]"
Pseudoflavonifractor capillosus,Pseudoflavonifractor,Firmicutes,nirS,0,,,"(""nirS""[Title] OR ""cytochrome cd1 nitrite reductase""[Title] OR ""nitrite reductase, cytochrome cd1""[Title]) AND ""Pseudoflavonifractor capillosus""[Organism]"
Staphylococcus casei,Staphylococcus,Firmicutes,nirS,0,,,"(""nirS""[Title] OR ""cytochrome cd1 nitrite reductase""[Title] OR ""nitrite reductase, cytochrome cd1""[Title]) AND ""Staphylococcus casei""[Organism]"
Ruania alba,Ruania,Actinobacteria,nirS,0,,,"(""nirS""[Title] OR ""cytochrome cd1 nitrite reductase""[Title] OR ""nitrite reductase, cytochrome cd1""[Title]) AND ""Ruania alba""[Organism]"
Gemmiger gallinarum,Gemmiger,Firmicutes,nirS,0,,,"(""nirS""[Title] OR ""cytochrome cd1 nitrite reductase""[Title] OR ""nitrite reductase, cytochrome cd1""[Title]) AND ""Gemmiger gallinarum""[Organism]"
Gallibacterium anatis,Gallibacterium,Proteobacteria,nirS,0,,,"(""nirS""[Title] OR ""cytochrome cd1 nitrite reductase""[Title] OR ""nitrite reductase, cytochrome cd1""[Title]) AND ""Gallibacterium anatis""[Organism]"
Levilactobacillus angrenensis,Levilactobacillus,Firmicutes,nirS,0,,,"(""nirS""[Title] OR ""cytochrome cd1 nitrite reductase""[Title] OR ""nitrite reductase, cytochrome cd1""[Title]) AND ""Levilactobacillus angrenensis""[Organism]"
Subdoligranulum variabile,Subdoligranulum,Firmicutes,nirS,0,,,"(""nirS""[Title] OR ""cytochrome cd1 nitrite reductase""[Title] OR ""nitrite reductase, cytochrome cd1""[Title]) AND ""Subdoligranulum variabile""[Organism]"
Oceanobacillus damuensis,Oceanobacillus,Firmicutes,nirS,0,,,"(""nirS""[Title] OR ""cytochrome cd1 nitrite reductase""[Title] OR ""nitrite reductase, cytochrome cd1""[Title]) AND ""Oceanobacillus damuensis""[Organism]"
Escherichia fergusonii,Escherichia,Proteobacteria,nirS,0,,,"(""nirS""[Title] OR ""cytochrome cd1 nitrite reductase""[Title] OR ""nitrite reductase, cytochrome cd1""[Title]) AND ""Escherichia fergusonii""[Organism]"
Romboutsia hominis,Romboutsia,Firmicutes,nirS,0,,,"(""nirS""[Title] OR ""cytochrome cd1 nitrite reductase""[Title] OR ""nitrite reductase, cytochrome cd1""[Title]) AND ""Romboutsia hominis""[Organism]"
Staphylococcus roterodami,Staphylococcus,Firmicutes,nirS,0,,,"(""nirS""[Title] OR ""cytochrome cd1 nitrite reductase""[Title] OR ""nitrite reductase, cytochrome cd1""[Title]) AND ""Staphylococcus roterodami""[Organism]"
Virgibacillus natechei,Virgibacillus,Firmicutes,nirS,0,,,"(""nirS""[Title] OR ""cytochrome cd1 nitrite reductase""[Title] OR ""nitrite reductase, cytochrome cd1""[Title]) AND ""Virgibacillus natechei""[Organism]"
Oceanobacillus polygoni,Oceanobacillus,Firmicutes,nirS,0,,,"(""nirS""[Title] OR ""cytochrome cd1 nitrite reductase""[Title] OR ""nitrite reductase, cytochrome cd1""[Title]) AND ""Oceanobacillus polygoni""[Organism]"
Microbacterium faecale,Microbacterium,Actinobacteria,nirS,0,,,"(""nirS""[Title] OR ""cytochrome cd1 nitrite reductase""[Title] OR ""nitrite reductase, cytochrome cd1""[Title]) AND ""Microbacterium faecale""[Organism]"
Aeromicrobium erythreum,Aeromicrobium,Actinobacteria,nirS,0,,,"(""nirS""[Title] OR ""cytochrome cd1 nitrite reductase""[Title] OR ""nitrite reductase, cytochrome cd1""[Title]) AND ""Aeromicrobium erythreum""[Organism]"
Enterococcus durans,Enterococcus,Firmicutes,nirS,0,,,"(""nirS""[Title] OR ""cytochrome cd1 nitrite reductase""[Title] OR ""nitrite reductase, cytochrome cd1""[Title]) AND ""Enterococcus durans""[Organism]"
Alistipes dispar,Alistipes,Bacteroidota,nirS,0,,,"(""nirS""[Title] OR ""cytochrome cd1 nitrite reductase""[Title] OR ""nitrite reductase, cytochrome cd1""[Title]) AND ""Alistipes dispar""[Organism]"
Enterococcus faecalis,Enterococcus,Firmicutes,nirS,0,,,"(""nirS""[Title] OR ""cytochrome cd1 nitrite reductase""[Title] OR ""nitrite reductase, cytochrome cd1""[Title]) AND ""Enterococcus faecalis""[Organism]"
Mediterraneibacter glycyrrhizinilyticus,Mediterraneibacter,Firmicutes,nirS,0,,,"(""nirS""[Title] OR ""cytochrome cd1 nitrite reductase""[Title] OR ""nitrite reductase, cytochrome cd1""[Title]) AND ""Mediterraneibacter glycyrrhizinilyticus""[Organism]"
Staphylococcus carnosus,Staphylococcus,Firmicutes,nirS,0,,,"(""nirS""[Title] OR ""cytochrome cd1 nitrite reductase""[Title] OR ""nitrite reductase, cytochrome cd1""[Title]) AND ""Staphylococcus carnosus""[Organism]"
Corynebacterium aurimucosum,Corynebacterium,Actinobacteria,nirS,0,,,"(""nirS""[Title] OR ""cytochrome cd1 nitrite reductase""[Title] OR ""nitrite reductase, cytochrome cd1""[Title]) AND ""Corynebacterium aurimucosum""[Organism]"
Nocardiopsis alkaliphila,Nocardiopsis,Actinobacteria,nirS,0,,,"(""nirS""[Title] OR ""cytochrome cd1 nitrite reductase""[Title] OR ""nitrite reductase, cytochrome cd1""[Title]) AND ""Nocardiopsis alkaliphila""[Organism]"
Staphylococcus equorum,Staphylococcus,Firmicutes,nirS,0,,,"(""nirS""[Title] OR ""cytochrome cd1 nitrite reductase""[Title] OR ""nitrite reductase, cytochrome cd1""[Title]) AND ""Staphylococcus equorum""[Organism]"
Blautia glucerasea,Blautia,Firmicutes,nirS,0,,,"(""nirS""[Title] OR ""cytochrome cd1 nitrite reductase""[Title] OR ""nitrite reductase, cytochrome cd1""[Title]) AND ""Blautia glucerasea""[Organism]"
Clostridium haemolyticum,Clostridium,Firmicutes,nirS,0,,,"(""nirS""[Title] OR ""cytochrome cd1 nitrite reductase""[Title] OR ""nitrite reductase, cytochrome cd1""[Title]) AND ""Clostridium haemolyticum""[Organism]"
Oceanisphaera avium,Oceanisphaera,Proteobacteria,nirS,0,,,"(""nirS""[Title] OR ""cytochrome cd1 nitrite reductase""[Title] OR ""nitrite reductase, cytochrome cd1""[Title]) AND ""Oceanisphaera avium""[Organism]"
Falsochrobactrum ovis,Falsochrobactrum,Proteobacteria,nirS,0,,,"(""nirS""[Title] OR ""cytochrome cd1 nitrite reductase""[Title] OR ""nitrite reductase, cytochrome cd1""[Title]) AND ""Falsochrobactrum ovis""[Organism]"
Weissella paramesenteroides,Weissella,Firmicutes,nirS,0,,,"(""nirS""[Title] OR ""cytochrome cd1 nitrite reductase""[Title] OR ""nitrite reductase, cytochrome cd1""[Title]) AND ""Weissella paramesenteroides""[Organism]"
Brachybacterium subflavum,Brachybacterium,Actinobacteria,nirS,0,,,"(""nirS""[Title] OR ""cytochrome cd1 nitrite reductase""[Title] OR ""nitrite reductase, cytochrome cd1""[Title]) AND ""Brachybacterium subflavum""[Organism]"
Companilactobacillus baiquanensis,Companilactobacillus,Firmicutes,nirS,0,,,"(""nirS""[Title] OR ""cytochrome cd1 nitrite reductase""[Title] OR ""nitrite reductase, cytochrome cd1""[Title]) AND ""Companilactobacillus baiquanensis""[Organism]"
Merdimonas faecis,Merdimonas,Firmicutes,nirS,0,,,"(""nirS""[Title] OR ""cytochrome cd1 nitrite reductase""[Title] OR ""nitrite reductase, cytochrome cd1""[Title]) AND ""Merdimonas faecis""[Organism]"
Dietzia alimentaria,Dietzia,Actinobacteria,nirS,0,,,"(""nirS""[Title] OR ""cytochrome cd1 nitrite reductase""[Title] OR ""nitrite reductase, cytochrome cd1""[Title]) AND ""Dietzia alimentaria""[Organism]"
Fusicatenibacter saccharivorans,Fusicatenibacter,Firmicutes,nirS,0,,,"(""nirS""[Title] OR ""cytochrome cd1 nitrite reductase""[Title] OR ""nitrite reductase, cytochrome cd1""[Title]) AND ""Fusicatenibacter saccharivorans""[Organism]"
Staphylococcus aureus,Staphylococcus,Firmicutes,nirS,0,,,"(""nirS""[Title] OR ""cytochrome cd1 nitrite reductase""[Title] OR ""nitrite reductase, cytochrome cd1""[Title]) AND ""Staphylococcus aureus""[Organism]"
Rothia koreensis,Rothia,Actinobacteria,nirS,0,,,"(""nirS""[Title] OR ""cytochrome cd1 nitrite reductase""[Title] OR ""nitrite reductase, cytochrome cd1""[Title]) AND ""Rothia koreensis""[Organism]"
Staphylococcus pseudoxylosus,Staphylococcus,Firmicutes,nirS,0,,,"(""nirS""[Title] OR ""cytochrome cd1 nitrite reductase""[Title] OR ""nitrite reductase, cytochrome cd1""[Title]) AND ""Staphylococcus pseudoxylosus""[Organism]"
Pseudothauera rhizosphaerae,Pseudothauera,Proteobacteria,nirS,0,,,"(""nirS""[Title] OR ""cytochrome cd1 nitrite reductase""[Title] OR ""nitrite reductase, cytochrome cd1""[Title]) AND ""Pseudothauera rhizosphaerae""[Organism]"
Staphylococcus capitis,Staphylococcus,Firmicutes,nirS,0,,,"(""nirS""[Title] OR ""cytochrome cd1 nitrite reductase""[Title] OR ""nitrite reductase, cytochrome cd1""[Title]) AND ""Staphylococcus capitis""[Organism]"
Levilactobacillus tujiorum,Levilactobacillus,Firmicutes,nirS,0,,,"(""nirS""[Title] OR ""cytochrome cd1 nitrite reductase""[Title] OR ""nitrite reductase, cytochrome cd1""[Title]) AND ""Levilactobacillus tujiorum""[Organism]"
Lapidilactobacillus wuchangensis,Lapidilactobacillus,Firmicutes,nirS,0,,,"(""nirS""[Title] OR ""cytochrome cd1 nitrite reductase""[Title] OR ""nitrite reductase, cytochrome cd1""[Title]) AND ""Lapidilactobacillus wuchangensis""[Organism]"
Peptoniphilus timonensis,Peptoniphilus,Firmicutes,nirS,0,,,"(""nirS""[Title] OR ""cytochrome cd1 nitrite reductase""[Title] OR ""nitrite reductase, cytochrome cd1""[Title]) AND ""Peptoniphilus timonensis""[Organism]"
Virgibacillus dokdonensis,Virgibacillus,Firmicutes,nirS,0,,,"(""nirS""[Title] OR ""cytochrome cd1 nitrite reductase""[Title] OR ""nitrite reductase, cytochrome cd1""[Title]) AND ""Virgibacillus dokdonensis""[Organism]"
Anaerococcus rubeinfantis,Anaerococcus,Firmicutes,nirS,0,,,"(""nirS""[Title] OR ""cytochrome cd1 nitrite reductase""[Title] OR ""nitrite reductase, cytochrome cd1""[Title]) AND ""Anaerococcus rubeinfantis""[Organism]"
Corynebacterium sputi,Corynebacterium,Actinobacteria,nirS,0,,,"(""nirS""[Title] OR ""cytochrome cd1 nitrite reductase""[Title] OR ""nitrite reductase, cytochrome cd1""[Title]) AND ""Corynebacterium sputi""[Organism]"
Staphylococcus xylosus,Staphylococcus,Firmicutes,nirS,0,,,"(""nirS""[Title] OR ""cytochrome cd1 nitrite reductase""[Title] OR ""nitrite reductase, cytochrome cd1""[Title]) AND ""Staphylococcus xylosus""[Organism]"
Bacteroides uniformis,Bacteroides,Bacteroidota,nirS,0,,,"(""nirS""[Title] OR ""cytochrome cd1 nitrite reductase""[Title] OR ""nitrite reductase, cytochrome cd1""[Title]) AND ""Bacteroides uniformis""[Organism]"
Enterococcus casseliflavus,Enterococcus,Firmicutes,nirS,0,,,"(""nirS""[Title] OR ""cytochrome cd1 nitrite reductase""[Title] OR ""nitrite reductase, cytochrome cd1""[Title]) AND ""Enterococcus casseliflavus""[Organism]"
Niallia oryzisoli,Niallia,Firmicutes,nirS,0,,,"(""nirS""[Title] OR ""cytochrome cd1 nitrite reductase""[Title] OR ""nitrite reductase, cytochrome cd1""[Title]) AND ""Niallia oryzisoli""[Organism]"
Oscillibacter massiliensis,Oscillibacter,Firmicutes,nirS,0,,,"(""nirS""[Title] OR ""cytochrome cd1 nitrite reductase""[Title] OR ""nitrite reductase, cytochrome cd1""[Title]) AND ""Oscillibacter massiliensis""[Organism]"
Hathewaya limosa,Hathewaya,Firmicutes,nirS,0,,,"(""nirS""[Title] OR ""cytochrome cd1 nitrite reductase""[Title] OR ""nitrite reductase, cytochrome cd1""[Title]) AND ""Hathewaya limosa""[Organism]"
Lactobacillus psittaci,Lactobacillus,Firmicutes,nirS,0,,,"(""nirS""[Title] OR ""cytochrome cd1 nitrite reductase""[Title] OR ""nitrite reductase, cytochrome cd1""[Title]) AND ""Lactobacillus psittaci""[Organism]"
Georgenia soli,Georgenia,Actinobacteria,nirS,0,,,"(""nirS""[Title] OR ""cytochrome cd1 nitrite reductase""[Title] OR ""nitrite reductase, cytochrome cd1""[Title]) AND ""Georgenia soli""[Organism]"
Lentibacillus saliphilus,Lentibacillus,Firmicutes,nirS,0,,,"(""nirS""[Title] OR ""cytochrome cd1 nitrite reductase""[Title] OR ""nitrite reductase, cytochrome cd1""[Title]) AND ""Lentibacillus saliphilus""[Organism]"
Bacillus ferrooxidans,Bacillus,Firmicutes,nirS,0,,,"(""nirS""[Title] OR ""cytochrome cd1 nitrite reductase""[Title] OR ""nitrite reductase, cytochrome cd1""[Title]) AND ""Bacillus ferrooxidans""[Organism]"
Tidjanibacter massiliensis,Tidjanibacter,Bacteroidota,nirS,0,,,"(""nirS""[Title] OR ""cytochrome cd1 nitrite reductase""[Title] OR ""nitrite reductase, cytochrome cd1""[Title]) AND ""Tidjanibacter massiliensis""[Organism]"
Mammaliicoccus fleurettii,Mammaliicoccus,Firmicutes,nirS,0,,,"(""nirS""[Title] OR ""cytochrome cd1 nitrite reductase""[Title] OR ""nitrite reductase, cytochrome cd1""[Title]) AND ""Mammaliicoccus fleurettii""[Organism]"
Staphylococcus lugdunensis,Staphylococcus,Firmicutes,nirS,0,,,"(""nirS""[Title] OR ""cytochrome cd1 nitrite reductase""[Title] OR ""nitrite reductase, cytochrome cd1""[Title]) AND ""Staphylococcus lugdunensis""[Organism]"
Fournierella massiliensis,Fournierella,Firmicutes,nirS,0,,,"(""nirS""[Title] OR ""cytochrome cd1 nitrite reductase""[Title] OR ""nitrite reductase, cytochrome cd1""[Title]) AND ""Fournierella massiliensis""[Organism]"
Clostridium phoceensis,Clostridium,Firmicutes,nirS,0,,,"(""nirS""[Title] OR ""cytochrome cd1 nitrite reductase""[Title] OR ""nitrite reductase, cytochrome cd1""[Title]) AND ""Clostridium phoceensis""[Organism]"
Nocardiopsis sinuspersici,Nocardiopsis,Actinobacteria,nirS,0,,,"(""nirS""[Title] OR ""cytochrome cd1 nitrite reductase""[Title] OR ""nitrite reductase, cytochrome cd1""[Title]) AND ""Nocardiopsis sinuspersici""[Organism]"
Fastidiosipila sanguinis,Fastidiosipila,Firmicutes,nirS,0,,,"(""nirS""[Title] OR ""cytochrome cd1 nitrite reductase""[Title] OR ""nitrite reductase, cytochrome cd1""[Title]) AND ""Fastidiosipila sanguinis""[Organism]"
Pseudoglutamicibacter cumminsii,Pseudoglutamicibacter,Actinobacteria,nirS,0,,,"(""nirS""[Title] OR ""cytochrome cd1 nitrite reductase""[Title] OR ""nitrite reductase, cytochrome cd1""[Title]) AND ""Pseudoglutamicibacter cumminsii""[Organism]"
Virgibacillus indicus,Virgibacillus,Firmicutes,nirS,0,,,"(""nirS""[Title] OR ""cytochrome cd1 nitrite reductase""[Title] OR ""nitrite reductase, cytochrome cd1""[Title]) AND ""Virgibacillus indicus""[Organism]"
Staphylococcus lloydii,Staphylococcus,Firmicutes,nirS,0,,,"(""nirS""[Title] OR ""cytochrome cd1 nitrite reductase""[Title] OR ""nitrite reductase, cytochrome cd1""[Title]) AND ""Staphylococcus lloydii""[Organism]"
Staphylococcus pragensis,Staphylococcus,Firmicutes,nirS,0,,,"(""nirS""[Title] OR ""cytochrome cd1 nitrite reductase""[Title] OR ""nitrite reductase, cytochrome cd1""[Title]) AND ""Staphylococcus pragensis""[Organism]"
Anaerococcus murdochii,Anaerococcus,Firmicutes,nirS,0,,,"(""nirS""[Title] OR ""cytochrome cd1 nitrite reductase""[Title] OR ""nitrite reductase, cytochrome cd1""[Title]) AND ""Anaerococcus murdochii""[Organism]"
Brevibacterium sediminis,Brevibacterium,Actinobacteria,nirS,0,,,"(""nirS""[Title] OR ""cytochrome cd1 nitrite reductase""[Title] OR ""nitrite reductase, cytochrome cd1""[Title]) AND ""Brevibacterium sediminis""[Organism]"
Tetragenococcus halophilus,Tetragenococcus,Firmicutes,nirS,0,,,"(""nirS""[Title] OR ""cytochrome cd1 nitrite reductase""[Title] OR ""nitrite reductase, cytochrome cd1""[Title]) AND ""Tetragenococcus halophilus""[Organism]"
Staphylococcus durrellii,Staphylococcus,Firmicutes,nirS,0,,,"(""nirS""[Title] OR ""cytochrome cd1 nitrite reductase""[Title] OR ""nitrite reductase, cytochrome cd1""[Title]) AND ""Staphylococcus durrellii""[Organism]"
Nocardiopsis terrae,Nocardiopsis,Actinobacteria,nirS,0,,,"(""nirS""[Title] OR ""cytochrome cd1 nitrite reductase""[Title] OR ""nitrite reductase, cytochrome cd1""[Title]) AND ""Nocardiopsis terrae""[Organism]"
Staphylococcus taiwanensis,Staphylococcus,Firmicutes,nirS,0,,,"(""nirS""[Title] OR ""cytochrome cd1 nitrite reductase""[Title] OR ""nitrite reductase, cytochrome cd1""[Title]) AND ""Staphylococcus taiwanensis""[Organism]"
Staphylococcus croceilyticus,Staphylococcus,Firmicutes,nirS,0,,,"(""nirS""[Title] OR ""cytochrome cd1 nitrite reductase""[Title] OR ""nitrite reductase, cytochrome cd1""[Title]) AND ""Staphylococcus croceilyticus""[Organism]"
Pusillimonas noertemannii,Pusillimonas,Proteobacteria,nirS,0,,,"(""nirS""[Title] OR ""cytochrome cd1 nitrite reductase""[Title] OR ""nitrite reductase, cytochrome cd1""[Title]) AND ""Pusillimonas noertemannii""[Organism]"
Phocaeicola vulgatus,Phocaeicola,Bacteroidota,nirS,0,,,"(""nirS""[Title] OR ""cytochrome cd1 nitrite reductase""[Title] OR ""nitrite reductase, cytochrome cd1""[Title]) AND ""Phocaeicola vulgatus""[Organism]"
Globicatella sanguinis,Globicatella,Firmicutes,nirS,0,,,"(""nirS""[Title] OR ""cytochrome cd1 nitrite reductase""[Title] OR ""nitrite reductase, cytochrome cd1""[Title]) AND ""Globicatella sanguinis""[Organism]"
Enterococcus olivae,Enterococcus,Firmicutes,nirS,0,,,"(""nirS""[Title] OR ""cytochrome cd1 nitrite reductase""[Title] OR ""nitrite reductase, cytochrome cd1""[Title]) AND ""Enterococcus olivae""[Organism]"
Saccharomonospora xinjiangensis,Saccharomonospora,Actinobacteria,nirS,0,,,"(""nirS""[Title] OR ""cytochrome cd1 nitrite reductase""[Title] OR ""nitrite reductase, cytochrome cd1""[Title]) AND ""Saccharomonospora xinjiangensis""[Organism]"
Staphylococcus condimenti,Staphylococcus,Firmicutes,nirS,0,,,"(""nirS""[Title] OR ""cytochrome cd1 nitrite reductase""[Title] OR ""nitrite reductase, cytochrome cd1""[Title]) AND ""Staphylococcus condimenti""[Organism]"
Salinicoccus alkaliphilus,Salinicoccus,Firmicutes,nirS,0,,,"(""nirS""[Title] OR ""cytochrome cd1 nitrite reductase""[Title] OR ""nitrite reductase, cytochrome cd1""[Title]) AND ""Salinicoccus alkaliphilus""[Organism]"
Anaerostipes butyraticus,Anaerostipes,Firmicutes,nirS,0,,,"(""nirS""[Title] OR ""cytochrome cd1 nitrite reductase""[Title] OR ""nitrite reductase, cytochrome cd1""[Title]) AND ""Anaerostipes butyraticus""[Organism]"
Bifidobacterium pullorum,Bifidobacterium,Actinobacteria,nirS,0,,,"(""nirS""[Title] OR ""cytochrome cd1 nitrite reductase""[Title] OR ""nitrite reductase, cytochrome cd1""[Title]) AND ""Bifidobacterium pullorum""[Organism]"
Blautia hominis,Blautia,Firmicutes,nirS,0,,,"(""nirS""[Title] OR ""cytochrome cd1 nitrite reductase""[Title] OR ""nitrite reductase, cytochrome cd1""[Title]) AND ""Blautia hominis""[Organism]"
Sellimonas intestinalis,Sellimonas,Firmicutes,nirS,0,,,"(""nirS""[Title] OR ""cytochrome cd1 nitrite reductase""[Title] OR ""nitrite reductase, cytochrome cd1""[Title]) AND ""Sellimonas intestinalis""[Organism]"
Prauserella oleivorans,Prauserella,Actinobacteria,nirS,0,,,"(""nirS""[Title] OR ""cytochrome cd1 nitrite reductase""[Title] OR ""nitrite reductase, cytochrome cd1""[Title]) AND ""Prauserella oleivorans""[Organism]"
Niallia endozanthoxylica,Niallia,Firmicutes,nirS,0,,,"(""nirS""[Title] OR ""cytochrome cd1 nitrite reductase""[Title] OR ""nitrite reductase, cytochrome cd1""[Title]) AND ""Niallia endozanthoxylica""[Organism]"
Sutterella timonensis,Sutterella,Proteobacteria,nirS,0,,,"(""nirS""[Title] OR ""cytochrome cd1 nitrite reductase""[Title] OR ""nitrite reductase, cytochrome cd1""[Title]) AND ""Sutterella timonensis""[Organism]"
Nocardiopsis aegyptia,Nocardiopsis,Actinobacteria,nirS,0,,,"(""nirS""[Title] OR ""cytochrome cd1 nitrite reductase""[Title] OR ""nitrite reductase, cytochrome cd1""[Title]) AND ""Nocardiopsis aegyptia""[Organism]"
Niallia circulans,Niallia,Firmicutes,nirS,0,,,"(""nirS""[Title] OR ""cytochrome cd1 nitrite reductase""[Title] OR ""nitrite reductase, cytochrome cd1""[Title]) AND ""Niallia circulans""[Organism]"
Lederbergia panacisoli,Lederbergia,Firmicutes,nirS,0,,,"(""nirS""[Title] OR ""cytochrome cd1 nitrite reductase""[Title] OR ""nitrite reductase, cytochrome cd1""[Title]) AND ""Lederbergia panacisoli""[Organism]"
Alkalihalobacillus lindianensis,Alkalihalobacillus,Firmicutes,nirS,0,,,"(""nirS""[Title] OR ""cytochrome cd1 nitrite reductase""[Title] OR ""nitrite reductase, cytochrome cd1""[Title]) AND ""Alkalihalobacillus lindianensis""[Organism]"
Ammoniphilus oxalaticus,Ammoniphilus,Firmicutes,nirS,0,,,"(""nirS""[Title] OR ""cytochrome cd1 nitrite reductase""[Title] OR ""nitrite reductase, cytochrome cd1""[Title]) AND ""Ammoniphilus oxalaticus""[Organism]"
Agathobaculum butyriciproducens,Agathobaculum,Firmicutes,nirS,0,,,"(""nirS""[Title] OR ""cytochrome cd1 nitrite reductase""[Title] OR ""nitrite reductase, cytochrome cd1""[Title]) AND ""Agathobaculum butyriciproducens""[Organism]"
Levilactobacillus senmaizukei,Levilactobacillus,Firmicutes,nirS,0,,,"(""nirS""[Title] OR ""cytochrome cd1 nitrite reductase""[Title] OR ""nitrite reductase, cytochrome cd1""[Title]) AND ""Levilactobacillus senmaizukei""[Organism]"
Actinomadura sputi,Actinomadura,Actinobacteria,nirS,0,,,"(""nirS""[Title] OR ""cytochrome cd1 nitrite reductase""[Title] OR ""nitrite reductase, cytochrome cd1""[Title]) AND ""Actinomadura sputi""[Organism]"
Actinotalea caeni,Actinotalea,Actinobacteria,nirS,0,,,"(""nirS""[Title] OR ""cytochrome cd1 nitrite reductase""[Title] OR ""nitrite reductase, cytochrome cd1""[Title]) AND ""Actinotalea caeni""[Organism]"
Halomonas gudaonensis,Halomonas,Proteobacteria,nirS,0,,,"(""nirS""[Title] OR ""cytochrome cd1 nitrite reductase""[Title] OR ""nitrite reductase, cytochrome cd1""[Title]) AND ""Halomonas gudaonensis""[Organism]"
Massilistercora timonensis,Massilistercora,Firmicutes,nirS,0,,,"(""nirS""[Title] OR ""cytochrome cd1 nitrite reductase""[Title] OR ""nitrite reductase, cytochrome cd1""[Title]) AND ""Massilistercora timonensis""[Organism]"
Allosalinactinospora lopnorensis,Allosalinactinospora,Actinobacteria,nirS,0,,,"(""nirS""[Title] OR ""cytochrome cd1 nitrite reductase""[Title] OR ""nitrite reductase, cytochrome cd1""[Title]) AND ""Allosalinactinospora lopnorensis""[Organism]"
Saccharomonospora amisosensis,Saccharomonospora,Actinobacteria,nirS,0,,,"(""nirS""[Title] OR ""cytochrome cd1 nitrite reductase""[Title] OR ""nitrite reductase, cytochrome cd1""[Title]) AND ""Saccharomonospora amisosensis""[Organism]"
Blautia intestinalis,Blautia,Firmicutes,nirS,0,,,"(""nirS""[Title] OR ""cytochrome cd1 nitrite reductase""[Title] OR ""nitrite reductase, cytochrome cd1""[Title]) AND ""Blautia intestinalis""[Organism]"
Anaerococcus jeddahensis,Anaerococcus,Firmicutes,nirS,0,,,"(""nirS""[Title] OR ""cytochrome cd1 nitrite reductase""[Title] OR ""nitrite reductase, cytochrome cd1""[Title]) AND ""Anaerococcus jeddahensis""[Organism]"
Corynebacterium phoceense,Corynebacterium,Actinobacteria,nirS,0,,,"(""nirS""[Title] OR ""cytochrome cd1 nitrite reductase""[Title] OR ""nitrite reductase, cytochrome cd1""[Title]) AND ""Corynebacterium phoceense""[Organism]"
Pseudoflavonifractor gallinarum,Pseudoflavonifractor,Firmicutes,nirS,0,,,"(""nirS""[Title] OR ""cytochrome cd1 nitrite reductase""[Title] OR ""nitrite reductase, cytochrome cd1""[Title]) AND ""Pseudoflavonifractor gallinarum""[Organism]"
Clostridium perfringens,Clostridium,Firmicutes,nirS,0,,,"(""nirS""[Title] OR ""cytochrome cd1 nitrite reductase""[Title] OR ""nitrite reductase, cytochrome cd1""[Title]) AND ""Clostridium perfringens""[Organism]"
Caecibacterium sporoformans,Caecibacterium,Firmicutes,nirS,0,,,"(""nirS""[Title] OR ""cytochrome cd1 nitrite reductase""[Title] OR ""nitrite reductase, cytochrome cd1""[Title]) AND ""Caecibacterium sporoformans""[Organism]"
Janibacter massiliensis,Janibacter,Actinobacteria,nirS,0,,,"(""nirS""[Title] OR ""cytochrome cd1 nitrite reductase""[Title] OR ""nitrite reductase, cytochrome cd1""[Title]) AND ""Janibacter massiliensis""[Organism]"
Levilactobacillus suantsaiihabitans,Levilactobacillus,Firmicutes,nirS,0,,,"(""nirS""[Title] OR ""cytochrome cd1 nitrite reductase""[Title] OR ""nitrite reductase, cytochrome cd1""[Title]) AND ""Levilactobacillus suantsaiihabitans""[Organism]"
Saccharomonospora marina,Saccharomonospora,Actinobacteria,nirS,0,,,"(""nirS""[Title] OR ""cytochrome cd1 nitrite reductase""[Title] OR ""nitrite reductase, cytochrome cd1""[Title]) AND ""Saccharomonospora marina""[Organism]"
Corynebacterium glyciniphilum,Corynebacterium,Actinobacteria,nirS,0,,,"(""nirS""[Title] OR ""cytochrome cd1 nitrite reductase""[Title] OR ""nitrite reductase, cytochrome cd1""[Title]) AND ""Corynebacterium glyciniphilum""[Organism]"
Turicibacter bilis,Turicibacter,Firmicutes,nirS,0,,,"(""nirS""[Title] OR ""cytochrome cd1 nitrite reductase""[Title] OR ""nitrite reductase, cytochrome cd1""[Title]) AND ""Turicibacter bilis""[Organism]"
Anaerococcus tetradius,Anaerococcus,Firmicutes,nirS,0,,,"(""nirS""[Title] OR ""cytochrome cd1 nitrite reductase""[Title] OR ""nitrite reductase, cytochrome cd1""[Title]) AND ""Anaerococcus tetradius""[Organism]"
Weissella thailandensis,Weissella,Firmicutes,nirS,0,,,"(""nirS""[Title] OR ""cytochrome cd1 nitrite reductase""[Title] OR ""nitrite reductase, cytochrome cd1""[Title]) AND ""Weissella thailandensis""[Organism]"
Pseudonocardia asaccharolytica,Pseudonocardia,Actinobacteria,nirS,0,,,"(""nirS""[Title] OR ""cytochrome cd1 nitrite reductase""[Title] OR ""nitrite reductase, cytochrome cd1""[Title]) AND ""Pseudonocardia asaccharolytica""[Organism]"
Virgibacillus halophilus,Virgibacillus,Firmicutes,nirS,0,,,"(""nirS""[Title] OR ""cytochrome cd1 nitrite reductase""[Title] OR ""nitrite reductase, cytochrome cd1""[Title]) AND ""Virgibacillus halophilus""[Organism]"
Dietzia aurantiaca,Dietzia,Actinobacteria,nirS,0,,,"(""nirS""[Title] OR ""cytochrome cd1 nitrite reductase""[Title] OR ""nitrite reductase, cytochrome cd1""[Title]) AND ""Dietzia aurantiaca""[Organism]"
Virgibacillus profundi,Virgibacillus,Firmicutes,nirS,0,,,"(""nirS""[Title] OR ""cytochrome cd1 nitrite reductase""[Title] OR ""nitrite reductase, cytochrome cd1""[Title]) AND ""Virgibacillus profundi""[Organism]"
Georgenia wutianyii,Georgenia,Actinobacteria,nirS,0,,,"(""nirS""[Title] OR ""cytochrome cd1 nitrite reductase""[Title] OR ""nitrite reductase, cytochrome cd1""[Title]) AND ""Georgenia wutianyii""[Organism]"
Halomonas antri,Halomonas,Proteobacteria,nirS,0,,,"(""nirS""[Title] OR ""cytochrome cd1 nitrite reductase""[Title] OR ""nitrite reductase, cytochrome cd1""[Title]) AND ""Halomonas antri""[Organism]"
Aeromicrobium choanae,Aeromicrobium,Actinobacteria,nirS,0,,,"(""nirS""[Title] OR ""cytochrome cd1 nitrite reductase""[Title] OR ""nitrite reductase, cytochrome cd1""[Title]) AND ""Aeromicrobium choanae""[Organism]"
Staphylococcus warneri,Staphylococcus,Firmicutes,nirS,0,,,"(""nirS""[Title] OR ""cytochrome cd1 nitrite reductase""[Title] OR ""nitrite reductase, cytochrome cd1""[Title]) AND ""Staphylococcus warneri""[Organism]"
Aliibacillus thermotolerans,Aliibacillus,Firmicutes,nirS,0,,,"(""nirS""[Title] OR ""cytochrome cd1 nitrite reductase""[Title] OR ""nitrite reductase, cytochrome cd1""[Title]) AND ""Aliibacillus thermotolerans""[Organism]"
Drancourtella massiliensis,Drancourtella,Firmicutes,nirS,0,,,"(""nirS""[Title] OR ""cytochrome cd1 nitrite reductase""[Title] OR ""nitrite reductase, cytochrome cd1""[Title]) AND ""Drancourtella massiliensis""[Organism]"
Pelagibacterium luteolum,Pelagibacterium,Proteobacteria,nirS,0,,,"(""nirS""[Title] OR ""cytochrome cd1 nitrite reductase""[Title] OR ""nitrite reductase, cytochrome cd1""[Title]) AND ""Pelagibacterium luteolum""[Organism]"
Alistipes putredinis,Alistipes,Bacteroidota,nirS,0,,,"(""nirS""[Title] OR ""cytochrome cd1 nitrite reductase""[Title] OR ""nitrite reductase, cytochrome cd1""[Title]) AND ""Alistipes putredinis""[Organism]"
Weissella bombi,Weissella,Firmicutes,nirS,0,,,"(""nirS""[Title] OR ""cytochrome cd1 nitrite reductase""[Title] OR ""nitrite reductase, cytochrome cd1""[Title]) AND ""Weissella bombi""[Organism]"
Janibacter anophelis,Janibacter,Actinobacteria,nirS,0,,,"(""nirS""[Title] OR ""cytochrome cd1 nitrite reductase""[Title] OR ""nitrite reductase, cytochrome cd1""[Title]) AND ""Janibacter anophelis""[Organism]"
Lederbergia wuyishanensis,Lederbergia,Firmicutes,nirS,0,,,"(""nirS""[Title] OR ""cytochrome cd1 nitrite reductase""[Title] OR ""nitrite reductase, cytochrome cd1""[Title]) AND ""Lederbergia wuyishanensis""[Organism]"
Virgibacillus kekensis,Virgibacillus,Firmicutes,nirS,0,,,"(""nirS""[Title] OR ""cytochrome cd1 nitrite reductase""[Title] OR ""nitrite reductase, cytochrome cd1""[Title]) AND ""Virgibacillus kekensis""[Organism]"
Occultella gossypii,Occultella,Actinobacteria,nirS,0,,,"(""nirS""[Title] OR ""cytochrome cd1 nitrite reductase""[Title] OR ""nitrite reductase, cytochrome cd1""[Title]) AND ""Occultella gossypii""[Organism]"
Nocardioides alcanivorans,Nocardioides,Actinobacteria,nirS,0,,,"(""nirS""[Title] OR ""cytochrome cd1 nitrite reductase""[Title] OR ""nitrite reductase, cytochrome cd1""[Title]) AND ""Nocardioides alcanivorans""[Organism]"
Jeotgalibaca arthritidis,Jeotgalibaca,Firmicutes,nirS,0,,,"(""nirS""[Title] OR ""cytochrome cd1 nitrite reductase""[Title] OR ""nitrite reductase, cytochrome cd1""[Title]) AND ""Jeotgalibaca arthritidis""[Organism]"
Irregularibacter muris,Irregularibacter,Firmicutes,nirS,0,,,"(""nirS""[Title] OR ""cytochrome cd1 nitrite reductase""[Title] OR ""nitrite reductase, cytochrome cd1""[Title]) AND ""Irregularibacter muris""[Organism]"
Companilactobacillus formosensis,Companilactobacillus,Firmicutes,nirS,0,,,"(""nirS""[Title] OR ""cytochrome cd1 nitrite reductase""[Title] OR ""nitrite reductase, cytochrome cd1""[Title]) AND ""Companilactobacillus formosensis""[Organism]"
Oceanobacillus endoradicis,Oceanobacillus,Firmicutes,nirS,0,,,"(""nirS""[Title] OR ""cytochrome cd1 nitrite reductase""[Title] OR ""nitrite reductase, cytochrome cd1""[Title]) AND ""Oceanobacillus endoradicis""[Organism]"
Staphylococcus canis,Staphylococcus,Firmicutes,nirS,0,,,"(""nirS""[Title] OR ""cytochrome cd1 nitrite reductase""[Title] OR ""nitrite reductase, cytochrome cd1""[Title]) AND ""Staphylococcus canis""[Organism]"
Peribacillus asahii,Peribacillus,Firmicutes,nirS,0,,,"(""nirS""[Title] OR ""cytochrome cd1 nitrite reductase""[Title] OR ""nitrite reductase, cytochrome cd1""[Title]) AND ""Peribacillus asahii""[Organism]"
Actinotalea solisilvae,Actinotalea,Actinobacteria,nirS,0,,,"(""nirS""[Title] OR ""cytochrome cd1 nitrite reductase""[Title] OR ""nitrite reductase, cytochrome cd1""[Title]) AND ""Actinotalea solisilvae""[Organism]"
Pontibaca methylaminivorans,Pontibaca,Proteobacteria,nirS,0,,,"(""nirS""[Title] OR ""cytochrome cd1 nitrite reductase""[Title] OR ""nitrite reductase, cytochrome cd1""[Title]) AND ""Pontibaca methylaminivorans""[Organism]"
Leucobacter triazinivorans,Leucobacter,Actinobacteria,nirS,0,,,"(""nirS""[Title] OR ""cytochrome cd1 nitrite reductase""[Title] OR ""nitrite reductase, cytochrome cd1""[Title]) AND ""Leucobacter triazinivorans""[Organism]"
Lentibacillus garicola,Lentibacillus,Firmicutes,nirS,0,,,"(""nirS""[Title] OR ""cytochrome cd1 nitrite reductase""[Title] OR ""nitrite reductase, cytochrome cd1""[Title]) AND ""Lentibacillus garicola""[Organism]"
[Clostridium] spiroforme,Erysipelatoclostridium,Firmicutes,nirS,0,,,"(""nirS""[Title] OR ""cytochrome cd1 nitrite reductase""[Title] OR ""nitrite reductase, cytochrome cd1""[Title]) AND ""[Clostridium] spiroforme""[Organism]"
Companilactobacillus huachuanensis,Companilactobacillus,Firmicutes,nirS,0,,,"(""nirS""[Title] OR ""cytochrome cd1 nitrite reductase""[Title] OR ""nitrite reductase, cytochrome cd1""[Title]) AND ""Companilactobacillus huachuanensis""[Organism]"
Flaviflexus ciconiae,Flaviflexus,Actinobacteria,nirS,0,,,"(""nirS""[Title] OR ""cytochrome cd1 nitrite reductase""[Title] OR ""nitrite reductase, cytochrome cd1""[Title]) AND ""Flaviflexus ciconiae""[Organism]"
Romboutsia maritimum,Romboutsia,Firmicutes,nirS,0,,,"(""nirS""[Title] OR ""cytochrome cd1 nitrite reductase""[Title] OR ""nitrite reductase, cytochrome cd1""[Title]) AND ""Romboutsia maritimum""[Organism]"
Salinicoccus kekensis,Salinicoccus,Firmicutes,nirS,0,,,"(""nirS""[Title] OR ""cytochrome cd1 nitrite reductase""[Title] OR ""nitrite reductase, cytochrome cd1""[Title]) AND ""Salinicoccus kekensis""[Organism]"
Globicatella sulfidifaciens,Globicatella,Firmicutes,nirS,0,,,"(""nirS""[Title] OR ""cytochrome cd1 nitrite reductase""[Title] OR ""nitrite reductase, cytochrome cd1""[Title]) AND ""Globicatella sulfidifaciens""[Organism]"
Anaerobutyricum soehngenii,Anaerobutyricum,Firmicutes,nirS,0,,,"(""nirS""[Title] OR ""cytochrome cd1 nitrite reductase""[Title] OR ""nitrite reductase, cytochrome cd1""[Title]) AND ""Anaerobutyricum soehngenii""[Organism]"
Luteimicrobium xylanilyticum,Luteimicrobium,Actinobacteria,nirS,0,,,"(""nirS""[Title] OR ""cytochrome cd1 nitrite reductase""[Title] OR ""nitrite reductase, cytochrome cd1""[Title]) AND ""Luteimicrobium xylanilyticum""[Organism]"
Neglectibacter timonensis,Neglectibacter,Firmicutes,nirS,0,,,"(""nirS""[Title] OR ""cytochrome cd1 nitrite reductase""[Title] OR ""nitrite reductase, cytochrome cd1""[Title]) AND ""Neglectibacter timonensis""[Organism]"
Lachnoclostridium phocaeense,Lachnoclostridium,Firmicutes,nirS,0,,,"(""nirS""[Title] OR ""cytochrome cd1 nitrite reductase""[Title] OR ""nitrite reductase, cytochrome cd1""[Title]) AND ""Lachnoclostridium phocaeense""[Organism]"
Barnesiella intestinihominis,Barnesiella,Bacteroidota,nirS,0,,,"(""nirS""[Title] OR ""cytochrome cd1 nitrite reductase""[Title] OR ""nitrite reductase, cytochrome cd1""[Title]) AND ""Barnesiella intestinihominis""[Organism]"
Staphylococcus piscifermentans,Staphylococcus,Firmicutes,nirS,0,,,"(""nirS""[Title] OR ""cytochrome cd1 nitrite reductase""[Title] OR ""nitrite reductase, cytochrome cd1""[Title]) AND ""Staphylococcus piscifermentans""[Organism]"
Serratia marcescens,Serratia,Proteobacteria,nirS,0,,,"(""nirS""[Title] OR ""cytochrome cd1 nitrite reductase""[Title] OR ""nitrite reductase, cytochrome cd1""[Title]) AND ""Serratia marcescens""[Organism]"
Lapidilactobacillus achengensis,Lapidilactobacillus,Firmicutes,nirS,0,,,"(""nirS""[Title] OR ""cytochrome cd1 nitrite reductase""[Title] OR ""nitrite reductase, cytochrome cd1""[Title]) AND ""Lapidilactobacillus achengensis""[Organism]"
Nocardiopsis alborubida,Nocardiopsis,Actinobacteria,nirS,0,,,"(""nirS""[Title] OR ""cytochrome cd1 nitrite reductase""[Title] OR ""nitrite reductase, cytochrome cd1""[Title]) AND ""Nocardiopsis alborubida""[Organism]"
Paralkalibacillus indicireducens,Paralkalibacillus,Firmicutes,nirS,0,,,"(""nirS""[Title] OR ""cytochrome cd1 nitrite reductase""[Title] OR ""nitrite reductase, cytochrome cd1""[Title]) AND ""Paralkalibacillus indicireducens""[Organism]"
Neobacillus massiliamazoniensis,Neobacillus,Firmicutes,nirS,0,,,"(""nirS""[Title] OR ""cytochrome cd1 nitrite reductase""[Title] OR ""nitrite reductase, cytochrome cd1""[Title]) AND ""Neobacillus massiliamazoniensis""[Organism]"
Corynebacterium lactis,Corynebacterium,Actinobacteria,nirS,0,,,"(""nirS""[Title] OR ""cytochrome cd1 nitrite reductase""[Title] OR ""nitrite reductase, cytochrome cd1""[Title]) AND ""Corynebacterium lactis""[Organism]"
Limosilactobacillus fastidiosus,Limosilactobacillus,Firmicutes,nirS,0,,,"(""nirS""[Title] OR ""cytochrome cd1 nitrite reductase""[Title] OR ""nitrite reductase, cytochrome cd1""[Title]) AND ""Limosilactobacillus fastidiosus""[Organism]"
Staphylococcus simiae,Staphylococcus,Firmicutes,nirS,0,,,"(""nirS""[Title] OR ""cytochrome cd1 nitrite reductase""[Title] OR ""nitrite reductase, cytochrome cd1""[Title]) AND ""Staphylococcus simiae""[Organism]"
Limosilactobacillus secaliphilus,Limosilactobacillus,Firmicutes,nirS,0,,,"(""nirS""[Title] OR ""cytochrome cd1 nitrite reductase""[Title] OR ""nitrite reductase, cytochrome cd1""[Title]) AND ""Limosilactobacillus secaliphilus""[Organism]"
Staphylococcus argenteus,Staphylococcus,Firmicutes,nirS,0,,,"(""nirS""[Title] OR ""cytochrome cd1 nitrite reductase""[Title] OR ""nitrite reductase, cytochrome cd1""[Title]) AND ""Staphylococcus argenteus""[Organism]"
Paludisphaera soli,Paludisphaera,Planctomycetota,nirS,0,,,"(""nirS""[Title] OR ""cytochrome cd1 nitrite reductase""[Title] OR ""nitrite reductase, cytochrome cd1""[Title]) AND ""Paludisphaera soli""[Organism]"
Halomonas nitroreducens,Halomonas,Proteobacteria,nirS,1,ACN97376.1,"NirS, partial [Halomonas nitroreducens]","(""nirS""[Title] OR ""cytochrome cd1 nitrite reductase""[Title] OR ""nitrite reductase, cytochrome cd1""[Title]) AND ""Halomonas nitroreducens""[Organism]"
Clostridium tertium,Clostridium,Firmicutes,nirS,0,,,"(""nirS""[Title] OR ""cytochrome cd1 nitrite reductase""[Title] OR ""nitrite reductase, cytochrome cd1""[Title]) AND ""Clostridium tertium""[Organism]"
Lagierella massiliensis,Lagierella,Firmicutes,nirS,0,,,"(""nirS""[Title] OR ""cytochrome cd1 nitrite reductase""[Title] OR ""nitrite reductase, cytochrome cd1""[Title]) AND ""Lagierella massiliensis""[Organism]"
Corynebacterium glutamicum,Corynebacterium,Actinobacteria,nirS,0,,,"(""nirS""[Title] OR ""cytochrome cd1 nitrite reductase""[Title] OR ""nitrite reductase, cytochrome cd1""[Title]) AND ""Corynebacterium glutamicum""[Organism]"
Alkalibacterium iburiense,Alkalibacterium,Firmicutes,nirS,0,,,"(""nirS""[Title] OR ""cytochrome cd1 nitrite reductase""[Title] OR ""nitrite reductase, cytochrome cd1""[Title]) AND ""Alkalibacterium iburiense""[Organism]"
Tissierella creatinini,Tissierella,Firmicutes,nirS,0,,,"(""nirS""[Title] OR ""cytochrome cd1 nitrite reductase""[Title] OR ""nitrite reductase, cytochrome cd1""[Title]) AND ""Tissierella creatinini""[Organism]"
Virgibacillus doumboii,Virgibacillus,Firmicutes,nirS,0,,,"(""nirS""[Title] OR ""cytochrome cd1 nitrite reductase""[Title] OR ""nitrite reductase, cytochrome cd1""[Title]) AND ""Virgibacillus doumboii""[Organism]"
Parabacteroides johnsonii,Parabacteroides,Bacteroidota,nirS,0,,,"(""nirS""[Title] OR ""cytochrome cd1 nitrite reductase""[Title] OR ""nitrite reductase, cytochrome cd1""[Title]) AND ""Parabacteroides johnsonii""[Organism]"
Weissella hellenica,Weissella,Firmicutes,nirS,0,,,"(""nirS""[Title] OR ""cytochrome cd1 nitrite reductase""[Title] OR ""nitrite reductase, cytochrome cd1""[Title]) AND ""Weissella hellenica""[Organism]"
Gleimia europaea,Gleimia,Actinobacteria,nirS,0,,,"(""nirS""[Title] OR ""cytochrome cd1 nitrite reductase""[Title] OR ""nitrite reductase, cytochrome cd1""[Title]) AND ""Gleimia europaea""[Organism]"
Massilimicrobiota timonensis,Massilimicrobiota,Firmicutes,nirS,0,,,"(""nirS""[Title] OR ""cytochrome cd1 nitrite reductase""[Title] OR ""nitrite reductase, cytochrome cd1""[Title]) AND ""Massilimicrobiota timonensis""[Organism]"
Halopseudomonas pertucinogena,Halopseudomonas,Proteobacteria,nirS,0,,,"(""nirS""[Title] OR ""cytochrome cd1 nitrite reductase""[Title] OR ""nitrite reductase, cytochrome cd1""[Title]) AND ""Halopseudomonas pertucinogena""[Organism]"
Shigella dysenteriae,Shigella,Proteobacteria,nirS,0,,,"(""nirS""[Title] OR ""cytochrome cd1 nitrite reductase""[Title] OR ""nitrite reductase, cytochrome cd1""[Title]) AND ""Shigella dysenteriae""[Organism]"
Actinotalea subterranea,Actinotalea,Actinobacteria,nirS,0,,,"(""nirS""[Title] OR ""cytochrome cd1 nitrite reductase""[Title] OR ""nitrite reductase, cytochrome cd1""[Title]) AND ""Actinotalea subterranea""[Organism]"
Gorbachella massiliensis,Gorbachella,Firmicutes,nirS,0,,,"(""nirS""[Title] OR ""cytochrome cd1 nitrite reductase""[Title] OR ""nitrite reductase, cytochrome cd1""[Title]) AND ""Gorbachella massiliensis""[Organism]"
Staphylococcus caprae,Staphylococcus,Firmicutes,nirS,0,,,"(""nirS""[Title] OR ""cytochrome cd1 nitrite reductase""[Title] OR ""nitrite reductase, cytochrome cd1""[Title]) AND ""Staphylococcus caprae""[Organism]"
Brevibacterium marinum,Brevibacterium,Actinobacteria,nirS,0,,,"(""nirS""[Title] OR ""cytochrome cd1 nitrite reductase""[Title] OR ""nitrite reductase, cytochrome cd1""[Title]) AND ""Brevibacterium marinum""[Organism]"
Limosilactobacillus caviae,Limosilactobacillus,Firmicutes,nirS,0,,,"(""nirS""[Title] OR ""cytochrome cd1 nitrite reductase""[Title] OR ""nitrite reductase, cytochrome cd1""[Title]) AND ""Limosilactobacillus caviae""[Organism]"
Streptococcus equinus,Streptococcus,Firmicutes,nirS,0,,,"(""nirS""[Title] OR ""cytochrome cd1 nitrite reductase""[Title] OR ""nitrite reductase, cytochrome cd1""[Title]) AND ""Streptococcus equinus""[Organism]"
Halomonas desiderata,Halomonas,Proteobacteria,nirS,0,,,"(""nirS""[Title] OR ""cytochrome cd1 nitrite reductase""[Title] OR ""nitrite reductase, cytochrome cd1""[Title]) AND ""Halomonas desiderata""[Organism]"
Clostridium cylindrosporum,Clostridium,Firmicutes,nirS,0,,,"(""nirS""[Title] OR ""cytochrome cd1 nitrite reductase""[Title] OR ""nitrite reductase, cytochrome cd1""[Title]) AND ""Clostridium cylindrosporum""[Organism]"
Anaerotignum lactatifermentans,Anaerotignum,Firmicutes,nirS,0,,,"(""nirS""[Title] OR ""cytochrome cd1 nitrite reductase""[Title] OR ""nitrite reductase, cytochrome cd1""[Title]) AND ""Anaerotignum lactatifermentans""[Organism]"
Ruania halotolerans,Ruania,Actinobacteria,nirS,0,,,"(""nirS""[Title] OR ""cytochrome cd1 nitrite reductase""[Title] OR ""nitrite reductase, cytochrome cd1""[Title]) AND ""Ruania halotolerans""[Organism]"
Shigella boydii,Shigella,Proteobacteria,nirS,0,,,"(""nirS""[Title] OR ""cytochrome cd1 nitrite reductase""[Title] OR ""nitrite reductase, cytochrome cd1""[Title]) AND ""Shigella boydii""[Organism]"
Veillonella magna,Veillonella,Firmicutes,nirS,0,,,"(""nirS""[Title] OR ""cytochrome cd1 nitrite reductase""[Title] OR ""nitrite reductase, cytochrome cd1""[Title]) AND ""Veillonella magna""[Organism]"
Enterococcus villorum,Enterococcus,Firmicutes,nirS,0,,,"(""nirS""[Title] OR ""cytochrome cd1 nitrite reductase""[Title] OR ""nitrite reductase, cytochrome cd1""[Title]) AND ""Enterococcus villorum""[Organism]"
[Clostridium] dakarense,Romboutsia,Firmicutes,nirS,0,,,"(""nirS""[Title] OR ""cytochrome cd1 nitrite reductase""[Title] OR ""nitrite reductase, cytochrome cd1""[Title]) AND ""[Clostridium] dakarense""[Organism]"
Brevibacterium ravenspurgense,Brevibacterium,Actinobacteria,nirS,0,,,"(""nirS""[Title] OR ""cytochrome cd1 nitrite reductase""[Title] OR ""nitrite reductase, cytochrome cd1""[Title]) AND ""Brevibacterium ravenspurgense""[Organism]"
Paracoccus alcaliphilus,Paracoccus,Proteobacteria,nirS,0,,,"(""nirS""[Title] OR ""cytochrome cd1 nitrite reductase""[Title] OR ""nitrite reductase, cytochrome cd1""[Title]) AND ""Paracoccus alcaliphilus""[Organism]"
Aeromicrobium stalagmiti,Aeromicrobium,Actinobacteria,nirS,0,,,"(""nirS""[Title] OR ""cytochrome cd1 nitrite reductase""[Title] OR ""nitrite reductase, cytochrome cd1""[Title]) AND ""Aeromicrobium stalagmiti""[Organism]"
Occultella glacieicola,Occultella,Actinobacteria,nirS,0,,,"(""nirS""[Title] OR ""cytochrome cd1 nitrite reductase""[Title] OR ""nitrite reductase, cytochrome cd1""[Title]) AND ""Occultella glacieicola""[Organism]"
Companilactobacillus heilongjiangensis,Companilactobacillus,Firmicutes,nirS,0,,,"(""nirS""[Title] OR ""cytochrome cd1 nitrite reductase""[Title] OR ""nitrite reductase, cytochrome cd1""[Title]) AND ""Companilactobacillus heilongjiangensis""[Organism]"
Levilactobacillus parabrevis,Levilactobacillus,Firmicutes,nirS,0,,,"(""nirS""[Title] OR ""cytochrome cd1 nitrite reductase""[Title] OR ""nitrite reductase, cytochrome cd1""[Title]) AND ""Levilactobacillus parabrevis""[Organism]"
Clostridium disporicum,Clostridium,Firmicutes,nirS,0,,,"(""nirS""[Title] OR ""cytochrome cd1 nitrite reductase""[Title] OR ""nitrite reductase, cytochrome cd1""[Title]) AND ""Clostridium disporicum""[Organism]"
Lactobacillus hominis,Lactobacillus,Firmicutes,nirS,0,,,"(""nirS""[Title] OR ""cytochrome cd1 nitrite reductase""[Title] OR ""nitrite reductase, cytochrome cd1""[Title]) AND ""Lactobacillus hominis""[Organism]"
Aeromicrobium massiliense,Aeromicrobium,Actinobacteria,nirS,0,,,"(""nirS""[Title] OR ""cytochrome cd1 nitrite reductase""[Title] OR ""nitrite reductase, cytochrome cd1""[Title]) AND ""Aeromicrobium massiliense""[Organism]"
Faecalibacterium gallinarum,Faecalibacterium,Firmicutes,nirS,0,,,"(""nirS""[Title] OR ""cytochrome cd1 nitrite reductase""[Title] OR ""nitrite reductase, cytochrome cd1""[Title]) AND ""Faecalibacterium gallinarum""[Organism]"
Lederbergia citrisecundus,Lederbergia,Firmicutes,nirS,0,,,"(""nirS""[Title] OR ""cytochrome cd1 nitrite reductase""[Title] OR ""nitrite reductase, cytochrome cd1""[Title]) AND ""Lederbergia citrisecundus""[Organism]"
Jeotgalicoccus saudimassiliensis,Jeotgalicoccus,Firmicutes,nirS,0,,,"(""nirS""[Title] OR ""cytochrome cd1 nitrite reductase""[Title] OR ""nitrite reductase, cytochrome cd1""[Title]) AND ""Jeotgalicoccus saudimassiliensis""[Organism]"
Enterococcus gallinarum,Enterococcus,Firmicutes,nirS,0,,,"(""nirS""[Title] OR ""cytochrome cd1 nitrite reductase""[Title] OR ""nitrite reductase, cytochrome cd1""[Title]) AND ""Enterococcus gallinarum""[Organism]"
Lactiplantibacillus plajomi,Lactiplantibacillus,Firmicutes,nirS,0,,,"(""nirS""[Title] OR ""cytochrome cd1 nitrite reductase""[Title] OR ""nitrite reductase, cytochrome cd1""[Title]) AND ""Lactiplantibacillus plajomi""[Organism]"
Clostridium niameyense,Clostridium,Firmicutes,nirS,0,,,"(""nirS""[Title] OR ""cytochrome cd1 nitrite reductase""[Title] OR ""nitrite reductase, cytochrome cd1""[Title]) AND ""Clostridium niameyense""[Organism]"
Pusillimonas ginsengisoli,Pusillimonas,Proteobacteria,nirS,0,,,"(""nirS""[Title] OR ""cytochrome cd1 nitrite reductase""[Title] OR ""nitrite reductase, cytochrome cd1""[Title]) AND ""Pusillimonas ginsengisoli""[Organism]"
Staphylococcus kloosii,Staphylococcus,Firmicutes,nirS,0,,,"(""nirS""[Title] OR ""cytochrome cd1 nitrite reductase""[Title] OR ""nitrite reductase, cytochrome cd1""[Title]) AND ""Staphylococcus kloosii""[Organism]"
Tissierella pigra,Tissierella,Firmicutes,nirS,0,,,"(""nirS""[Title] OR ""cytochrome cd1 nitrite reductase""[Title] OR ""nitrite reductase, cytochrome cd1""[Title]) AND ""Tissierella pigra""[Organism]"
Nesterenkonia alkaliphila,Nesterenkonia,Actinobacteria,nirS,0,,,"(""nirS""[Title] OR ""cytochrome cd1 nitrite reductase""[Title] OR ""nitrite reductase, cytochrome cd1""[Title]) AND ""Nesterenkonia alkaliphila""[Organism]"
Pelagibacterium sediminicola,Pelagibacterium,Proteobacteria,nirS,0,,,"(""nirS""[Title] OR ""cytochrome cd1 nitrite reductase""[Title] OR ""nitrite reductase, cytochrome cd1""[Title]) AND ""Pelagibacterium sediminicola""[Organism]"
Falsochrobactrum shanghaiense,Falsochrobactrum,Proteobacteria,nirS,0,,,"(""nirS""[Title] OR ""cytochrome cd1 nitrite reductase""[Title] OR ""nitrite reductase, cytochrome cd1""[Title]) AND ""Falsochrobactrum shanghaiense""[Organism]"
Saccharomonospora piscinae,Saccharomonospora,Actinobacteria,nirS,0,,,"(""nirS""[Title] OR ""cytochrome cd1 nitrite reductase""[Title] OR ""nitrite reductase, cytochrome cd1""[Title]) AND ""Saccharomonospora piscinae""[Organism]"
Bacillus salipaludis,Bacillus,Firmicutes,nirS,0,,,"(""nirS""[Title] OR ""cytochrome cd1 nitrite reductase""[Title] OR ""nitrite reductase, cytochrome cd1""[Title]) AND ""Bacillus salipaludis""[Organism]"
Urinicoccus massiliensis,Urinicoccus,Firmicutes,nirS,0,,,"(""nirS""[Title] OR ""cytochrome cd1 nitrite reductase""[Title] OR ""nitrite reductase, cytochrome cd1""[Title]) AND ""Urinicoccus massiliensis""[Organism]"
Alistipes communis,Alistipes,Bacteroidota,nirS,0,,,"(""nirS""[Title] OR ""cytochrome cd1 nitrite reductase""[Title] OR ""nitrite reductase, cytochrome cd1""[Title]) AND ""Alistipes communis""[Organism]"
Caenimicrobium hargitense,Caenimicrobium,Proteobacteria,nirS,0,,,"(""nirS""[Title] OR ""cytochrome cd1 nitrite reductase""[Title] OR ""nitrite reductase, cytochrome cd1""[Title]) AND ""Caenimicrobium hargitense""[Organism]"
[Clostridium] colinum,Tyzzerella,Firmicutes,nirS,0,,,"(""nirS""[Title] OR ""cytochrome cd1 nitrite reductase""[Title] OR ""nitrite reductase, cytochrome cd1""[Title]) AND ""[Clostridium] colinum""[Organism]"
Tissierella creatinophila,Tissierella,Firmicutes,nirS,0,,,"(""nirS""[Title] OR ""cytochrome cd1 nitrite reductase""[Title] OR ""nitrite reductase, cytochrome cd1""[Title]) AND ""Tissierella creatinophila""[Organism]"
Companilactobacillus tucceti,Companilactobacillus,Firmicutes,nirS,0,,,"(""nirS""[Title] OR ""cytochrome cd1 nitrite reductase""[Title] OR ""nitrite reductase, cytochrome cd1""[Title]) AND ""Companilactobacillus tucceti""[Organism]"
Luteimonas fraxinea,Luteimonas,Proteobacteria,nirS,0,,,"(""nirS""[Title] OR ""cytochrome cd1 nitrite reductase""[Title] OR ""nitrite reductase, cytochrome cd1""[Title]) AND ""Luteimonas fraxinea""[Organism]"
Vagococcus entomophilus,Vagococcus,Firmicutes,nirS,0,,,"(""nirS""[Title] OR ""cytochrome cd1 nitrite reductase""[Title] OR ""nitrite reductase, cytochrome cd1""[Title]) AND ""Vagococcus entomophilus""[Organism]"
Lederbergia citri,Lederbergia,Firmicutes,nirS,0,,,"(""nirS""[Title] OR ""cytochrome cd1 nitrite reductase""[Title] OR ""nitrite reductase, cytochrome cd1""[Title]) AND ""Lederbergia citri""[Organism]"
Brachybacterium alimentarium,Brachybacterium,Actinobacteria,nirS,0,,,"(""nirS""[Title] OR ""cytochrome cd1 nitrite reductase""[Title] OR ""nitrite reductase, cytochrome cd1""[Title]) AND ""Brachybacterium alimentarium""[Organism]"
Ornithinimicrobium ciconiae,Ornithinimicrobium,Actinobacteria,nirS,0,,,"(""nirS""[Title] OR ""cytochrome cd1 nitrite reductase""[Title] OR ""nitrite reductase, cytochrome cd1""[Title]) AND ""Ornithinimicrobium ciconiae""[Organism]"
Leucobacter massiliensis,Leucobacter,Actinobacteria,nirS,0,,,"(""nirS""[Title] OR ""cytochrome cd1 nitrite reductase""[Title] OR ""nitrite reductase, cytochrome cd1""[Title]) AND ""Leucobacter massiliensis""[Organism]"
Garicola koreensis,Garicola,Actinobacteria,nirS,0,,,"(""nirS""[Title] OR ""cytochrome cd1 nitrite reductase""[Title] OR ""nitrite reductase, cytochrome cd1""[Title]) AND ""Garicola koreensis""[Organism]"
Propionimicrobium lymphophilum,Propionimicrobium,Actinobacteria,nirS,0,,,"(""nirS""[Title] OR ""cytochrome cd1 nitrite reductase""[Title] OR ""nitrite reductase, cytochrome cd1""[Title]) AND ""Propionimicrobium lymphophilum""[Organism]"
Sporosarcina luteola,Sporosarcina,Firmicutes,nirS,0,,,"(""nirS""[Title] OR ""cytochrome cd1 nitrite reductase""[Title] OR ""nitrite reductase, cytochrome cd1""[Title]) AND ""Sporosarcina luteola""[Organism]"
Virgibacillus olivae,Virgibacillus,Firmicutes,nirS,0,,,"(""nirS""[Title] OR ""cytochrome cd1 nitrite reductase""[Title] OR ""nitrite reductase, cytochrome cd1""[Title]) AND ""Virgibacillus olivae""[Organism]"
Sanguibacter massiliensis,Sanguibacter,Actinobacteria,nirS,0,,,"(""nirS""[Title] OR ""cytochrome cd1 nitrite reductase""[Title] OR ""nitrite reductase, cytochrome cd1""[Title]) AND ""Sanguibacter massiliensis""[Organism]"
Escherichia marmotae,Escherichia,Proteobacteria,nirS,0,,,"(""nirS""[Title] OR ""cytochrome cd1 nitrite reductase""[Title] OR ""nitrite reductase, cytochrome cd1""[Title]) AND ""Escherichia marmotae""[Organism]"
Urmitella timonensis,Urmitella,Firmicutes,nirS,0,,,"(""nirS""[Title] OR ""cytochrome cd1 nitrite reductase""[Title] OR ""nitrite reductase, cytochrome cd1""[Title]) AND ""Urmitella timonensis""[Organism]"
Companilactobacillus nuruki,Companilactobacillus,Firmicutes,nirS,0,,,"(""nirS""[Title] OR ""cytochrome cd1 nitrite reductase""[Title] OR ""nitrite reductase, cytochrome cd1""[Title]) AND ""Companilactobacillus nuruki""[Organism]"
Cellulomonas composti,Cellulomonas,Actinobacteria,nirS,0,,,"(""nirS""[Title] OR ""cytochrome cd1 nitrite reductase""[Title] OR ""nitrite reductase, cytochrome cd1""[Title]) AND ""Cellulomonas composti""[Organism]"
Jeotgalicoccus pinnipedialis,Jeotgalicoccus,Firmicutes,nirS,0,,,"(""nirS""[Title] OR ""cytochrome cd1 nitrite reductase""[Title] OR ""nitrite reductase, cytochrome cd1""[Title]) AND ""Jeotgalicoccus pinnipedialis""[Organism]"
Rhodohalobacter halophilus,Rhodohalobacter,Balneolaeota,nirS,0,,,"(""nirS""[Title] OR ""cytochrome cd1 nitrite reductase""[Title] OR ""nitrite reductase, cytochrome cd1""[Title]) AND ""Rhodohalobacter halophilus""[Organism]"
Nitratireductor aestuarii,Nitratireductor,Proteobacteria,nirS,0,,,"(""nirS""[Title] OR ""cytochrome cd1 nitrite reductase""[Title] OR ""nitrite reductase, cytochrome cd1""[Title]) AND ""Nitratireductor aestuarii""[Organism]"
Mediterraneibacter faecis,Mediterraneibacter,Firmicutes,nirS,0,,,"(""nirS""[Title] OR ""cytochrome cd1 nitrite reductase""[Title] OR ""nitrite reductase, cytochrome cd1""[Title]) AND ""Mediterraneibacter faecis""[Organism]"
Bilophila wadsworthia,Bilophila,Proteobacteria,nirS,0,,,"(""nirS""[Title] OR ""cytochrome cd1 nitrite reductase""[Title] OR ""nitrite reductase, cytochrome cd1""[Title]) AND ""Bilophila wadsworthia""[Organism]"
Rikenella microfusus,Rikenella,Bacteroidota,nirS,0,,,"(""nirS""[Title] OR ""cytochrome cd1 nitrite reductase""[Title] OR ""nitrite reductase, cytochrome cd1""[Title]) AND ""Rikenella microfusus""[Organism]"
Stackebrandtia nassauensis,Stackebrandtia,Actinobacteria,nirS,0,,,"(""nirS""[Title] OR ""cytochrome cd1 nitrite reductase""[Title] OR ""nitrite reductase, cytochrome cd1""[Title]) AND ""Stackebrandtia nassauensis""[Organism]"
Stackebrandtia albiflava,Stackebrandtia,Actinobacteria,nirS,0,,,"(""nirS""[Title] OR ""cytochrome cd1 nitrite reductase""[Title] OR ""nitrite reductase, cytochrome cd1""[Title]) AND ""Stackebrandtia albiflava""[Organism]"
Nocardiopsis synnemataformans,Nocardiopsis,Actinobacteria,nirS,0,,,"(""nirS""[Title] OR ""cytochrome cd1 nitrite reductase""[Title] OR ""nitrite reductase, cytochrome cd1""[Title]) AND ""Nocardiopsis synnemataformans""[Organism]"
Staphylococcus debuckii,Staphylococcus,Firmicutes,nirS,0,,,"(""nirS""[Title] OR ""cytochrome cd1 nitrite reductase""[Title] OR ""nitrite reductase, cytochrome cd1""[Title]) AND ""Staphylococcus debuckii""[Organism]"
Cytobacillus depressus,Cytobacillus,Firmicutes,nirS,0,,,"(""nirS""[Title] OR ""cytochrome cd1 nitrite reductase""[Title] OR ""nitrite reductase, cytochrome cd1""[Title]) AND ""Cytobacillus depressus""[Organism]"
Alistipes senegalensis,Alistipes,Bacteroidota,nirS,0,,,"(""nirS""[Title] OR ""cytochrome cd1 nitrite reductase""[Title] OR ""nitrite reductase, cytochrome cd1""[Title]) AND ""Alistipes senegalensis""[Organism]"
Levilactobacillus zymae,Levilactobacillus,Firmicutes,nirS,0,,,"(""nirS""[Title] OR ""cytochrome cd1 nitrite reductase""[Title] OR ""nitrite reductase, cytochrome cd1""[Title]) AND ""Levilactobacillus zymae""[Organism]"
Corynebacterium occultum,Corynebacterium,Actinobacteria,nirS,0,,,"(""nirS""[Title] OR ""cytochrome cd1 nitrite reductase""[Title] OR ""nitrite reductase, cytochrome cd1""[Title]) AND ""Corynebacterium occultum""[Organism]"
Blautia producta,Blautia,Firmicutes,nirS,0,,,"(""nirS""[Title] OR ""cytochrome cd1 nitrite reductase""[Title] OR ""nitrite reductase, cytochrome cd1""[Title]) AND ""Blautia producta""[Organism]"
Companilactobacillus mindensis,Companilactobacillus,Firmicutes,nirS,0,,,"(""nirS""[Title] OR ""cytochrome cd1 nitrite reductase""[Title] OR ""nitrite reductase, cytochrome cd1""[Title]) AND ""Companilactobacillus mindensis""[Organism]"
Tetragenococcus solitarius,Tetragenococcus,Firmicutes,nirS,0,,,"(""nirS""[Title] OR ""cytochrome cd1 nitrite reductase""[Title] OR ""nitrite reductase, cytochrome cd1""[Title]) AND ""Tetragenococcus solitarius""[Organism]"
Tumebacillus ginsengisoli,Tumebacillus,Firmicutes,nirS,0,,,"(""nirS""[Title] OR ""cytochrome cd1 nitrite reductase""[Title] OR ""nitrite reductase, cytochrome cd1""[Title]) AND ""Tumebacillus ginsengisoli""[Organism]"
Ammoniphilus resinae,Ammoniphilus,Firmicutes,nirS,0,,,"(""nirS""[Title] OR ""cytochrome cd1 nitrite reductase""[Title] OR ""nitrite reductase, cytochrome cd1""[Title]) AND ""Ammoniphilus resinae""[Organism]"
Eisenbergiella tayi,Eisenbergiella,Firmicutes,nirS,0,,,"(""nirS""[Title] OR ""cytochrome cd1 nitrite reductase""[Title] OR ""nitrite reductase, cytochrome cd1""[Title]) AND ""Eisenbergiella tayi""[Organism]"
Bacillus suaedae,Bacillus,Firmicutes,nirS,0,,,"(""nirS""[Title] OR ""cytochrome cd1 nitrite reductase""[Title] OR ""nitrite reductase, cytochrome cd1""[Title]) AND ""Bacillus suaedae""[Organism]"
Saccharomonospora colocasiae,Saccharomonospora,Actinobacteria,nirS,0,,,"(""nirS""[Title] OR ""cytochrome cd1 nitrite reductase""[Title] OR ""nitrite reductase, cytochrome cd1""[Title]) AND ""Saccharomonospora colocasiae""[Organism]"
Streptococcus lutetiensis,Streptococcus,Firmicutes,nirS,0,,,"(""nirS""[Title] OR ""cytochrome cd1 nitrite reductase""[Title] OR ""nitrite reductase, cytochrome cd1""[Title]) AND ""Streptococcus lutetiensis""[Organism]"
Caldibacillus kokeshiiformis,Caldibacillus,Firmicutes,nirS,0,,,"(""nirS""[Title] OR ""cytochrome cd1 nitrite reductase""[Title] OR ""nitrite reductase, cytochrome cd1""[Title]) AND ""Caldibacillus kokeshiiformis""[Organism]"
Pseudoglutamicibacter albus,Pseudoglutamicibacter,Actinobacteria,nirS,0,,,"(""nirS""[Title] OR ""cytochrome cd1 nitrite reductase""[Title] OR ""nitrite reductase, cytochrome cd1""[Title]) AND ""Pseudoglutamicibacter albus""[Organism]"
[Lactobacillus] timonensis,Limosilactobacillus,Firmicutes,nirS,0,,,"(""nirS""[Title] OR ""cytochrome cd1 nitrite reductase""[Title] OR ""nitrite reductase, cytochrome cd1""[Title]) AND ""[Lactobacillus] timonensis""[Organism]"
Phascolarctobacterium faecium,Phascolarctobacterium,Firmicutes,nirS,0,,,"(""nirS""[Title] OR ""cytochrome cd1 nitrite reductase""[Title] OR ""nitrite reductase, cytochrome cd1""[Title]) AND ""Phascolarctobacterium faecium""[Organism]"
Anaerococcus vaginalis,Anaerococcus,Firmicutes,nirS,0,,,"(""nirS""[Title] OR ""cytochrome cd1 nitrite reductase""[Title] OR ""nitrite reductase, cytochrome cd1""[Title]) AND ""Anaerococcus vaginalis""[Organism]"
Nitrosomonas stercoris,Nitrosomonas,Proteobacteria,nirS,0,,,"(""nirS""[Title] OR ""cytochrome cd1 nitrite reductase""[Title] OR ""nitrite reductase, cytochrome cd1""[Title]) AND ""Nitrosomonas stercoris""[Organism]"
Staphylococcus epidermidis,Staphylococcus,Firmicutes,nirS,0,,,"(""nirS""[Title] OR ""cytochrome cd1 nitrite reductase""[Title] OR ""nitrite reductase, cytochrome cd1""[Title]) AND ""Staphylococcus epidermidis""[Organism]"
Galbibacter marinus,Galbibacter,Bacteroidota,nirS,0,,,"(""nirS""[Title] OR ""cytochrome cd1 nitrite reductase""[Title] OR ""nitrite reductase, cytochrome cd1""[Title]) AND ""Galbibacter marinus""[Organism]"
Haloactinopolyspora alkaliphila,Haloactinopolyspora,Actinobacteria,nirS,0,,,"(""nirS""[Title] OR ""cytochrome cd1 nitrite reductase""[Title] OR ""nitrite reductase, cytochrome cd1""[Title]) AND ""Haloactinopolyspora alkaliphila""[Organism]"
Luteimonas yindakuii,Luteimonas,Proteobacteria,nirS,0,,,"(""nirS""[Title] OR ""cytochrome cd1 nitrite reductase""[Title] OR ""nitrite reductase, cytochrome cd1""[Title]) AND ""Luteimonas yindakuii""[Organism]"
Flavonifractor plautii,Flavonifractor,Firmicutes,nirS,0,,,"(""nirS""[Title] OR ""cytochrome cd1 nitrite reductase""[Title] OR ""nitrite reductase, cytochrome cd1""[Title]) AND ""Flavonifractor plautii""[Organism]"
Sporosarcina koreensis,Sporosarcina,Firmicutes,nirS,0,,,"(""nirS""[Title] OR ""cytochrome cd1 nitrite reductase""[Title] OR ""nitrite reductase, cytochrome cd1""[Title]) AND ""Sporosarcina koreensis""[Organism]"
Companilactobacillus kimchii,Companilactobacillus,Firmicutes,nirS,0,,,"(""nirS""[Title] OR ""cytochrome cd1 nitrite reductase""[Title] OR ""nitrite reductase, cytochrome cd1""[Title]) AND ""Companilactobacillus kimchii""[Organism]"
Cerasibacillus quisquiliarum,Cerasibacillus,Firmicutes,nirS,0,,,"(""nirS""[Title] OR ""cytochrome cd1 nitrite reductase""[Title] OR ""nitrite reductase, cytochrome cd1""[Title]) AND ""Cerasibacillus quisquiliarum""[Organism]"
Saccharopolyspora gloriosae,Saccharopolyspora,Actinobacteria,nirS,0,,,"(""nirS""[Title] OR ""cytochrome cd1 nitrite reductase""[Title] OR ""nitrite reductase, cytochrome cd1""[Title]) AND ""Saccharopolyspora gloriosae""[Organism]"
Phocaeicola faecicola,Phocaeicola,Bacteroidota,nirS,0,,,"(""nirS""[Title] OR ""cytochrome cd1 nitrite reductase""[Title] OR ""nitrite reductase, cytochrome cd1""[Title]) AND ""Phocaeicola faecicola""[Organism]"
Brevibacterium pigmentatum,Brevibacterium,Actinobacteria,nirS,0,,,"(""nirS""[Title] OR ""cytochrome cd1 nitrite reductase""[Title] OR ""nitrite reductase, cytochrome cd1""[Title]) AND ""Brevibacterium pigmentatum""[Organism]"
Siminovitchia acidinfaciens,Siminovitchia,Firmicutes,nirS,0,,,"(""nirS""[Title] OR ""cytochrome cd1 nitrite reductase""[Title] OR ""nitrite reductase, cytochrome cd1""[Title]) AND ""Siminovitchia acidinfaciens""[Organism]"
Parabacteroides distasonis,Parabacteroides,Bacteroidota,nirS,0,,,"(""nirS""[Title] OR ""cytochrome cd1 nitrite reductase""[Title] OR ""nitrite reductase, cytochrome cd1""[Title]) AND ""Parabacteroides distasonis""[Organism]"
Agathobaculum desmolans,Agathobaculum,Firmicutes,nirS,0,,,"(""nirS""[Title] OR ""cytochrome cd1 nitrite reductase""[Title] OR ""nitrite reductase, cytochrome cd1""[Title]) AND ""Agathobaculum desmolans""[Organism]"
Escherichia coli,Escherichia,Proteobacteria,nirS,0,,,"(""nirS""[Title] OR ""cytochrome cd1 nitrite reductase""[Title] OR ""nitrite reductase, cytochrome cd1""[Title]) AND ""Escherichia coli""[Organism]"
Blautia hydrogenotrophica,Blautia,Firmicutes,nirS,0,,,"(""nirS""[Title] OR ""cytochrome cd1 nitrite reductase""[Title] OR ""nitrite reductase, cytochrome cd1""[Title]) AND ""Blautia hydrogenotrophica""[Organism]"
Bacteroides fragilis,Bacteroides,Bacteroidota,nirS,0,,,"(""nirS""[Title] OR ""cytochrome cd1 nitrite reductase""[Title] OR ""nitrite reductase, cytochrome cd1""[Title]) AND ""Bacteroides fragilis""[Organism]"
Brevibacterium sanguinis,Brevibacterium,Actinobacteria,nirS,0,,,"(""nirS""[Title] OR ""cytochrome cd1 nitrite reductase""[Title] OR ""nitrite reductase, cytochrome cd1""[Title]) AND ""Brevibacterium sanguinis""[Organism]"
Clostridium massiliodielmoense,Clostridium,Firmicutes,nirS,0,,,"(""nirS""[Title] OR ""cytochrome cd1 nitrite reductase""[Title] OR ""nitrite reductase, cytochrome cd1""[Title]) AND ""Clostridium massiliodielmoense""[Organism]"
Paenalcaligenes niemegkensis,Paenalcaligenes,Proteobacteria,nirS,0,,,"(""nirS""[Title] OR ""cytochrome cd1 nitrite reductase""[Title] OR ""nitrite reductase, cytochrome cd1""[Title]) AND ""Paenalcaligenes niemegkensis""[Organism]"
Stackebrandtia endophytica,Stackebrandtia,Actinobacteria,nirS,0,,,"(""nirS""[Title] OR ""cytochrome cd1 nitrite reductase""[Title] OR ""nitrite reductase, cytochrome cd1""[Title]) AND ""Stackebrandtia endophytica""[Organism]"
Virgibacillus chiguensis,Virgibacillus,Firmicutes,nirS,0,,,"(""nirS""[Title] OR ""cytochrome cd1 nitrite reductase""[Title] OR ""nitrite reductase, cytochrome cd1""[Title]) AND ""Virgibacillus chiguensis""[Organism]"
Bordetella bronchiseptica,Bordetella,Proteobacteria,nirS,0,,,"(""nirS""[Title] OR ""cytochrome cd1 nitrite reductase""[Title] OR ""nitrite reductase, cytochrome cd1""[Title]) AND ""Bordetella bronchiseptica""[Organism]"
Oceanobacillus profundus,Oceanobacillus,Firmicutes,nirS,0,,,"(""nirS""[Title] OR ""cytochrome cd1 nitrite reductase""[Title] OR ""nitrite reductase, cytochrome cd1""[Title]) AND ""Oceanobacillus profundus""[Organism]"
Bacteroides clarus,Bacteroides,Bacteroidota,nirS,0,,,"(""nirS""[Title] OR ""cytochrome cd1 nitrite reductase""[Title] OR ""nitrite reductase, cytochrome cd1""[Title]) AND ""Bacteroides clarus""[Organism]"
Alkalihalobacillus nanhaiisediminis,Alkalihalobacillus,Firmicutes,nirS,0,,,"(""nirS""[Title] OR ""cytochrome cd1 nitrite reductase""[Title] OR ""nitrite reductase, cytochrome cd1""[Title]) AND ""Alkalihalobacillus nanhaiisediminis""[Organism]"
Clostridium saudiense,Clostridium,Firmicutes,nirS,0,,,"(""nirS""[Title] OR ""cytochrome cd1 nitrite reductase""[Title] OR ""nitrite reductase, cytochrome cd1""[Title]) AND ""Clostridium saudiense""[Organism]"
Glycomyces phytohabitans,Glycomyces,Actinobacteria,nirS,0,,,"(""nirS""[Title] OR ""cytochrome cd1 nitrite reductase""[Title] OR ""nitrite reductase, cytochrome cd1""[Title]) AND ""Glycomyces phytohabitans""[Organism]"
Oceanobacillus picturae,Oceanobacillus,Firmicutes,nirS,0,,,"(""nirS""[Title] OR ""cytochrome cd1 nitrite reductase""[Title] OR ""nitrite reductase, cytochrome cd1""[Title]) AND ""Oceanobacillus picturae""[Organism]"
Oceanobacillus zhaokaii,Oceanobacillus,Firmicutes,nirS,0,,,"(""nirS""[Title] OR ""cytochrome cd1 nitrite reductase""[Title] OR ""nitrite reductase, cytochrome cd1""[Title]) AND ""Oceanobacillus zhaokaii""[Organism]"
Oceanobacillus kimchii,Oceanobacillus,Firmicutes,nirS,0,,,"(""nirS""[Title] OR ""cytochrome cd1 nitrite reductase""[Title] OR ""nitrite reductase, cytochrome cd1""[Title]) AND ""Oceanobacillus kimchii""[Organism]"
Corynebacterium nuruki,Corynebacterium,Actinobacteria,nirS,0,,,"(""nirS""[Title] OR ""cytochrome cd1 nitrite reductase""[Title] OR ""nitrite reductase, cytochrome cd1""[Title]) AND ""Corynebacterium nuruki""[Organism]"
Bacillus niameyensis,Bacillus,Firmicutes,nirS,0,,,"(""nirS""[Title] OR ""cytochrome cd1 nitrite reductase""[Title] OR ""nitrite reductase, cytochrome cd1""[Title]) AND ""Bacillus niameyensis""[Organism]"
Corynebacterium maris,Corynebacterium,Actinobacteria,nirS,0,,,"(""nirS""[Title] OR ""cytochrome cd1 nitrite reductase""[Title] OR ""nitrite reductase, cytochrome cd1""[Title]) AND ""Corynebacterium maris""[Organism]"
Brevibacterium permense,Brevibacterium,Actinobacteria,nirS,0,,,"(""nirS""[Title] OR ""cytochrome cd1 nitrite reductase""[Title] OR ""nitrite reductase, cytochrome cd1""[Title]) AND ""Brevibacterium permense""[Organism]"
Blautia argi,Blautia,Firmicutes,nirS,0,,,"(""nirS""[Title] OR ""cytochrome cd1 nitrite reductase""[Title] OR ""nitrite reductase, cytochrome cd1""[Title]) AND ""Blautia argi""[Organism]"
Arthrobacter senegalensis,Arthrobacter,Actinobacteria,nirS,0,,,"(""nirS""[Title] OR ""cytochrome cd1 nitrite reductase""[Title] OR ""nitrite reductase, cytochrome cd1""[Title]) AND ""Arthrobacter senegalensis""[Organism]"
Mycolicibacter algericus,Mycolicibacter,Actinobacteria,nirS,0,,,"(""nirS""[Title] OR ""cytochrome cd1 nitrite reductase""[Title] OR ""nitrite reductase, cytochrome cd1""[Title]) AND ""Mycolicibacter algericus""[Organism]"
Arthrobacter cavernae,Arthrobacter,Actinobacteria,nirS,0,,,"(""nirS""[Title] OR ""cytochrome cd1 nitrite reductase""[Title] OR ""nitrite reductase, cytochrome cd1""[Title]) AND ""Arthrobacter cavernae""[Organism]"
Dysosmobacter welbionis,Dysosmobacter,Firmicutes,nirS,0,,,"(""nirS""[Title] OR ""cytochrome cd1 nitrite reductase""[Title] OR ""nitrite reductase, cytochrome cd1""[Title]) AND ""Dysosmobacter welbionis""[Organism]"
Mycolicibacterium chitae,Mycolicibacterium,Actinobacteria,nirS,0,,,"(""nirS""[Title] OR ""cytochrome cd1 nitrite reductase""[Title] OR ""nitrite reductase, cytochrome cd1""[Title]) AND ""Mycolicibacterium chitae""[Organism]"
Saccharomonospora azurea,Saccharomonospora,Actinobacteria,nirS,0,,,"(""nirS""[Title] OR ""cytochrome cd1 nitrite reductase""[Title] OR ""nitrite reductase, cytochrome cd1""[Title]) AND ""Saccharomonospora azurea""[Organism]"
Paralcaligenes ginsengisoli,Paralcaligenes,Proteobacteria,nirS,0,,,"(""nirS""[Title] OR ""cytochrome cd1 nitrite reductase""[Title] OR ""nitrite reductase, cytochrome cd1""[Title]) AND ""Paralcaligenes ginsengisoli""[Organism]"
Odoribacter splanchnicus,Odoribacter,Bacteroidota,nirS,0,,,"(""nirS""[Title] OR ""cytochrome cd1 nitrite reductase""[Title] OR ""nitrite reductase, cytochrome cd1""[Title]) AND ""Odoribacter splanchnicus""[Organism]"
Campylobacter jejuni,Campylobacter,Proteobacteria,nirS,0,,,"(""nirS""[Title] OR ""cytochrome cd1 nitrite reductase""[Title] OR ""nitrite reductase, cytochrome cd1""[Title]) AND ""Campylobacter jejuni""[Organism]"
Proteus mirabilis,Proteus,Proteobacteria,nirS,0,,,"(""nirS""[Title] OR ""cytochrome cd1 nitrite reductase""[Title] OR ""nitrite reductase, cytochrome cd1""[Title]) AND ""Proteus mirabilis""[Organism]"
Dietzia cercidiphylli,Dietzia,Actinobacteria,nirS,0,,,"(""nirS""[Title] OR ""cytochrome cd1 nitrite reductase""[Title] OR ""nitrite reductase, cytochrome cd1""[Title]) AND ""Dietzia cercidiphylli""[Organism]"
Paenarthrobacter nitroguajacolicus,Paenarthrobacter,Actinobacteria,nirS,0,,,"(""nirS""[Title] OR ""cytochrome cd1 nitrite reductase""[Title] OR ""nitrite reductase, cytochrome cd1""[Title]) AND ""Paenarthrobacter nitroguajacolicus""[Organism]"
Alkaliphilus flagellatus,Alkaliphilus,Firmicutes,nirS,0,,,"(""nirS""[Title] OR ""cytochrome cd1 nitrite reductase""[Title] OR ""nitrite reductase, cytochrome cd1""[Title]) AND ""Alkaliphilus flagellatus""[Organism]"
Alkalihalophilus pseudofirmus,Alkalihalophilus,Firmicutes,nirS,0,,,"(""nirS""[Title] OR ""cytochrome cd1 nitrite reductase""[Title] OR ""nitrite reductase, cytochrome cd1""[Title]) AND ""Alkalihalophilus pseudofirmus""[Organism]"
Stackebrandtia soli,Stackebrandtia,Actinobacteria,nirS,0,,,"(""nirS""[Title] OR ""cytochrome cd1 nitrite reductase""[Title] OR ""nitrite reductase, cytochrome cd1""[Title]) AND ""Stackebrandtia soli""[Organism]"
Brevibacterium ammoniilyticum,Brevibacterium,Actinobacteria,nirS,0,,,"(""nirS""[Title] OR ""cytochrome cd1 nitrite reductase""[Title] OR ""nitrite reductase, cytochrome cd1""[Title]) AND ""Brevibacterium ammoniilyticum""[Organism]"
Tissierella praeacuta,Tissierella,Firmicutes,nirS,0,,,"(""nirS""[Title] OR ""cytochrome cd1 nitrite reductase""[Title] OR ""nitrite reductase, cytochrome cd1""[Title]) AND ""Tissierella praeacuta""[Organism]"
Siminovitchia terrae,Siminovitchia,Firmicutes,nirS,0,,,"(""nirS""[Title] OR ""cytochrome cd1 nitrite reductase""[Title] OR ""nitrite reductase, cytochrome cd1""[Title]) AND ""Siminovitchia terrae""[Organism]"
Lederbergia ruris,Lederbergia,Firmicutes,nirS,0,,,"(""nirS""[Title] OR ""cytochrome cd1 nitrite reductase""[Title] OR ""nitrite reductase, cytochrome cd1""[Title]) AND ""Lederbergia ruris""[Organism]"
Paralcaligenes ureilyticus,Paralcaligenes,Proteobacteria,nirS,0,,,"(""nirS""[Title] OR ""cytochrome cd1 nitrite reductase""[Title] OR ""nitrite reductase, cytochrome cd1""[Title]) AND ""Paralcaligenes ureilyticus""[Organism]"
Brevibacterium jeotgali,Brevibacterium,Actinobacteria,nirS,0,,,"(""nirS""[Title] OR ""cytochrome cd1 nitrite reductase""[Title] OR ""nitrite reductase, cytochrome cd1""[Title]) AND ""Brevibacterium jeotgali""[Organism]"
Pseudoflavonifractor phocaeensis,Pseudoflavonifractor,Firmicutes,nirS,0,,,"(""nirS""[Title] OR ""cytochrome cd1 nitrite reductase""[Title] OR ""nitrite reductase, cytochrome cd1""[Title]) AND ""Pseudoflavonifractor phocaeensis""[Organism]"
Faecalibacterium prausnitzii,Faecalibacterium,Firmicutes,nirS,0,,,"(""nirS""[Title] OR ""cytochrome cd1 nitrite reductase""[Title] OR ""nitrite reductase, cytochrome cd1""[Title]) AND ""Faecalibacterium prausnitzii""[Organism]"
Anaeromassilibacillus senegalensis,Anaeromassilibacillus,Firmicutes,nirS,0,,,"(""nirS""[Title] OR ""cytochrome cd1 nitrite reductase""[Title] OR ""nitrite reductase, cytochrome cd1""[Title]) AND ""Anaeromassilibacillus senegalensis""[Organism]"
Bacillus velezensis,Bacillus,Firmicutes,nirS,0,,,"(""nirS""[Title] OR ""cytochrome cd1 nitrite reductase""[Title] OR ""nitrite reductase, cytochrome cd1""[Title]) AND ""Bacillus velezensis""[Organism]"
Sellimonas monacensis,Sellimonas,Firmicutes,nirS,0,,,"(""nirS""[Title] OR ""cytochrome cd1 nitrite reductase""[Title] OR ""nitrite reductase, cytochrome cd1""[Title]) AND ""Sellimonas monacensis""[Organism]"
Bifidobacterium pseudolongum,Bifidobacterium,Actinobacteria,nirS,0,,,"(""nirS""[Title] OR ""cytochrome cd1 nitrite reductase""[Title] OR ""nitrite reductase, cytochrome cd1""[Title]) AND ""Bifidobacterium pseudolongum""[Organism]"
Geofilum rhodophaeum,Geofilum,Bacteroidota,nirS,0,,,"(""nirS""[Title] OR ""cytochrome cd1 nitrite reductase""[Title] OR ""nitrite reductase, cytochrome cd1""[Title]) AND ""Geofilum rhodophaeum""[Organism]"
Levilactobacillus fuyuanensis,Levilactobacillus,Firmicutes,nirS,0,,,"(""nirS""[Title] OR ""cytochrome cd1 nitrite reductase""[Title] OR ""nitrite reductase, cytochrome cd1""[Title]) AND ""Levilactobacillus fuyuanensis""[Organism]"
Dietzia cinnamea,Dietzia,Actinobacteria,nirS,0,,,"(""nirS""[Title] OR ""cytochrome cd1 nitrite reductase""[Title] OR ""nitrite reductase, cytochrome cd1""[Title]) AND ""Dietzia cinnamea""[Organism]"
Sphingobacterium lactis,Sphingobacterium,Bacteroidota,nirS,0,,,"(""nirS""[Title] OR ""cytochrome cd1 nitrite reductase""[Title] OR ""nitrite reductase, cytochrome cd1""[Title]) AND ""Sphingobacterium lactis""[Organism]"
Rhodococcus phenolicus,Rhodococcus,Actinobacteria,nirS,0,,,"(""nirS""[Title] OR ""cytochrome cd1 nitrite reductase""[Title] OR ""nitrite reductase, cytochrome cd1""[Title]) AND ""Rhodococcus phenolicus""[Organism]"
Mycolicibacillus trivialis,Mycolicibacillus,Actinobacteria,nirS,0,,,"(""nirS""[Title] OR ""cytochrome cd1 nitrite reductase""[Title] OR ""nitrite reductase, cytochrome cd1""[Title]) AND ""Mycolicibacillus trivialis""[Organism]"
Oceanicella actignis,Oceanicella,Proteobacteria,nirS,0,,,"(""nirS""[Title] OR ""cytochrome cd1 nitrite reductase""[Title] OR ""nitrite reductase, cytochrome cd1""[Title]) AND ""Oceanicella actignis""[Organism]"
Leucobacter weissii,Leucobacter,Actinobacteria,nirS,0,,,"(""nirS""[Title] OR ""cytochrome cd1 nitrite reductase""[Title] OR ""nitrite reductase, cytochrome cd1""[Title]) AND ""Leucobacter weissii""[Organism]"
Savagea serpentis,Savagea,Firmicutes,nirS,0,,,"(""nirS""[Title] OR ""cytochrome cd1 nitrite reductase""[Title] OR ""nitrite reductase, cytochrome cd1""[Title]) AND ""Savagea serpentis""[Organism]"
Jiangella aurantiaca,Jiangella,Actinobacteria,nirS,0,,,"(""nirS""[Title] OR ""cytochrome cd1 nitrite reductase""[Title] OR ""nitrite reductase, cytochrome cd1""[Title]) AND ""Jiangella aurantiaca""[Organism]"
Arthrobacter crystallopoietes,Arthrobacter,Actinobacteria,nirS,0,,,"(""nirS""[Title] OR ""cytochrome cd1 nitrite reductase""[Title] OR ""nitrite reductase, cytochrome cd1""[Title]) AND ""Arthrobacter crystallopoietes""[Organism]"
Virgibacillus soli,Virgibacillus,Firmicutes,nirS,0,,,"(""nirS""[Title] OR ""cytochrome cd1 nitrite reductase""[Title] OR ""nitrite reductase, cytochrome cd1""[Title]) AND ""Virgibacillus soli""[Organism]"
Paenalcaligenes suwonensis,Paenalcaligenes,Proteobacteria,nirS,0,,,"(""nirS""[Title] OR ""cytochrome cd1 nitrite reductase""[Title] OR ""nitrite reductase, cytochrome cd1""[Title]) AND ""Paenalcaligenes suwonensis""[Organism]"
Enterococcus alishanensis,Enterococcus,Firmicutes,nirS,0,,,"(""nirS""[Title] OR ""cytochrome cd1 nitrite reductase""[Title] OR ""nitrite reductase, cytochrome cd1""[Title]) AND ""Enterococcus alishanensis""[Organism]"
Brachybacterium horti,Brachybacterium,Actinobacteria,nirS,0,,,"(""nirS""[Title] OR ""cytochrome cd1 nitrite reductase""[Title] OR ""nitrite reductase, cytochrome cd1""[Title]) AND ""Brachybacterium horti""[Organism]"
Virgibacillus sediminis,Virgibacillus,Firmicutes,nirS,0,,,"(""nirS""[Title] OR ""cytochrome cd1 nitrite reductase""[Title] OR ""nitrite reductase, cytochrome cd1""[Title]) AND ""Virgibacillus sediminis""[Organism]"
Lactiplantibacillus modestisalitolerans,Lactiplantibacillus,Firmicutes,nirS,0,,,"(""nirS""[Title] OR ""cytochrome cd1 nitrite reductase""[Title] OR ""nitrite reductase, cytochrome cd1""[Title]) AND ""Lactiplantibacillus modestisalitolerans""[Organism]"
Dietzia massiliensis,Dietzia,Actinobacteria,nirS,0,,,"(""nirS""[Title] OR ""cytochrome cd1 nitrite reductase""[Title] OR ""nitrite reductase, cytochrome cd1""[Title]) AND ""Dietzia massiliensis""[Organism]"
Brachybacterium ginsengisoli,Brachybacterium,Actinobacteria,nirS,0,,,"(""nirS""[Title] OR ""cytochrome cd1 nitrite reductase""[Title] OR ""nitrite reductase, cytochrome cd1""[Title]) AND ""Brachybacterium ginsengisoli""[Organism]"
Alcaligenes faecalis,Alcaligenes,Proteobacteria,nirS,0,,,"(""nirS""[Title] OR ""cytochrome cd1 nitrite reductase""[Title] OR ""nitrite reductase, cytochrome cd1""[Title]) AND ""Alcaligenes faecalis""[Organism]"
Kurthia populi,Kurthia,Firmicutes,nirS,0,,,"(""nirS""[Title] OR ""cytochrome cd1 nitrite reductase""[Title] OR ""nitrite reductase, cytochrome cd1""[Title]) AND ""Kurthia populi""[Organism]"
Fredinandcohnia humi,Fredinandcohnia,Firmicutes,nirS,0,,,"(""nirS""[Title] OR ""cytochrome cd1 nitrite reductase""[Title] OR ""nitrite reductase, cytochrome cd1""[Title]) AND ""Fredinandcohnia humi""[Organism]"
Jeotgalicoccus psychrophilus,Jeotgalicoccus,Firmicutes,nirS,0,,,"(""nirS""[Title] OR ""cytochrome cd1 nitrite reductase""[Title] OR ""nitrite reductase, cytochrome cd1""[Title]) AND ""Jeotgalicoccus psychrophilus""[Organism]"
Methylocystis echinoides,Methylocystis,Proteobacteria,nirS,0,,,"(""nirS""[Title] OR ""cytochrome cd1 nitrite reductase""[Title] OR ""nitrite reductase, cytochrome cd1""[Title]) AND ""Methylocystis echinoides""[Organism]"
Paludisphaera borealis,Paludisphaera,Planctomycetota,nirS,0,,,"(""nirS""[Title] OR ""cytochrome cd1 nitrite reductase""[Title] OR ""nitrite reductase, cytochrome cd1""[Title]) AND ""Paludisphaera borealis""[Organism]"
Evtepia gabavorous,Evtepia,Firmicutes,nirS,0,,,"(""nirS""[Title] OR ""cytochrome cd1 nitrite reductase""[Title] OR ""nitrite reductase, cytochrome cd1""[Title]) AND ""Evtepia gabavorous""[Organism]"
Pueribacillus theae,Pueribacillus,Firmicutes,nirS,0,,,"(""nirS""[Title] OR ""cytochrome cd1 nitrite reductase""[Title] OR ""nitrite reductase, cytochrome cd1""[Title]) AND ""Pueribacillus theae""[Organism]"
Fundicoccus fermenti,Fundicoccus,Firmicutes,nirS,0,,,"(""nirS""[Title] OR ""cytochrome cd1 nitrite reductase""[Title] OR ""nitrite reductase, cytochrome cd1""[Title]) AND ""Fundicoccus fermenti""[Organism]"
Merdibacter massiliensis,Merdibacter,Firmicutes,nirS,0,,,"(""nirS""[Title] OR ""cytochrome cd1 nitrite reductase""[Title] OR ""nitrite reductase, cytochrome cd1""[Title]) AND ""Merdibacter massiliensis""[Organism]"
Companilactobacillus musae,Companilactobacillus,Firmicutes,nirS,0,,,"(""nirS""[Title] OR ""cytochrome cd1 nitrite reductase""[Title] OR ""nitrite reductase, cytochrome cd1""[Title]) AND ""Companilactobacillus musae""[Organism]"
Oceanobacillus oncorhynchi,Oceanobacillus,Firmicutes,nirS,0,,,"(""nirS""[Title] OR ""cytochrome cd1 nitrite reductase""[Title] OR ""nitrite reductase, cytochrome cd1""[Title]) AND ""Oceanobacillus oncorhynchi""[Organism]"
Intestinimonas timonensis,Intestinimonas,Firmicutes,nirS,0,,,"(""nirS""[Title] OR ""cytochrome cd1 nitrite reductase""[Title] OR ""nitrite reductase, cytochrome cd1""[Title]) AND ""Intestinimonas timonensis""[Organism]"
Brachybacterium aquaticum,Brachybacterium,Actinobacteria,nirS,0,,,"(""nirS""[Title] OR ""cytochrome cd1 nitrite reductase""[Title] OR ""nitrite reductase, cytochrome cd1""[Title]) AND ""Brachybacterium aquaticum""[Organism]"
Streptomyces mimosae,Streptomyces,Actinobacteria,nirS,0,,,"(""nirS""[Title] OR ""cytochrome cd1 nitrite reductase""[Title] OR ""nitrite reductase, cytochrome cd1""[Title]) AND ""Streptomyces mimosae""[Organism]"
Aeromicrobium phragmitis,Aeromicrobium,Actinobacteria,nirS,0,,,"(""nirS""[Title] OR ""cytochrome cd1 nitrite reductase""[Title] OR ""nitrite reductase, cytochrome cd1""[Title]) AND ""Aeromicrobium phragmitis""[Organism]"
Bacteroides coprosuis,Bacteroides,Bacteroidota,nirS,0,,,"(""nirS""[Title] OR ""cytochrome cd1 nitrite reductase""[Title] OR ""nitrite reductase, cytochrome cd1""[Title]) AND ""Bacteroides coprosuis""[Organism]"
Actinomadura violacea,Actinomadura,Actinobacteria,nirS,0,,,"(""nirS""[Title] OR ""cytochrome cd1 nitrite reductase""[Title] OR ""nitrite reductase, cytochrome cd1""[Title]) AND ""Actinomadura violacea""[Organism]"
Arthrobacter celericrescens,Arthrobacter,Actinobacteria,nirS,0,,,"(""nirS""[Title] OR ""cytochrome cd1 nitrite reductase""[Title] OR ""nitrite reductase, cytochrome cd1""[Title]) AND ""Arthrobacter celericrescens""[Organism]"
Enterococcus mediterraneensis,Enterococcus,Firmicutes,nirS,0,,,"(""nirS""[Title] OR ""cytochrome cd1 nitrite reductase""[Title] OR ""nitrite reductase, cytochrome cd1""[Title]) AND ""Enterococcus mediterraneensis""[Organism]"
Clostridium magnum,Clostridium,Firmicutes,nirS,0,,,"(""nirS""[Title] OR ""cytochrome cd1 nitrite reductase""[Title] OR ""nitrite reductase, cytochrome cd1""[Title]) AND ""Clostridium magnum""[Organism]"
Halomonas tibetensis,Halomonas,Proteobacteria,nirS,0,,,"(""nirS""[Title] OR ""cytochrome cd1 nitrite reductase""[Title] OR ""nitrite reductase, cytochrome cd1""[Title]) AND ""Halomonas tibetensis""[Organism]"
Miltoncostaea oceani,Miltoncostaea,Actinobacteria,nirS,0,,,"(""nirS""[Title] OR ""cytochrome cd1 nitrite reductase""[Title] OR ""nitrite reductase, cytochrome cd1""[Title]) AND ""Miltoncostaea oceani""[Organism]"
Nocardia nova,Nocardia,Actinobacteria,nirS,0,,,"(""nirS""[Title] OR ""cytochrome cd1 nitrite reductase""[Title] OR ""nitrite reductase, cytochrome cd1""[Title]) AND ""Nocardia nova""[Organism]"
Actinomadura geliboluensis,Actinomadura,Actinobacteria,nirS,0,,,"(""nirS""[Title] OR ""cytochrome cd1 nitrite reductase""[Title] OR ""nitrite reductase, cytochrome cd1""[Title]) AND ""Actinomadura geliboluensis""[Organism]"
Halalkalibacterium halodurans,Halalkalibacterium (ex Joshi et al. 2022),Firmicutes,nirS,0,,,"(""nirS""[Title] OR ""cytochrome cd1 nitrite reductase""[Title] OR ""nitrite reductase, cytochrome cd1""[Title]) AND ""Halalkalibacterium halodurans""[Organism]"
Oceanobacillus halophilus,Oceanobacillus,Firmicutes,nirS,0,,,"(""nirS""[Title] OR ""cytochrome cd1 nitrite reductase""[Title] OR ""nitrite reductase, cytochrome cd1""[Title]) AND ""Oceanobacillus halophilus""[Organism]"
Staphylococcus devriesei,Staphylococcus,Firmicutes,nirS,0,,,"(""nirS""[Title] OR ""cytochrome cd1 nitrite reductase""[Title] OR ""nitrite reductase, cytochrome cd1""[Title]) AND ""Staphylococcus devriesei""[Organism]"
Enterococcus ratti,Enterococcus,Firmicutes,nirS,0,,,"(""nirS""[Title] OR ""cytochrome cd1 nitrite reductase""[Title] OR ""nitrite reductase, cytochrome cd1""[Title]) AND ""Enterococcus ratti""[Organism]"
Streptococcus macedonicus,Streptococcus,Firmicutes,nirS,0,,,"(""nirS""[Title] OR ""cytochrome cd1 nitrite reductase""[Title] OR ""nitrite reductase, cytochrome cd1""[Title]) AND ""Streptococcus macedonicus""[Organism]"
Anaerococcus provencensis,Anaerococcus,Firmicutes,nirS,0,,,"(""nirS""[Title] OR ""cytochrome cd1 nitrite reductase""[Title] OR ""nitrite reductase, cytochrome cd1""[Title]) AND ""Anaerococcus provencensis""[Organism]"
Saccharomonospora glauca,Saccharomonospora,Actinobacteria,nirS,0,,,"(""nirS""[Title] OR ""cytochrome cd1 nitrite reductase""[Title] OR ""nitrite reductase, cytochrome cd1""[Title]) AND ""Saccharomonospora glauca""[Organism]"
Neobacillus cucumis,Neobacillus,Firmicutes,nirS,0,,,"(""nirS""[Title] OR ""cytochrome cd1 nitrite reductase""[Title] OR ""nitrite reductase, cytochrome cd1""[Title]) AND ""Neobacillus cucumis""[Organism]"
Neobacillus endophyticus,Neobacillus,Firmicutes,nirS,0,,,"(""nirS""[Title] OR ""cytochrome cd1 nitrite reductase""[Title] OR ""nitrite reductase, cytochrome cd1""[Title]) AND ""Neobacillus endophyticus""[Organism]"
Leucobacter soli,Leucobacter,Actinobacteria,nirS,0,,,"(""nirS""[Title] OR ""cytochrome cd1 nitrite reductase""[Title] OR ""nitrite reductase, cytochrome cd1""[Title]) AND ""Leucobacter soli""[Organism]"
Neobacillus niacini,Neobacillus,Firmicutes,nirS,0,,,"(""nirS""[Title] OR ""cytochrome cd1 nitrite reductase""[Title] OR ""nitrite reductase, cytochrome cd1""[Title]) AND ""Neobacillus niacini""[Organism]"
Parapedobacter soli,Parapedobacter,Bacteroidota,nirS,0,,,"(""nirS""[Title] OR ""cytochrome cd1 nitrite reductase""[Title] OR ""nitrite reductase, cytochrome cd1""[Title]) AND ""Parapedobacter soli""[Organism]"
Sporosarcina jiandibaonis,Sporosarcina,Firmicutes,nirS,0,,,"(""nirS""[Title] OR ""cytochrome cd1 nitrite reductase""[Title] OR ""nitrite reductase, cytochrome cd1""[Title]) AND ""Sporosarcina jiandibaonis""[Organism]"
Pusillibacter faecalis,Pusillibacter,Firmicutes,nirS,0,,,"(""nirS""[Title] OR ""cytochrome cd1 nitrite reductase""[Title] OR ""nitrite reductase, cytochrome cd1""[Title]) AND ""Pusillibacter faecalis""[Organism]"
Priestia flexa,Priestia,Firmicutes,nirS,0,,,"(""nirS""[Title] OR ""cytochrome cd1 nitrite reductase""[Title] OR ""nitrite reductase, cytochrome cd1""[Title]) AND ""Priestia flexa""[Organism]"
Akkermansia muciniphila,Akkermansia,Verrucomicrobia,nirS,0,,,"(""nirS""[Title] OR ""cytochrome cd1 nitrite reductase""[Title] OR ""nitrite reductase, cytochrome cd1""[Title]) AND ""Akkermansia muciniphila""[Organism]"
Bacillus rhizoplanae,Bacillus,Firmicutes,nirS,0,,,"(""nirS""[Title] OR ""cytochrome cd1 nitrite reductase""[Title] OR ""nitrite reductase, cytochrome cd1""[Title]) AND ""Bacillus rhizoplanae""[Organism]"
Nocardiopsis exhalans,Nocardiopsis,Actinobacteria,nirS,0,,,"(""nirS""[Title] OR ""cytochrome cd1 nitrite reductase""[Title] OR ""nitrite reductase, cytochrome cd1""[Title]) AND ""Nocardiopsis exhalans""[Organism]"
Castellaniella fermenti,Castellaniella,Proteobacteria,nirS,0,,,"(""nirS""[Title] OR ""cytochrome cd1 nitrite reductase""[Title] OR ""nitrite reductase, cytochrome cd1""[Title]) AND ""Castellaniella fermenti""[Organism]"
Roseburia lenta,Roseburia,Firmicutes,nirS,0,,,"(""nirS""[Title] OR ""cytochrome cd1 nitrite reductase""[Title] OR ""nitrite reductase, cytochrome cd1""[Title]) AND ""Roseburia lenta""[Organism]"
Oligella ureolytica,Oligella,Proteobacteria,nirS,0,,,"(""nirS""[Title] OR ""cytochrome cd1 nitrite reductase""[Title] OR ""nitrite reductase, cytochrome cd1""[Title]) AND ""Oligella ureolytica""[Organism]"
Alistipes timonensis,Alistipes,Bacteroidota,nirS,0,,,"(""nirS""[Title] OR ""cytochrome cd1 nitrite reductase""[Title] OR ""nitrite reductase, cytochrome cd1""[Title]) AND ""Alistipes timonensis""[Organism]"
Romboutsia sedimentorum,Romboutsia,Firmicutes,nirS,0,,,"(""nirS""[Title] OR ""cytochrome cd1 nitrite reductase""[Title] OR ""nitrite reductase, cytochrome cd1""[Title]) AND ""Romboutsia sedimentorum""[Organism]"
Companilactobacillus kedongensis,Companilactobacillus,Firmicutes,nirS,0,,,"(""nirS""[Title] OR ""cytochrome cd1 nitrite reductase""[Title] OR ""nitrite reductase, cytochrome cd1""[Title]) AND ""Companilactobacillus kedongensis""[Organism]"
Pseudarthrobacter chlorophenolicus,Pseudarthrobacter,Actinobacteria,nirS,0,,,"(""nirS""[Title] OR ""cytochrome cd1 nitrite reductase""[Title] OR ""nitrite reductase, cytochrome cd1""[Title]) AND ""Pseudarthrobacter chlorophenolicus""[Organism]"
Clostridium novyi,Clostridium,Firmicutes,nirS,0,,,"(""nirS""[Title] OR ""cytochrome cd1 nitrite reductase""[Title] OR ""nitrite reductase, cytochrome cd1""[Title]) AND ""Clostridium novyi""[Organism]"
Prauserella soli,Prauserella,Actinobacteria,nirS,0,,,"(""nirS""[Title] OR ""cytochrome cd1 nitrite reductase""[Title] OR ""nitrite reductase, cytochrome cd1""[Title]) AND ""Prauserella soli""[Organism]"
Actinomyces urinae,Actinomyces,Actinobacteria,nirS,0,,,"(""nirS""[Title] OR ""cytochrome cd1 nitrite reductase""[Title] OR ""nitrite reductase, cytochrome cd1""[Title]) AND ""Actinomyces urinae""[Organism]"
Bacillus subtilis,Bacillus,Firmicutes,nirS,0,,,"(""nirS""[Title] OR ""cytochrome cd1 nitrite reductase""[Title] OR ""nitrite reductase, cytochrome cd1""[Title]) AND ""Bacillus subtilis""[Organism]"
Ruania alkalisoli,Ruania,Actinobacteria,nirS,0,,,"(""nirS""[Title] OR ""cytochrome cd1 nitrite reductase""[Title] OR ""nitrite reductase, cytochrome cd1""[Title]) AND ""Ruania alkalisoli""[Organism]"
Butyricicoccus porcorum,Butyricicoccus,Firmicutes,nirS,0,,,"(""nirS""[Title] OR ""cytochrome cd1 nitrite reductase""[Title] OR ""nitrite reductase, cytochrome cd1""[Title]) AND ""Butyricicoccus porcorum""[Organism]"
Streptococcus vicugnae,Streptococcus,Firmicutes,nirS,0,,,"(""nirS""[Title] OR ""cytochrome cd1 nitrite reductase""[Title] OR ""nitrite reductase, cytochrome cd1""[Title]) AND ""Streptococcus vicugnae""[Organism]"
Lacrimispora amygdalina,Lacrimispora,Firmicutes,nirS,0,,,"(""nirS""[Title] OR ""cytochrome cd1 nitrite reductase""[Title] OR ""nitrite reductase, cytochrome cd1""[Title]) AND ""Lacrimispora amygdalina""[Organism]"
Brevibacterium pityocampae,Brevibacterium,Actinobacteria,nirS,0,,,"(""nirS""[Title] OR ""cytochrome cd1 nitrite reductase""[Title] OR ""nitrite reductase, cytochrome cd1""[Title]) AND ""Brevibacterium pityocampae""[Organism]"
Neobacillus bataviensis,Neobacillus,Firmicutes,nirS,0,,,"(""nirS""[Title] OR ""cytochrome cd1 nitrite reductase""[Title] OR ""nitrite reductase, cytochrome cd1""[Title]) AND ""Neobacillus bataviensis""[Organism]"
Enterococcus dispar,Enterococcus,Firmicutes,nirS,0,,,"(""nirS""[Title] OR ""cytochrome cd1 nitrite reductase""[Title] OR ""nitrite reductase, cytochrome cd1""[Title]) AND ""Enterococcus dispar""[Organism]"
Georgenia daeguensis,Georgenia,Actinobacteria,nirS,0,,,"(""nirS""[Title] OR ""cytochrome cd1 nitrite reductase""[Title] OR ""nitrite reductase, cytochrome cd1""[Title]) AND ""Georgenia daeguensis""[Organism]"
Corynebacterium jeikeium,Corynebacterium,Actinobacteria,nirS,0,,,"(""nirS""[Title] OR ""cytochrome cd1 nitrite reductase""[Title] OR ""nitrite reductase, cytochrome cd1""[Title]) AND ""Corynebacterium jeikeium""[Organism]"
Intestinibacter bartlettii,Intestinibacter,Firmicutes,nirS,0,,,"(""nirS""[Title] OR ""cytochrome cd1 nitrite reductase""[Title] OR ""nitrite reductase, cytochrome cd1""[Title]) AND ""Intestinibacter bartlettii""[Organism]"
Mycolicibacterium sphagni,Mycolicibacterium,Actinobacteria,nirS,0,,,"(""nirS""[Title] OR ""cytochrome cd1 nitrite reductase""[Title] OR ""nitrite reductase, cytochrome cd1""[Title]) AND ""Mycolicibacterium sphagni""[Organism]"
Schinkia azotoformans,Schinkia,Firmicutes,nirS,0,,,"(""nirS""[Title] OR ""cytochrome cd1 nitrite reductase""[Title] OR ""nitrite reductase, cytochrome cd1""[Title]) AND ""Schinkia azotoformans""[Organism]"
Croceibacterium xixiisoli,Croceibacterium,Proteobacteria,nirS,0,,,"(""nirS""[Title] OR ""cytochrome cd1 nitrite reductase""[Title] OR ""nitrite reductase, cytochrome cd1""[Title]) AND ""Croceibacterium xixiisoli""[Organism]"
Arthrobacter pascens,Arthrobacter,Actinobacteria,nirS,0,,,"(""nirS""[Title] OR ""cytochrome cd1 nitrite reductase""[Title] OR ""nitrite reductase, cytochrome cd1""[Title]) AND ""Arthrobacter pascens""[Organism]"
Butyricimonas faecihominis,Butyricimonas,Bacteroidota,nirS,0,,,"(""nirS""[Title] OR ""cytochrome cd1 nitrite reductase""[Title] OR ""nitrite reductase, cytochrome cd1""[Title]) AND ""Butyricimonas faecihominis""[Organism]"
Priestia megaterium,Priestia,Firmicutes,nirS,0,,,"(""nirS""[Title] OR ""cytochrome cd1 nitrite reductase""[Title] OR ""nitrite reductase, cytochrome cd1""[Title]) AND ""Priestia megaterium""[Organism]"
Nonomuraea harbinensis,Nonomuraea,Actinobacteria,nirS,0,,,"(""nirS""[Title] OR ""cytochrome cd1 nitrite reductase""[Title] OR ""nitrite reductase, cytochrome cd1""[Title]) AND ""Nonomuraea harbinensis""[Organism]"
Blautia hansenii,Blautia,Firmicutes,nirS,0,,,"(""nirS""[Title] OR ""cytochrome cd1 nitrite reductase""[Title] OR ""nitrite reductase, cytochrome cd1""[Title]) AND ""Blautia hansenii""[Organism]"
Streptomyces sedi,Streptomyces,Actinobacteria,nirS,0,,,"(""nirS""[Title] OR ""cytochrome cd1 nitrite reductase""[Title] OR ""nitrite reductase, cytochrome cd1""[Title]) AND ""Streptomyces sedi""[Organism]"
Blautia coccoides,Blautia,Firmicutes,nirS,0,,,"(""nirS""[Title] OR ""cytochrome cd1 nitrite reductase""[Title] OR ""nitrite reductase, cytochrome cd1""[Title]) AND ""Blautia coccoides""[Organism]"
Ornithinimicrobium cavernae,Ornithinimicrobium,Actinobacteria,nirS,0,,,"(""nirS""[Title] OR ""cytochrome cd1 nitrite reductase""[Title] OR ""nitrite reductase, cytochrome cd1""[Title]) AND ""Ornithinimicrobium cavernae""[Organism]"
Alkalibaculum bacchi,Alkalibaculum,Firmicutes,nirS,0,,,"(""nirS""[Title] OR ""cytochrome cd1 nitrite reductase""[Title] OR ""nitrite reductase, cytochrome cd1""[Title]) AND ""Alkalibaculum bacchi""[Organism]"
Anaerostipes hadrus,Anaerostipes,Firmicutes,nirS,0,,,"(""nirS""[Title] OR ""cytochrome cd1 nitrite reductase""[Title] OR ""nitrite reductase, cytochrome cd1""[Title]) AND ""Anaerostipes hadrus""[Organism]"
Corynebacterium parakroppenstedtii,Corynebacterium,Actinobacteria,nirS,0,,,"(""nirS""[Title] OR ""cytochrome cd1 nitrite reductase""[Title] OR ""nitrite reductase, cytochrome cd1""[Title]) AND ""Corynebacterium parakroppenstedtii""[Organism]"
Eubacterium coprostanoligenes,Eubacterium,Firmicutes,nirS,0,,,"(""nirS""[Title] OR ""cytochrome cd1 nitrite reductase""[Title] OR ""nitrite reductase, cytochrome cd1""[Title]) AND ""Eubacterium coprostanoligenes""[Organism]"
Actinomadura hallensis,Actinomadura,Actinobacteria,nirS,0,,,"(""nirS""[Title] OR ""cytochrome cd1 nitrite reductase""[Title] OR ""nitrite reductase, cytochrome cd1""[Title]) AND ""Actinomadura hallensis""[Organism]"
Flintibacter butyricus,Flintibacter,Firmicutes,nirS,0,,,"(""nirS""[Title] OR ""cytochrome cd1 nitrite reductase""[Title] OR ""nitrite reductase, cytochrome cd1""[Title]) AND ""Flintibacter butyricus""[Organism]"
Oceanobacillus iheyensis,Oceanobacillus,Firmicutes,nirS,0,,,"(""nirS""[Title] OR ""cytochrome cd1 nitrite reductase""[Title] OR ""nitrite reductase, cytochrome cd1""[Title]) AND ""Oceanobacillus iheyensis""[Organism]"
Arthrobacter silvisoli,Arthrobacter,Actinobacteria,nirS,0,,,"(""nirS""[Title] OR ""cytochrome cd1 nitrite reductase""[Title] OR ""nitrite reductase, cytochrome cd1""[Title]) AND ""Arthrobacter silvisoli""[Organism]"
Lactobacillus kitasatonis,Lactobacillus,Firmicutes,nirS,0,,,"(""nirS""[Title] OR ""cytochrome cd1 nitrite reductase""[Title] OR ""nitrite reductase, cytochrome cd1""[Title]) AND ""Lactobacillus kitasatonis""[Organism]"
Alkalihalobacillus hemicellulosilyticus,Alkalihalobacillus,Firmicutes,nirS,0,,,"(""nirS""[Title] OR ""cytochrome cd1 nitrite reductase""[Title] OR ""nitrite reductase, cytochrome cd1""[Title]) AND ""Alkalihalobacillus hemicellulosilyticus""[Organism]"
Nocardiopsis ganjiahuensis,Nocardiopsis,Actinobacteria,nirS,0,,,"(""nirS""[Title] OR ""cytochrome cd1 nitrite reductase""[Title] OR ""nitrite reductase, cytochrome cd1""[Title]) AND ""Nocardiopsis ganjiahuensis""[Organism]"
Carnobacterium mobile,Carnobacterium,Firmicutes,nirS,0,,,"(""nirS""[Title] OR ""cytochrome cd1 nitrite reductase""[Title] OR ""nitrite reductase, cytochrome cd1""[Title]) AND ""Carnobacterium mobile""[Organism]"
Staphylococcus chromogenes,Staphylococcus,Firmicutes,nirS,0,,,"(""nirS""[Title] OR ""cytochrome cd1 nitrite reductase""[Title] OR ""nitrite reductase, cytochrome cd1""[Title]) AND ""Staphylococcus chromogenes""[Organism]"
Ornithinibacillus bavariensis,Ornithinibacillus,Firmicutes,nirS,0,,,"(""nirS""[Title] OR ""cytochrome cd1 nitrite reductase""[Title] OR ""nitrite reductase, cytochrome cd1""[Title]) AND ""Ornithinibacillus bavariensis""[Organism]"
Levilactobacillus enshiensis,Levilactobacillus,Firmicutes,nirS,0,,,"(""nirS""[Title] OR ""cytochrome cd1 nitrite reductase""[Title] OR ""nitrite reductase, cytochrome cd1""[Title]) AND ""Levilactobacillus enshiensis""[Organism]"
Corynebacterium argentoratense,Corynebacterium,Actinobacteria,nirS,0,,,"(""nirS""[Title] OR ""cytochrome cd1 nitrite reductase""[Title] OR ""nitrite reductase, cytochrome cd1""[Title]) AND ""Corynebacterium argentoratense""[Organism]"
Nocardiopsis composta,Nocardiopsis,Actinobacteria,nirS,0,,,"(""nirS""[Title] OR ""cytochrome cd1 nitrite reductase""[Title] OR ""nitrite reductase, cytochrome cd1""[Title]) AND ""Nocardiopsis composta""[Organism]"
Levilactobacillus tangyuanensis,Levilactobacillus,Firmicutes,nirS,0,,,"(""nirS""[Title] OR ""cytochrome cd1 nitrite reductase""[Title] OR ""nitrite reductase, cytochrome cd1""[Title]) AND ""Levilactobacillus tangyuanensis""[Organism]"
Brevibacterium aurantiacum,Brevibacterium,Actinobacteria,nirS,0,,,"(""nirS""[Title] OR ""cytochrome cd1 nitrite reductase""[Title] OR ""nitrite reductase, cytochrome cd1""[Title]) AND ""Brevibacterium aurantiacum""[Organism]"
Brevibacterium daeguense,Brevibacterium,Actinobacteria,nirS,0,,,"(""nirS""[Title] OR ""cytochrome cd1 nitrite reductase""[Title] OR ""nitrite reductase, cytochrome cd1""[Title]) AND ""Brevibacterium daeguense""[Organism]"
Mycolicibacillus parakoreensis,Mycolicibacillus,Actinobacteria,nirS,0,,,"(""nirS""[Title] OR ""cytochrome cd1 nitrite reductase""[Title] OR ""nitrite reductase, cytochrome cd1""[Title]) AND ""Mycolicibacillus parakoreensis""[Organism]"
Parasutterella excrementihominis,Parasutterella,Proteobacteria,nirS,0,,,"(""nirS""[Title] OR ""cytochrome cd1 nitrite reductase""[Title] OR ""nitrite reductase, cytochrome cd1""[Title]) AND ""Parasutterella excrementihominis""[Organism]"
Patulibacter ginsengiterrae,Patulibacter,Actinobacteria,nirS,0,,,"(""nirS""[Title] OR ""cytochrome cd1 nitrite reductase""[Title] OR ""nitrite reductase, cytochrome cd1""[Title]) AND ""Patulibacter ginsengiterrae""[Organism]"
Eisenbergiella massiliensis,Eisenbergiella,Firmicutes,nirS,0,,,"(""nirS""[Title] OR ""cytochrome cd1 nitrite reductase""[Title] OR ""nitrite reductase, cytochrome cd1""[Title]) AND ""Eisenbergiella massiliensis""[Organism]"
Pengzhenrongella sicca,Pengzhenrongella,Actinobacteria,nirS,0,,,"(""nirS""[Title] OR ""cytochrome cd1 nitrite reductase""[Title] OR ""nitrite reductase, cytochrome cd1""[Title]) AND ""Pengzhenrongella sicca""[Organism]"
Aeromicrobium phoceense,Aeromicrobium,Actinobacteria,nirS,0,,,"(""nirS""[Title] OR ""cytochrome cd1 nitrite reductase""[Title] OR ""nitrite reductase, cytochrome cd1""[Title]) AND ""Aeromicrobium phoceense""[Organism]"
Aeromicrobium lacus,Aeromicrobium,Actinobacteria,nirS,0,,,"(""nirS""[Title] OR ""cytochrome cd1 nitrite reductase""[Title] OR ""nitrite reductase, cytochrome cd1""[Title]) AND ""Aeromicrobium lacus""[Organism]"
Hydrogeniiclostridium mannosilyticum,Hydrogeniiclostridium,Firmicutes,nirS,0,,,"(""nirS""[Title] OR ""cytochrome cd1 nitrite reductase""[Title] OR ""nitrite reductase, cytochrome cd1""[Title]) AND ""Hydrogeniiclostridium mannosilyticum""[Organism]"
Sporosarcina newyorkensis,Sporosarcina,Firmicutes,nirS,0,,,"(""nirS""[Title] OR ""cytochrome cd1 nitrite reductase""[Title] OR ""nitrite reductase, cytochrome cd1""[Title]) AND ""Sporosarcina newyorkensis""[Organism]"
Bacillus massiliigabonensis,Bacillus,Firmicutes,nirS,0,,,"(""nirS""[Title] OR ""cytochrome cd1 nitrite reductase""[Title] OR ""nitrite reductase, cytochrome cd1""[Title]) AND ""Bacillus massiliigabonensis""[Organism]"
Eisenbergiella porci,Eisenbergiella,Firmicutes,nirS,0,,,"(""nirS""[Title] OR ""cytochrome cd1 nitrite reductase""[Title] OR ""nitrite reductase, cytochrome cd1""[Title]) AND ""Eisenbergiella porci""[Organism]"
Coprobacter fastidiosus,Coprobacter,Bacteroidota,nirS,0,,,"(""nirS""[Title] OR ""cytochrome cd1 nitrite reductase""[Title] OR ""nitrite reductase, cytochrome cd1""[Title]) AND ""Coprobacter fastidiosus""[Organism]"
Fumia xinanensis,Fumia,Firmicutes,nirS,0,,,"(""nirS""[Title] OR ""cytochrome cd1 nitrite reductase""[Title] OR ""nitrite reductase, cytochrome cd1""[Title]) AND ""Fumia xinanensis""[Organism]"
Pseudomonas saudimassiliensis,Pseudomonas,Proteobacteria,nirS,0,,,"(""nirS""[Title] OR ""cytochrome cd1 nitrite reductase""[Title] OR ""nitrite reductase, cytochrome cd1""[Title]) AND ""Pseudomonas saudimassiliensis""[Organism]"
Castellaniella ginsengisoli,Castellaniella,Proteobacteria,nirS,0,,,"(""nirS""[Title] OR ""cytochrome cd1 nitrite reductase""[Title] OR ""nitrite reductase, cytochrome cd1""[Title]) AND ""Castellaniella ginsengisoli""[Organism]"
Bacillus timonensis,Bacillus,Firmicutes,nirS,0,,,"(""nirS""[Title] OR ""cytochrome cd1 nitrite reductase""[Title] OR ""nitrite reductase, cytochrome cd1""[Title]) AND ""Bacillus timonensis""[Organism]"
Alistipes inops,Alistipes,Bacteroidota,nirS,0,,,"(""nirS""[Title] OR ""cytochrome cd1 nitrite reductase""[Title] OR ""nitrite reductase, cytochrome cd1""[Title]) AND ""Alistipes inops""[Organism]"
Zhenhengia yiwuensis,Zhenhengia,Firmicutes,nirS,0,,,"(""nirS""[Title] OR ""cytochrome cd1 nitrite reductase""[Title] OR ""nitrite reductase, cytochrome cd1""[Title]) AND ""Zhenhengia yiwuensis""[Organism]"
Naumannella halotolerans,Naumannella,Actinobacteria,nirS,0,,,"(""nirS""[Title] OR ""cytochrome cd1 nitrite reductase""[Title] OR ""nitrite reductase, cytochrome cd1""[Title]) AND ""Naumannella halotolerans""[Organism]"
Virgibacillus halotolerans,Virgibacillus,Firmicutes,nirS,0,,,"(""nirS""[Title] OR ""cytochrome cd1 nitrite reductase""[Title] OR ""nitrite reductase, cytochrome cd1""[Title]) AND ""Virgibacillus halotolerans""[Organism]"
Barnesiella viscericola,Barnesiella,Bacteroidota,nirS,0,,,"(""nirS""[Title] OR ""cytochrome cd1 nitrite reductase""[Title] OR ""nitrite reductase, cytochrome cd1""[Title]) AND ""Barnesiella viscericola""[Organism]"
Clostridioides mangenotii,Clostridioides,Firmicutes,nirS,0,,,"(""nirS""[Title] OR ""cytochrome cd1 nitrite reductase""[Title] OR ""nitrite reductase, cytochrome cd1""[Title]) AND ""Clostridioides mangenotii""[Organism]"
Marinimicrobium agarilyticum,Marinimicrobium,Proteobacteria,nirS,0,,,"(""nirS""[Title] OR ""cytochrome cd1 nitrite reductase""[Title] OR ""nitrite reductase, cytochrome cd1""[Title]) AND ""Marinimicrobium agarilyticum""[Organism]"
Neobacillus drentensis,Neobacillus,Firmicutes,nirS,0,,,"(""nirS""[Title] OR ""cytochrome cd1 nitrite reductase""[Title] OR ""nitrite reductase, cytochrome cd1""[Title]) AND ""Neobacillus drentensis""[Organism]"
Clostridium paraputrificum,Clostridium,Firmicutes,nirS,0,,,"(""nirS""[Title] OR ""cytochrome cd1 nitrite reductase""[Title] OR ""nitrite reductase, cytochrome cd1""[Title]) AND ""Clostridium paraputrificum""[Organism]"
Gottschalkia acidurici,Gottschalkia,Firmicutes,nirS,0,,,"(""nirS""[Title] OR ""cytochrome cd1 nitrite reductase""[Title] OR ""nitrite reductase, cytochrome cd1""[Title]) AND ""Gottschalkia acidurici""[Organism]"
Halomonas cerina,Halomonas,Proteobacteria,nirS,3,ACV88083.1,"NirS, partial [Halomonas cerina]","(""nirS""[Title] OR ""cytochrome cd1 nitrite reductase""[Title] OR ""nitrite reductase, cytochrome cd1""[Title]) AND ""Halomonas cerina""[Organism]"
Virgibacillus halodenitrificans,Virgibacillus,Firmicutes,nirS,0,,,"(""nirS""[Title] OR ""cytochrome cd1 nitrite reductase""[Title] OR ""nitrite reductase, cytochrome cd1""[Title]) AND ""Virgibacillus halodenitrificans""[Organism]"
Sinibacillus soli,Sinibacillus,Firmicutes,nirS,0,,,"(""nirS""[Title] OR ""cytochrome cd1 nitrite reductase""[Title] OR ""nitrite reductase, cytochrome cd1""[Title]) AND ""Sinibacillus soli""[Organism]"
Paenibacillus chartarius,Paenibacillus,Firmicutes,nirS,0,,,"(""nirS""[Title] OR ""cytochrome cd1 nitrite reductase""[Title] OR ""nitrite reductase, cytochrome cd1""[Title]) AND ""Paenibacillus chartarius""[Organism]"
Paenibacillus piscarius,Paenibacillus,Firmicutes,nirS,0,,,"(""nirS""[Title] OR ""cytochrome cd1 nitrite reductase""[Title] OR ""nitrite reductase, cytochrome cd1""[Title]) AND ""Paenibacillus piscarius""[Organism]"
Paenibacillus quercus,Paenibacillus,Firmicutes,nirS,0,,,"(""nirS""[Title] OR ""cytochrome cd1 nitrite reductase""[Title] OR ""nitrite reductase, cytochrome cd1""[Title]) AND ""Paenibacillus quercus""[Organism]"
Priestia aryabhattai,Priestia,Firmicutes,nirS,0,,,"(""nirS""[Title] OR ""cytochrome cd1 nitrite reductase""[Title] OR ""nitrite reductase, cytochrome cd1""[Title]) AND ""Priestia aryabhattai""[Organism]"
Eoetvoesia caeni,Eoetvoesia,Proteobacteria,nirS,0,,,"(""nirS""[Title] OR ""cytochrome cd1 nitrite reductase""[Title] OR ""nitrite reductase, cytochrome cd1""[Title]) AND ""Eoetvoesia caeni""[Organism]"
Mycolicibacter terrae,Mycolicibacter,Actinobacteria,nirS,0,,,"(""nirS""[Title] OR ""cytochrome cd1 nitrite reductase""[Title] OR ""nitrite reductase, cytochrome cd1""[Title]) AND ""Mycolicibacter terrae""[Organism]"
Virgibacillus flavescens,Virgibacillus,Firmicutes,nirS,0,,,"(""nirS""[Title] OR ""cytochrome cd1 nitrite reductase""[Title] OR ""nitrite reductase, cytochrome cd1""[Title]) AND ""Virgibacillus flavescens""[Organism]"
Leucobacter chromiireducens,Leucobacter,Actinobacteria,nirS,0,,,"(""nirS""[Title] OR ""cytochrome cd1 nitrite reductase""[Title] OR ""nitrite reductase, cytochrome cd1""[Title]) AND ""Leucobacter chromiireducens""[Organism]"
Rubneribacter badeniensis,Rubneribacter,Actinobacteria,nirS,0,,,"(""nirS""[Title] OR ""cytochrome cd1 nitrite reductase""[Title] OR ""nitrite reductase, cytochrome cd1""[Title]) AND ""Rubneribacter badeniensis""[Organism]"
Nocardiopsis valliformis,Nocardiopsis,Actinobacteria,nirS,0,,,"(""nirS""[Title] OR ""cytochrome cd1 nitrite reductase""[Title] OR ""nitrite reductase, cytochrome cd1""[Title]) AND ""Nocardiopsis valliformis""[Organism]"
Guyparkeria hydrothermalis,Guyparkeria,Proteobacteria,nirS,0,,,"(""nirS""[Title] OR ""cytochrome cd1 nitrite reductase""[Title] OR ""nitrite reductase, cytochrome cd1""[Title]) AND ""Guyparkeria hydrothermalis""[Organism]"
Trichococcus collinsii,Trichococcus,Firmicutes,nirS,0,,,"(""nirS""[Title] OR ""cytochrome cd1 nitrite reductase""[Title] OR ""nitrite reductase, cytochrome cd1""[Title]) AND ""Trichococcus collinsii""[Organism]"
Salinicoccus salsiraiae,Salinicoccus,Firmicutes,nirS,0,,,"(""nirS""[Title] OR ""cytochrome cd1 nitrite reductase""[Title] OR ""nitrite reductase, cytochrome cd1""[Title]) AND ""Salinicoccus salsiraiae""[Organism]"
Aquamicrobium aestuarii,Aquamicrobium,Proteobacteria,nirS,0,,,"(""nirS""[Title] OR ""cytochrome cd1 nitrite reductase""[Title] OR ""nitrite reductase, cytochrome cd1""[Title]) AND ""Aquamicrobium aestuarii""[Organism]"
Wenzhouxiangella sediminis,Wenzhouxiangella,Proteobacteria,nirS,0,,,"(""nirS""[Title] OR ""cytochrome cd1 nitrite reductase""[Title] OR ""nitrite reductase, cytochrome cd1""[Title]) AND ""Wenzhouxiangella sediminis""[Organism]"
Sporosarcina ureae,Sporosarcina,Firmicutes,nirS,0,,,"(""nirS""[Title] OR ""cytochrome cd1 nitrite reductase""[Title] OR ""nitrite reductase, cytochrome cd1""[Title]) AND ""Sporosarcina ureae""[Organism]"
Sanguibacter keddieii,Sanguibacter,Actinobacteria,nirS,0,,,"(""nirS""[Title] OR ""cytochrome cd1 nitrite reductase""[Title] OR ""nitrite reductase, cytochrome cd1""[Title]) AND ""Sanguibacter keddieii""[Organism]"
Alkaliphilus oremlandii,Alkaliphilus,Firmicutes,nirS,0,,,"(""nirS""[Title] OR ""cytochrome cd1 nitrite reductase""[Title] OR ""nitrite reductase, cytochrome cd1""[Title]) AND ""Alkaliphilus oremlandii""[Organism]"
Paenibacillus camelliae,Paenibacillus,Firmicutes,nirS,0,,,"(""nirS""[Title] OR ""cytochrome cd1 nitrite reductase""[Title] OR ""nitrite reductase, cytochrome cd1""[Title]) AND ""Paenibacillus camelliae""[Organism]"
Tessaracoccus rhinocerotis,Tessaracoccus,Actinobacteria,nirS,0,,,"(""nirS""[Title] OR ""cytochrome cd1 nitrite reductase""[Title] OR ""nitrite reductase, cytochrome cd1""[Title]) AND ""Tessaracoccus rhinocerotis""[Organism]"
Blautia liquoris,Blautia,Firmicutes,nirS,0,,,"(""nirS""[Title] OR ""cytochrome cd1 nitrite reductase""[Title] OR ""nitrite reductase, cytochrome cd1""[Title]) AND ""Blautia liquoris""[Organism]"
Clostridium tagluense,Clostridium,Firmicutes,nirS,0,,,"(""nirS""[Title] OR ""cytochrome cd1 nitrite reductase""[Title] OR ""nitrite reductase, cytochrome cd1""[Title]) AND ""Clostridium tagluense""[Organism]"
Blautia pseudococcoides,Blautia,Firmicutes,nirS,0,,,"(""nirS""[Title] OR ""cytochrome cd1 nitrite reductase""[Title] OR ""nitrite reductase, cytochrome cd1""[Title]) AND ""Blautia pseudococcoides""[Organism]"
Denitrificimonas caeni,Denitrificimonas,Proteobacteria,nirS,0,,,"(""nirS""[Title] OR ""cytochrome cd1 nitrite reductase""[Title] OR ""nitrite reductase, cytochrome cd1""[Title]) AND ""Denitrificimonas caeni""[Organism]"
Streptococcus infantarius,Streptococcus,Firmicutes,nirS,0,,,"(""nirS""[Title] OR ""cytochrome cd1 nitrite reductase""[Title] OR ""nitrite reductase, cytochrome cd1""[Title]) AND ""Streptococcus infantarius""[Organism]"
Mesobacillus maritimus,Mesobacillus,Firmicutes,nirS,0,,,"(""nirS""[Title] OR ""cytochrome cd1 nitrite reductase""[Title] OR ""nitrite reductase, cytochrome cd1""[Title]) AND ""Mesobacillus maritimus""[Organism]"
Lactococcus garvieae,Lactococcus,Firmicutes,nirS,0,,,"(""nirS""[Title] OR ""cytochrome cd1 nitrite reductase""[Title] OR ""nitrite reductase, cytochrome cd1""[Title]) AND ""Lactococcus garvieae""[Organism]"
Bacillus mesophilum,Bacillus,Firmicutes,nirS,0,,,"(""nirS""[Title] OR ""cytochrome cd1 nitrite reductase""[Title] OR ""nitrite reductase, cytochrome cd1""[Title]) AND ""Bacillus mesophilum""[Organism]"
Neobacillus novalis,Neobacillus,Firmicutes,nirS,0,,,"(""nirS""[Title] OR ""cytochrome cd1 nitrite reductase""[Title] OR ""nitrite reductase, cytochrome cd1""[Title]) AND ""Neobacillus novalis""[Organism]"
Corynebacterium rouxii,Corynebacterium,Actinobacteria,nirS,0,,,"(""nirS""[Title] OR ""cytochrome cd1 nitrite reductase""[Title] OR ""nitrite reductase, cytochrome cd1""[Title]) AND ""Corynebacterium rouxii""[Organism]"
Glutamicibacter bergerei,Glutamicibacter,Actinobacteria,nirS,0,,,"(""nirS""[Title] OR ""cytochrome cd1 nitrite reductase""[Title] OR ""nitrite reductase, cytochrome cd1""[Title]) AND ""Glutamicibacter bergerei""[Organism]"
Oceanobacillus caeni,Oceanobacillus,Firmicutes,nirS,0,,,"(""nirS""[Title] OR ""cytochrome cd1 nitrite reductase""[Title] OR ""nitrite reductase, cytochrome cd1""[Title]) AND ""Oceanobacillus caeni""[Organism]"
Caldalkalibacillus mannanilyticus,Caldalkalibacillus,Firmicutes,nirS,0,,,"(""nirS""[Title] OR ""cytochrome cd1 nitrite reductase""[Title] OR ""nitrite reductase, cytochrome cd1""[Title]) AND ""Caldalkalibacillus mannanilyticus""[Organism]"
Levilactobacillus tongjiangensis,Levilactobacillus,Firmicutes,nirS,0,,,"(""nirS""[Title] OR ""cytochrome cd1 nitrite reductase""[Title] OR ""nitrite reductase, cytochrome cd1""[Title]) AND ""Levilactobacillus tongjiangensis""[Organism]"
Paraoerskovia marina,Paraoerskovia,Actinobacteria,nirS,0,,,"(""nirS""[Title] OR ""cytochrome cd1 nitrite reductase""[Title] OR ""nitrite reductase, cytochrome cd1""[Title]) AND ""Paraoerskovia marina""[Organism]"
Tumebacillus soli,Tumebacillus,Firmicutes,nirS,0,,,"(""nirS""[Title] OR ""cytochrome cd1 nitrite reductase""[Title] OR ""nitrite reductase, cytochrome cd1""[Title]) AND ""Tumebacillus soli""[Organism]"
Streptomyces malaysiensis,Streptomyces,Actinobacteria,nirS,0,,,"(""nirS""[Title] OR ""cytochrome cd1 nitrite reductase""[Title] OR ""nitrite reductase, cytochrome cd1""[Title]) AND ""Streptomyces malaysiensis""[Organism]"
Bacillus renqingensis,Bacillus,Firmicutes,nirS,0,,,"(""nirS""[Title] OR ""cytochrome cd1 nitrite reductase""[Title] OR ""nitrite reductase, cytochrome cd1""[Title]) AND ""Bacillus renqingensis""[Organism]"
Murimonas intestini,Murimonas,Firmicutes,nirS,0,,,"(""nirS""[Title] OR ""cytochrome cd1 nitrite reductase""[Title] OR ""nitrite reductase, cytochrome cd1""[Title]) AND ""Murimonas intestini""[Organism]"
Oceanobacillus longus,Oceanobacillus,Firmicutes,nirS,0,,,"(""nirS""[Title] OR ""cytochrome cd1 nitrite reductase""[Title] OR ""nitrite reductase, cytochrome cd1""[Title]) AND ""Oceanobacillus longus""[Organism]"
Agrilactobacillus yilanensis,Agrilactobacillus,Firmicutes,nirS,0,,,"(""nirS""[Title] OR ""cytochrome cd1 nitrite reductase""[Title] OR ""nitrite reductase, cytochrome cd1""[Title]) AND ""Agrilactobacillus yilanensis""[Organism]"
Paraliobacillus quinghaiensis,Paraliobacillus,Firmicutes,nirS,0,,,"(""nirS""[Title] OR ""cytochrome cd1 nitrite reductase""[Title] OR ""nitrite reductase, cytochrome cd1""[Title]) AND ""Paraliobacillus quinghaiensis""[Organism]"
Amphibacillus jilinensis,Amphibacillus,Firmicutes,nirS,0,,,"(""nirS""[Title] OR ""cytochrome cd1 nitrite reductase""[Title] OR ""nitrite reductase, cytochrome cd1""[Title]) AND ""Amphibacillus jilinensis""[Organism]"
Companilactobacillus crustorum,Companilactobacillus,Firmicutes,nirS,0,,,"(""nirS""[Title] OR ""cytochrome cd1 nitrite reductase""[Title] OR ""nitrite reductase, cytochrome cd1""[Title]) AND ""Companilactobacillus crustorum""[Organism]"
Faecalibacterium longum,Faecalibacterium,Firmicutes,nirS,0,,,"(""nirS""[Title] OR ""cytochrome cd1 nitrite reductase""[Title] OR ""nitrite reductase, cytochrome cd1""[Title]) AND ""Faecalibacterium longum""[Organism]"
Oceanobacillus rekensis,Oceanobacillus,Firmicutes,nirS,0,,,"(""nirS""[Title] OR ""cytochrome cd1 nitrite reductase""[Title] OR ""nitrite reductase, cytochrome cd1""[Title]) AND ""Oceanobacillus rekensis""[Organism]"
Zhihengliuella flava,Zhihengliuella,Actinobacteria,nirS,0,,,"(""nirS""[Title] OR ""cytochrome cd1 nitrite reductase""[Title] OR ""nitrite reductase, cytochrome cd1""[Title]) AND ""Zhihengliuella flava""[Organism]"
Corticicoccus populi,Corticicoccus,Firmicutes,nirS,0,,,"(""nirS""[Title] OR ""cytochrome cd1 nitrite reductase""[Title] OR ""nitrite reductase, cytochrome cd1""[Title]) AND ""Corticicoccus populi""[Organism]"
Cuneatibacter caecimuris,Cuneatibacter,Firmicutes,nirS,0,,,"(""nirS""[Title] OR ""cytochrome cd1 nitrite reductase""[Title] OR ""nitrite reductase, cytochrome cd1""[Title]) AND ""Cuneatibacter caecimuris""[Organism]"
Frisingicoccus caecimuris,Frisingicoccus,Firmicutes,nirS,0,,,"(""nirS""[Title] OR ""cytochrome cd1 nitrite reductase""[Title] OR ""nitrite reductase, cytochrome cd1""[Title]) AND ""Frisingicoccus caecimuris""[Organism]"
Sporosarcina contaminans,Sporosarcina,Firmicutes,nirS,0,,,"(""nirS""[Title] OR ""cytochrome cd1 nitrite reductase""[Title] OR ""nitrite reductase, cytochrome cd1""[Title]) AND ""Sporosarcina contaminans""[Organism]"
Variimorphobacter saccharofermentans,Variimorphobacter,Firmicutes,nirS,0,,,"(""nirS""[Title] OR ""cytochrome cd1 nitrite reductase""[Title] OR ""nitrite reductase, cytochrome cd1""[Title]) AND ""Variimorphobacter saccharofermentans""[Organism]"
Paenalcaligenes hermetiae,Paenalcaligenes,Proteobacteria,nirS,0,,,"(""nirS""[Title] OR ""cytochrome cd1 nitrite reductase""[Title] OR ""nitrite reductase, cytochrome cd1""[Title]) AND ""Paenalcaligenes hermetiae""[Organism]"
Bordetella petrii,Bordetella,Proteobacteria,nirS,0,,,"(""nirS""[Title] OR ""cytochrome cd1 nitrite reductase""[Title] OR ""nitrite reductase, cytochrome cd1""[Title]) AND ""Bordetella petrii""[Organism]"
Enterocloster bolteae,Enterocloster,Firmicutes,nirS,0,,,"(""nirS""[Title] OR ""cytochrome cd1 nitrite reductase""[Title] OR ""nitrite reductase, cytochrome cd1""[Title]) AND ""Enterocloster bolteae""[Organism]"
Enterocloster clostridioformis,Enterocloster,Firmicutes,nirS,0,,,"(""nirS""[Title] OR ""cytochrome cd1 nitrite reductase""[Title] OR ""nitrite reductase, cytochrome cd1""[Title]) AND ""Enterocloster clostridioformis""[Organism]"
Croceibacterium atlanticum,Croceibacterium,Proteobacteria,nirS,0,,,"(""nirS""[Title] OR ""cytochrome cd1 nitrite reductase""[Title] OR ""nitrite reductase, cytochrome cd1""[Title]) AND ""Croceibacterium atlanticum""[Organism]"
Mediterraneibacter massiliensis,Mediterraneibacter,Firmicutes,nirS,0,,,"(""nirS""[Title] OR ""cytochrome cd1 nitrite reductase""[Title] OR ""nitrite reductase, cytochrome cd1""[Title]) AND ""Mediterraneibacter massiliensis""[Organism]"
Anaerobutyricum hallii,Anaerobutyricum,Firmicutes,nirS,0,,,"(""nirS""[Title] OR ""cytochrome cd1 nitrite reductase""[Title] OR ""nitrite reductase, cytochrome cd1""[Title]) AND ""Anaerobutyricum hallii""[Organism]"
Nocardiopsis metallicus,Nocardiopsis,Actinobacteria,nirS,0,,,"(""nirS""[Title] OR ""cytochrome cd1 nitrite reductase""[Title] OR ""nitrite reductase, cytochrome cd1""[Title]) AND ""Nocardiopsis metallicus""[Organism]"
Vescimonas fastidiosa,Vescimonas,Firmicutes,nirS,0,,,"(""nirS""[Title] OR ""cytochrome cd1 nitrite reductase""[Title] OR ""nitrite reductase, cytochrome cd1""[Title]) AND ""Vescimonas fastidiosa""[Organism]"
Brevibacterium iodinum,Brevibacterium,Actinobacteria,nirS,0,,,"(""nirS""[Title] OR ""cytochrome cd1 nitrite reductase""[Title] OR ""nitrite reductase, cytochrome cd1""[Title]) AND ""Brevibacterium iodinum""[Organism]"
Nocardiopsis prasina,Nocardiopsis,Actinobacteria,nirS,0,,,"(""nirS""[Title] OR ""cytochrome cd1 nitrite reductase""[Title] OR ""nitrite reductase, cytochrome cd1""[Title]) AND ""Nocardiopsis prasina""[Organism]"
Nocardiopsis sediminis,Nocardiopsis,Actinobacteria,nirS,0,,,"(""nirS""[Title] OR ""cytochrome cd1 nitrite reductase""[Title] OR ""nitrite reductase, cytochrome cd1""[Title]) AND ""Nocardiopsis sediminis""[Organism]"
Pseudoclavibacter endophyticus,Pseudoclavibacter,Actinobacteria,nirS,0,,,"(""nirS""[Title] OR ""cytochrome cd1 nitrite reductase""[Title] OR ""nitrite reductase, cytochrome cd1""[Title]) AND ""Pseudoclavibacter endophyticus""[Organism]"
Tissierella carlieri,Tissierella,Firmicutes,nirS,0,,,"(""nirS""[Title] OR ""cytochrome cd1 nitrite reductase""[Title] OR ""nitrite reductase, cytochrome cd1""[Title]) AND ""Tissierella carlieri""[Organism]"
Lactobacillus ultunensis,Lactobacillus,Firmicutes,nirS,0,,,"(""nirS""[Title] OR ""cytochrome cd1 nitrite reductase""[Title] OR ""nitrite reductase, cytochrome cd1""[Title]) AND ""Lactobacillus ultunensis""[Organism]"
Actinoallomurus iriomotensis,Actinoallomurus,Actinobacteria,nirS,0,,,"(""nirS""[Title] OR ""cytochrome cd1 nitrite reductase""[Title] OR ""nitrite reductase, cytochrome cd1""[Title]) AND ""Actinoallomurus iriomotensis""[Organism]"
Lapidilactobacillus gannanensis,Lapidilactobacillus,Firmicutes,nirS,0,,,"(""nirS""[Title] OR ""cytochrome cd1 nitrite reductase""[Title] OR ""nitrite reductase, cytochrome cd1""[Title]) AND ""Lapidilactobacillus gannanensis""[Organism]"
Levilactobacillus brevis,Levilactobacillus,Firmicutes,nirS,0,,,"(""nirS""[Title] OR ""cytochrome cd1 nitrite reductase""[Title] OR ""nitrite reductase, cytochrome cd1""[Title]) AND ""Levilactobacillus brevis""[Organism]"
Helcococcus seattlensis,Helcococcus,Firmicutes,nirS,0,,,"(""nirS""[Title] OR ""cytochrome cd1 nitrite reductase""[Title] OR ""nitrite reductase, cytochrome cd1""[Title]) AND ""Helcococcus seattlensis""[Organism]"
Limosilactobacillus frumenti,Limosilactobacillus,Firmicutes,nirS,0,,,"(""nirS""[Title] OR ""cytochrome cd1 nitrite reductase""[Title] OR ""nitrite reductase, cytochrome cd1""[Title]) AND ""Limosilactobacillus frumenti""[Organism]"
Corynebacterium endometrii,Corynebacterium,Actinobacteria,nirS,0,,,"(""nirS""[Title] OR ""cytochrome cd1 nitrite reductase""[Title] OR ""nitrite reductase, cytochrome cd1""[Title]) AND ""Corynebacterium endometrii""[Organism]"
Kocuria uropygialis,Kocuria,Actinobacteria,nirS,0,,,"(""nirS""[Title] OR ""cytochrome cd1 nitrite reductase""[Title] OR ""nitrite reductase, cytochrome cd1""[Title]) AND ""Kocuria uropygialis""[Organism]"
Corynebacterium falsenii,Corynebacterium,Actinobacteria,nirS,0,,,"(""nirS""[Title] OR ""cytochrome cd1 nitrite reductase""[Title] OR ""nitrite reductase, cytochrome cd1""[Title]) AND ""Corynebacterium falsenii""[Organism]"
Enterococcus italicus,Enterococcus,Firmicutes,nirS,0,,,"(""nirS""[Title] OR ""cytochrome cd1 nitrite reductase""[Title] OR ""nitrite reductase, cytochrome cd1""[Title]) AND ""Enterococcus italicus""[Organism]"
Clostridium cochlearium,Clostridium,Firmicutes,nirS,0,,,"(""nirS""[Title] OR ""cytochrome cd1 nitrite reductase""[Title] OR ""nitrite reductase, cytochrome cd1""[Title]) AND ""Clostridium cochlearium""[Organism]"
Nesterenkonia jeotgali,Nesterenkonia,Actinobacteria,nirS,0,,,"(""nirS""[Title] OR ""cytochrome cd1 nitrite reductase""[Title] OR ""nitrite reductase, cytochrome cd1""[Title]) AND ""Nesterenkonia jeotgali""[Organism]"
Terrisporobacter mayombei,Terrisporobacter,Firmicutes,nirS,0,,,"(""nirS""[Title] OR ""cytochrome cd1 nitrite reductase""[Title] OR ""nitrite reductase, cytochrome cd1""[Title]) AND ""Terrisporobacter mayombei""[Organism]"
Mycolicibacterium mageritense,Mycolicibacterium,Actinobacteria,nirS,0,,,"(""nirS""[Title] OR ""cytochrome cd1 nitrite reductase""[Title] OR ""nitrite reductase, cytochrome cd1""[Title]) AND ""Mycolicibacterium mageritense""[Organism]"
Paracoccus koreensis,Paracoccus,Proteobacteria,nirS,0,,,"(""nirS""[Title] OR ""cytochrome cd1 nitrite reductase""[Title] OR ""nitrite reductase, cytochrome cd1""[Title]) AND ""Paracoccus koreensis""[Organism]"
Citricoccus nitrophenolicus,Citricoccus,Actinobacteria,nirS,0,,,"(""nirS""[Title] OR ""cytochrome cd1 nitrite reductase""[Title] OR ""nitrite reductase, cytochrome cd1""[Title]) AND ""Citricoccus nitrophenolicus""[Organism]"
Actinomarinicola tropica,Actinomarinicola,Actinobacteria,nirS,0,,,"(""nirS""[Title] OR ""cytochrome cd1 nitrite reductase""[Title] OR ""nitrite reductase, cytochrome cd1""[Title]) AND ""Actinomarinicola tropica""[Organism]"
Ornithinibacillus contaminans,Ornithinibacillus,Firmicutes,nirS,0,,,"(""nirS""[Title] OR ""cytochrome cd1 nitrite reductase""[Title] OR ""nitrite reductase, cytochrome cd1""[Title]) AND ""Ornithinibacillus contaminans""[Organism]"
Glycomyces tarimensis,Glycomyces,Actinobacteria,nirS,0,,,"(""nirS""[Title] OR ""cytochrome cd1 nitrite reductase""[Title] OR ""nitrite reductase, cytochrome cd1""[Title]) AND ""Glycomyces tarimensis""[Organism]"
Bacillus cereus,Bacillus,Firmicutes,nirS,0,,,"(""nirS""[Title] OR ""cytochrome cd1 nitrite reductase""[Title] OR ""nitrite reductase, cytochrome cd1""[Title]) AND ""Bacillus cereus""[Organism]"
Pseudidiomarina indica,Pseudidiomarina,Proteobacteria,nirS,0,,,"(""nirS""[Title] OR ""cytochrome cd1 nitrite reductase""[Title] OR ""nitrite reductase, cytochrome cd1""[Title]) AND ""Pseudidiomarina indica""[Organism]"
Bacillus marasmi,Bacillus,Firmicutes,nirS,0,,,"(""nirS""[Title] OR ""cytochrome cd1 nitrite reductase""[Title] OR ""nitrite reductase, cytochrome cd1""[Title]) AND ""Bacillus marasmi""[Organism]"
Alistipes onderdonkii,Alistipes,Bacteroidota,nirS,0,,,"(""nirS""[Title] OR ""cytochrome cd1 nitrite reductase""[Title] OR ""nitrite reductase, cytochrome cd1""[Title]) AND ""Alistipes onderdonkii""[Organism]"
Alistipes shahii,Alistipes,Bacteroidota,nirS,0,,,"(""nirS""[Title] OR ""cytochrome cd1 nitrite reductase""[Title] OR ""nitrite reductase, cytochrome cd1""[Title]) AND ""Alistipes shahii""[Organism]"
Thiopseudomonas alkaliphila,Thiopseudomonas,Proteobacteria,nirS,0,,,"(""nirS""[Title] OR ""cytochrome cd1 nitrite reductase""[Title] OR ""nitrite reductase, cytochrome cd1""[Title]) AND ""Thiopseudomonas alkaliphila""[Organism]"
Bacillus aquiflavi,Bacillus,Firmicutes,nirS,0,,,"(""nirS""[Title] OR ""cytochrome cd1 nitrite reductase""[Title] OR ""nitrite reductase, cytochrome cd1""[Title]) AND ""Bacillus aquiflavi""[Organism]"
Proteus penneri,Proteus,Proteobacteria,nirS,0,,,"(""nirS""[Title] OR ""cytochrome cd1 nitrite reductase""[Title] OR ""nitrite reductase, cytochrome cd1""[Title]) AND ""Proteus penneri""[Organism]"
Peribacillus huizhouensis,Peribacillus,Firmicutes,nirS,0,,,"(""nirS""[Title] OR ""cytochrome cd1 nitrite reductase""[Title] OR ""nitrite reductase, cytochrome cd1""[Title]) AND ""Peribacillus huizhouensis""[Organism]"
Virgibacillus byunsanensis,Virgibacillus,Firmicutes,nirS,0,,,"(""nirS""[Title] OR ""cytochrome cd1 nitrite reductase""[Title] OR ""nitrite reductase, cytochrome cd1""[Title]) AND ""Virgibacillus byunsanensis""[Organism]"
Acinetobacter guillouiae,Acinetobacter,Proteobacteria,nirS,0,,,"(""nirS""[Title] OR ""cytochrome cd1 nitrite reductase""[Title] OR ""nitrite reductase, cytochrome cd1""[Title]) AND ""Acinetobacter guillouiae""[Organism]"
Salmonella enterica,Salmonella,Proteobacteria,nirS,0,,,"(""nirS""[Title] OR ""cytochrome cd1 nitrite reductase""[Title] OR ""nitrite reductase, cytochrome cd1""[Title]) AND ""Salmonella enterica""[Organism]"
Siminovitchia fortis,Siminovitchia,Firmicutes,nirS,0,,,"(""nirS""[Title] OR ""cytochrome cd1 nitrite reductase""[Title] OR ""nitrite reductase, cytochrome cd1""[Title]) AND ""Siminovitchia fortis""[Organism]"
Bacillus dakarensis,Bacillus,Firmicutes,nirS,0,,,"(""nirS""[Title] OR ""cytochrome cd1 nitrite reductase""[Title] OR ""nitrite reductase, cytochrome cd1""[Title]) AND ""Bacillus dakarensis""[Organism]"
Aquibacillus albus,Aquibacillus,Firmicutes,nirS,0,,,"(""nirS""[Title] OR ""cytochrome cd1 nitrite reductase""[Title] OR ""nitrite reductase, cytochrome cd1""[Title]) AND ""Aquibacillus albus""[Organism]"
Macrococcus caseolyticus,Macrococcus,Firmicutes,nirS,0,,,"(""nirS""[Title] OR ""cytochrome cd1 nitrite reductase""[Title] OR ""nitrite reductase, cytochrome cd1""[Title]) AND ""Macrococcus caseolyticus""[Organism]"
Butyricimonas paravirosa,Butyricimonas,Bacteroidota,nirS,0,,,"(""nirS""[Title] OR ""cytochrome cd1 nitrite reductase""[Title] OR ""nitrite reductase, cytochrome cd1""[Title]) AND ""Butyricimonas paravirosa""[Organism]"
Staphylococcus rostri,Staphylococcus,Firmicutes,nirS,0,,,"(""nirS""[Title] OR ""cytochrome cd1 nitrite reductase""[Title] OR ""nitrite reductase, cytochrome cd1""[Title]) AND ""Staphylococcus rostri""[Organism]"
Marinimicrobium alkaliphilum,Marinimicrobium,Proteobacteria,nirS,0,,,"(""nirS""[Title] OR ""cytochrome cd1 nitrite reductase""[Title] OR ""nitrite reductase, cytochrome cd1""[Title]) AND ""Marinimicrobium alkaliphilum""[Organism]"
Corynebacterium variabile,Corynebacterium,Actinobacteria,nirS,0,,,"(""nirS""[Title] OR ""cytochrome cd1 nitrite reductase""[Title] OR ""nitrite reductase, cytochrome cd1""[Title]) AND ""Corynebacterium variabile""[Organism]"
Parabacteroides merdae,Parabacteroides,Bacteroidota,nirS,0,,,"(""nirS""[Title] OR ""cytochrome cd1 nitrite reductase""[Title] OR ""nitrite reductase, cytochrome cd1""[Title]) AND ""Parabacteroides merdae""[Organism]"
Citricoccus lacusdiani,Citricoccus,Actinobacteria,nirS,0,,,"(""nirS""[Title] OR ""cytochrome cd1 nitrite reductase""[Title] OR ""nitrite reductase, cytochrome cd1""[Title]) AND ""Citricoccus lacusdiani""[Organism]"
Bacteroides thetaiotaomicron,Bacteroides,Bacteroidota,nirS,0,,,"(""nirS""[Title] OR ""cytochrome cd1 nitrite reductase""[Title] OR ""nitrite reductase, cytochrome cd1""[Title]) AND ""Bacteroides thetaiotaomicron""[Organism]"
Streptomyces iranensis,Streptomyces,Actinobacteria,nirS,0,,,"(""nirS""[Title] OR ""cytochrome cd1 nitrite reductase""[Title] OR ""nitrite reductase, cytochrome cd1""[Title]) AND ""Streptomyces iranensis""[Organism]"
Nesterenkonia muleiensis,Nesterenkonia,Actinobacteria,nirS,0,,,"(""nirS""[Title] OR ""cytochrome cd1 nitrite reductase""[Title] OR ""nitrite reductase, cytochrome cd1""[Title]) AND ""Nesterenkonia muleiensis""[Organism]"
Radiobacillus deserti,Radiobacillus,Firmicutes,nirS,0,,,"(""nirS""[Title] OR ""cytochrome cd1 nitrite reductase""[Title] OR ""nitrite reductase, cytochrome cd1""[Title]) AND ""Radiobacillus deserti""[Organism]"
Macrococcus brunensis,Macrococcus,Firmicutes,nirS,0,,,"(""nirS""[Title] OR ""cytochrome cd1 nitrite reductase""[Title] OR ""nitrite reductase, cytochrome cd1""[Title]) AND ""Macrococcus brunensis""[Organism]"
Anaerosalibacter massiliensis,Anaerosalibacter,Firmicutes,nirS,0,,,"(""nirS""[Title] OR ""cytochrome cd1 nitrite reductase""[Title] OR ""nitrite reductase, cytochrome cd1""[Title]) AND ""Anaerosalibacter massiliensis""[Organism]"
Peptoniphilus obesi,Peptoniphilus,Firmicutes,nirS,0,,,"(""nirS""[Title] OR ""cytochrome cd1 nitrite reductase""[Title] OR ""nitrite reductase, cytochrome cd1""[Title]) AND ""Peptoniphilus obesi""[Organism]"
Massilicoli timonensis,Massilicoli,Firmicutes,nirS,0,,,"(""nirS""[Title] OR ""cytochrome cd1 nitrite reductase""[Title] OR ""nitrite reductase, cytochrome cd1""[Title]) AND ""Massilicoli timonensis""[Organism]"
Arthrobacter globiformis,Arthrobacter,Actinobacteria,nirS,0,,,"(""nirS""[Title] OR ""cytochrome cd1 nitrite reductase""[Title] OR ""nitrite reductase, cytochrome cd1""[Title]) AND ""Arthrobacter globiformis""[Organism]"
Virgibacillus massiliensis,Virgibacillus,Firmicutes,nirS,0,,,"(""nirS""[Title] OR ""cytochrome cd1 nitrite reductase""[Title] OR ""nitrite reductase, cytochrome cd1""[Title]) AND ""Virgibacillus massiliensis""[Organism]"
Peptoniphilus urinimassiliensis,Peptoniphilus,Firmicutes,nirS,0,,,"(""nirS""[Title] OR ""cytochrome cd1 nitrite reductase""[Title] OR ""nitrite reductase, cytochrome cd1""[Title]) AND ""Peptoniphilus urinimassiliensis""[Organism]"
Mycolicibacterium wolinskyi,Mycolicibacterium,Actinobacteria,nirS,0,,,"(""nirS""[Title] OR ""cytochrome cd1 nitrite reductase""[Title] OR ""nitrite reductase, cytochrome cd1""[Title]) AND ""Mycolicibacterium wolinskyi""[Organism]"
Corynebacterium flavescens,Corynebacterium,Actinobacteria,nirS,0,,,"(""nirS""[Title] OR ""cytochrome cd1 nitrite reductase""[Title] OR ""nitrite reductase, cytochrome cd1""[Title]) AND ""Corynebacterium flavescens""[Organism]"
Saccharomonospora oceani,Saccharomonospora,Actinobacteria,nirS,0,,,"(""nirS""[Title] OR ""cytochrome cd1 nitrite reductase""[Title] OR ""nitrite reductase, cytochrome cd1""[Title]) AND ""Saccharomonospora oceani""[Organism]"
Saccharopolyspora tripterygii,Saccharopolyspora,Actinobacteria,nirS,0,,,"(""nirS""[Title] OR ""cytochrome cd1 nitrite reductase""[Title] OR ""nitrite reductase, cytochrome cd1""[Title]) AND ""Saccharopolyspora tripterygii""[Organism]"
Corynebacterium singulare,Corynebacterium,Actinobacteria,nirS,0,,,"(""nirS""[Title] OR ""cytochrome cd1 nitrite reductase""[Title] OR ""nitrite reductase, cytochrome cd1""[Title]) AND ""Corynebacterium singulare""[Organism]"
Acidibacter ferrireducens,Acidibacter,Proteobacteria,nirS,0,,,"(""nirS""[Title] OR ""cytochrome cd1 nitrite reductase""[Title] OR ""nitrite reductase, cytochrome cd1""[Title]) AND ""Acidibacter ferrireducens""[Organism]"
Bacillus benzoevorans,Bacillus,Firmicutes,nirS,0,,,"(""nirS""[Title] OR ""cytochrome cd1 nitrite reductase""[Title] OR ""nitrite reductase, cytochrome cd1""[Title]) AND ""Bacillus benzoevorans""[Organism]"
Corynebacterium pollutisoli,Corynebacterium,Actinobacteria,nirS,0,,,"(""nirS""[Title] OR ""cytochrome cd1 nitrite reductase""[Title] OR ""nitrite reductase, cytochrome cd1""[Title]) AND ""Corynebacterium pollutisoli""[Organism]"
Kocuria atrinae,Kocuria,Actinobacteria,nirS,0,,,"(""nirS""[Title] OR ""cytochrome cd1 nitrite reductase""[Title] OR ""nitrite reductase, cytochrome cd1""[Title]) AND ""Kocuria atrinae""[Organism]"
Niallia alba,Niallia,Firmicutes,nirS,0,,,"(""nirS""[Title] OR ""cytochrome cd1 nitrite reductase""[Title] OR ""nitrite reductase, cytochrome cd1""[Title]) AND ""Niallia alba""[Organism]"
Neobacillus vireti,Neobacillus,Firmicutes,nirS,0,,,"(""nirS""[Title] OR ""cytochrome cd1 nitrite reductase""[Title] OR ""nitrite reductase, cytochrome cd1""[Title]) AND ""Neobacillus vireti""[Organism]"
Corynebacterium pelargi,Corynebacterium,Actinobacteria,nirS,0,,,"(""nirS""[Title] OR ""cytochrome cd1 nitrite reductase""[Title] OR ""nitrite reductase, cytochrome cd1""[Title]) AND ""Corynebacterium pelargi""[Organism]"
Neobacillus soli,Neobacillus,Firmicutes,nirS,0,,,"(""nirS""[Title] OR ""cytochrome cd1 nitrite reductase""[Title] OR ""nitrite reductase, cytochrome cd1""[Title]) AND ""Neobacillus soli""[Organism]"
Cedecea davisae,Cedecea,Proteobacteria,nirS,0,,,"(""nirS""[Title] OR ""cytochrome cd1 nitrite reductase""[Title] OR ""nitrite reductase, cytochrome cd1""[Title]) AND ""Cedecea davisae""[Organism]"
Corynebacterium neomassiliense,Corynebacterium,Actinobacteria,nirS,0,,,"(""nirS""[Title] OR ""cytochrome cd1 nitrite reductase""[Title] OR ""nitrite reductase, cytochrome cd1""[Title]) AND ""Corynebacterium neomassiliense""[Organism]"
Corynebacterium nasicanis,Corynebacterium,Actinobacteria,nirS,0,,,"(""nirS""[Title] OR ""cytochrome cd1 nitrite reductase""[Title] OR ""nitrite reductase, cytochrome cd1""[Title]) AND ""Corynebacterium nasicanis""[Organism]"
Corynebacterium terpenotabidum,Corynebacterium,Actinobacteria,nirS,0,,,"(""nirS""[Title] OR ""cytochrome cd1 nitrite reductase""[Title] OR ""nitrite reductase, cytochrome cd1""[Title]) AND ""Corynebacterium terpenotabidum""[Organism]"
Levilactobacillus yonginensis,Levilactobacillus,Firmicutes,nirS,0,,,"(""nirS""[Title] OR ""cytochrome cd1 nitrite reductase""[Title] OR ""nitrite reductase, cytochrome cd1""[Title]) AND ""Levilactobacillus yonginensis""[Organism]"
Neobacillus ginsengisoli,Neobacillus,Firmicutes,nirS,0,,,"(""nirS""[Title] OR ""cytochrome cd1 nitrite reductase""[Title] OR ""nitrite reductase, cytochrome cd1""[Title]) AND ""Neobacillus ginsengisoli""[Organism]"
Virgibacillus dakarensis,Virgibacillus,Firmicutes,nirS,0,,,"(""nirS""[Title] OR ""cytochrome cd1 nitrite reductase""[Title] OR ""nitrite reductase, cytochrome cd1""[Title]) AND ""Virgibacillus dakarensis""[Organism]"
Bacteroides cellulosilyticus,Bacteroides,Bacteroidota,nirS,0,,,"(""nirS""[Title] OR ""cytochrome cd1 nitrite reductase""[Title] OR ""nitrite reductase, cytochrome cd1""[Title]) AND ""Bacteroides cellulosilyticus""[Organism]"
Staphylococcus auricularis,Staphylococcus,Firmicutes,nirS,0,,,"(""nirS""[Title] OR ""cytochrome cd1 nitrite reductase""[Title] OR ""nitrite reductase, cytochrome cd1""[Title]) AND ""Staphylococcus auricularis""[Organism]"
Knoellia sinensis,Knoellia,Actinobacteria,nirS,0,,,"(""nirS""[Title] OR ""cytochrome cd1 nitrite reductase""[Title] OR ""nitrite reductase, cytochrome cd1""[Title]) AND ""Knoellia sinensis""[Organism]"
Actinomadura montaniterrae,Actinomadura,Actinobacteria,nirS,0,,,"(""nirS""[Title] OR ""cytochrome cd1 nitrite reductase""[Title] OR ""nitrite reductase, cytochrome cd1""[Title]) AND ""Actinomadura montaniterrae""[Organism]"
Bacillus atrophaeus,Bacillus,Firmicutes,nirS,0,,,"(""nirS""[Title] OR ""cytochrome cd1 nitrite reductase""[Title] OR ""nitrite reductase, cytochrome cd1""[Title]) AND ""Bacillus atrophaeus""[Organism]"
Neobacillus pocheonensis,Neobacillus,Firmicutes,nirS,0,,,"(""nirS""[Title] OR ""cytochrome cd1 nitrite reductase""[Title] OR ""nitrite reductase, cytochrome cd1""[Title]) AND ""Neobacillus pocheonensis""[Organism]"
Staphylococcus pettenkoferi,Staphylococcus,Firmicutes,nirS,0,,,"(""nirS""[Title] OR ""cytochrome cd1 nitrite reductase""[Title] OR ""nitrite reductase, cytochrome cd1""[Title]) AND ""Staphylococcus pettenkoferi""[Organism]"
Oceanobacillus chungangensis,Oceanobacillus,Firmicutes,nirS,0,,,"(""nirS""[Title] OR ""cytochrome cd1 nitrite reductase""[Title] OR ""nitrite reductase, cytochrome cd1""[Title]) AND ""Oceanobacillus chungangensis""[Organism]"
Levilactobacillus spicheri,Levilactobacillus,Firmicutes,nirS,0,,,"(""nirS""[Title] OR ""cytochrome cd1 nitrite reductase""[Title] OR ""nitrite reductase, cytochrome cd1""[Title]) AND ""Levilactobacillus spicheri""[Organism]"
Ignatzschineria larvae,Ignatzschineria,Proteobacteria,nirS,0,,,"(""nirS""[Title] OR ""cytochrome cd1 nitrite reductase""[Title] OR ""nitrite reductase, cytochrome cd1""[Title]) AND ""Ignatzschineria larvae""[Organism]"
Enterococcus pseudoavium,Enterococcus,Firmicutes,nirS,0,,,"(""nirS""[Title] OR ""cytochrome cd1 nitrite reductase""[Title] OR ""nitrite reductase, cytochrome cd1""[Title]) AND ""Enterococcus pseudoavium""[Organism]"
Leucobacter salsicius,Leucobacter,Actinobacteria,nirS,0,,,"(""nirS""[Title] OR ""cytochrome cd1 nitrite reductase""[Title] OR ""nitrite reductase, cytochrome cd1""[Title]) AND ""Leucobacter salsicius""[Organism]"
Mycobacterium senegalense,Mycobacterium,Actinobacteria,nirS,0,,,"(""nirS""[Title] OR ""cytochrome cd1 nitrite reductase""[Title] OR ""nitrite reductase, cytochrome cd1""[Title]) AND ""Mycobacterium senegalense""[Organism]"
Psychrobacillus lasiicapitis,Psychrobacillus,Firmicutes,nirS,0,,,"(""nirS""[Title] OR ""cytochrome cd1 nitrite reductase""[Title] OR ""nitrite reductase, cytochrome cd1""[Title]) AND ""Psychrobacillus lasiicapitis""[Organism]"
Paenibacillus rigui,Paenibacillus,Firmicutes,nirS,0,,,"(""nirS""[Title] OR ""cytochrome cd1 nitrite reductase""[Title] OR ""nitrite reductase, cytochrome cd1""[Title]) AND ""Paenibacillus rigui""[Organism]"
Glycomyces arizonensis,Glycomyces,Actinobacteria,nirS,0,,,"(""nirS""[Title] OR ""cytochrome cd1 nitrite reductase""[Title] OR ""nitrite reductase, cytochrome cd1""[Title]) AND ""Glycomyces arizonensis""[Organism]"
Pelagibacterium lacus,Pelagibacterium,Proteobacteria,nirS,0,,,"(""nirS""[Title] OR ""cytochrome cd1 nitrite reductase""[Title] OR ""nitrite reductase, cytochrome cd1""[Title]) AND ""Pelagibacterium lacus""[Organism]"
Singulisphaera rosea,Singulisphaera,Planctomycetota,nirS,0,,,"(""nirS""[Title] OR ""cytochrome cd1 nitrite reductase""[Title] OR ""nitrite reductase, cytochrome cd1""[Title]) AND ""Singulisphaera rosea""[Organism]"
Cohnella luojiensis,Cohnella,Firmicutes,nirS,0,,,"(""nirS""[Title] OR ""cytochrome cd1 nitrite reductase""[Title] OR ""nitrite reductase, cytochrome cd1""[Title]) AND ""Cohnella luojiensis""[Organism]"
Ruthenibacterium lactatiformans,Ruthenibacterium,Firmicutes,nirS,0,,,"(""nirS""[Title] OR ""cytochrome cd1 nitrite reductase""[Title] OR ""nitrite reductase, cytochrome cd1""[Title]) AND ""Ruthenibacterium lactatiformans""[Organism]"
Gottfriedia acidiceleris,Gottfriedia,Firmicutes,nirS,0,,,"(""nirS""[Title] OR ""cytochrome cd1 nitrite reductase""[Title] OR ""nitrite reductase, cytochrome cd1""[Title]) AND ""Gottfriedia acidiceleris""[Organism]"
Ectobacillus funiculus,Ectobacillus,Firmicutes,nirS,0,,,"(""nirS""[Title] OR ""cytochrome cd1 nitrite reductase""[Title] OR ""nitrite reductase, cytochrome cd1""[Title]) AND ""Ectobacillus funiculus""[Organism]"
Cellulomonas chitinilytica,Cellulomonas,Actinobacteria,nirS,0,,,"(""nirS""[Title] OR ""cytochrome cd1 nitrite reductase""[Title] OR ""nitrite reductase, cytochrome cd1""[Title]) AND ""Cellulomonas chitinilytica""[Organism]"
Aeromicrobium flavum,Aeromicrobium,Actinobacteria,nirS,0,,,"(""nirS""[Title] OR ""cytochrome cd1 nitrite reductase""[Title] OR ""nitrite reductase, cytochrome cd1""[Title]) AND ""Aeromicrobium flavum""[Organism]"
Fundicoccus ignavus,Fundicoccus,Firmicutes,nirS,0,,,"(""nirS""[Title] OR ""cytochrome cd1 nitrite reductase""[Title] OR ""nitrite reductase, cytochrome cd1""[Title]) AND ""Fundicoccus ignavus""[Organism]"
Georgenia ruanii,Georgenia,Actinobacteria,nirS,0,,,"(""nirS""[Title] OR ""cytochrome cd1 nitrite reductase""[Title] OR ""nitrite reductase, cytochrome cd1""[Title]) AND ""Georgenia ruanii""[Organism]"
Intestinimonas butyriciproducens,Intestinimonas,Firmicutes,nirS,0,,,"(""nirS""[Title] OR ""cytochrome cd1 nitrite reductase""[Title] OR ""nitrite reductase, cytochrome cd1""[Title]) AND ""Intestinimonas butyriciproducens""[Organism]"
Halomonas xiaochaidanensis,Halomonas,Proteobacteria,nirS,0,,,"(""nirS""[Title] OR ""cytochrome cd1 nitrite reductase""[Title] OR ""nitrite reductase, cytochrome cd1""[Title]) AND ""Halomonas xiaochaidanensis""[Organism]"
Nocardiopsis dassonvillei,Nocardiopsis,Actinobacteria,nirS,0,,,"(""nirS""[Title] OR ""cytochrome cd1 nitrite reductase""[Title] OR ""nitrite reductase, cytochrome cd1""[Title]) AND ""Nocardiopsis dassonvillei""[Organism]"
Nocardiopsis mangrovei,Nocardiopsis,Actinobacteria,nirS,0,,,"(""nirS""[Title] OR ""cytochrome cd1 nitrite reductase""[Title] OR ""nitrite reductase, cytochrome cd1""[Title]) AND ""Nocardiopsis mangrovei""[Organism]"
Catenibacillus scindens,Catenibacillus,Firmicutes,nirS,0,,,"(""nirS""[Title] OR ""cytochrome cd1 nitrite reductase""[Title] OR ""nitrite reductase, cytochrome cd1""[Title]) AND ""Catenibacillus scindens""[Organism]"
Ornithinimicrobium pekingense,Ornithinimicrobium,Actinobacteria,nirS,0,,,"(""nirS""[Title] OR ""cytochrome cd1 nitrite reductase""[Title] OR ""nitrite reductase, cytochrome cd1""[Title]) AND ""Ornithinimicrobium pekingense""[Organism]"
Agrococcus casei,Agrococcus,Actinobacteria,nirS,0,,,"(""nirS""[Title] OR ""cytochrome cd1 nitrite reductase""[Title] OR ""nitrite reductase, cytochrome cd1""[Title]) AND ""Agrococcus casei""[Organism]"
Caldibacillus thermolactis,Caldibacillus,Firmicutes,nirS,0,,,"(""nirS""[Title] OR ""cytochrome cd1 nitrite reductase""[Title] OR ""nitrite reductase, cytochrome cd1""[Title]) AND ""Caldibacillus thermolactis""[Organism]"
Pusillimonas thiosulfatoxidans,Pusillimonas,Proteobacteria,nirS,0,,,"(""nirS""[Title] OR ""cytochrome cd1 nitrite reductase""[Title] OR ""nitrite reductase, cytochrome cd1""[Title]) AND ""Pusillimonas thiosulfatoxidans""[Organism]"
Faecalibacterium butyricigenerans,Faecalibacterium,Firmicutes,nirS,0,,,"(""nirS""[Title] OR ""cytochrome cd1 nitrite reductase""[Title] OR ""nitrite reductase, cytochrome cd1""[Title]) AND ""Faecalibacterium butyricigenerans""[Organism]"
Paenochrobactrum gallinarii,Paenochrobactrum,Proteobacteria,nirS,0,,,"(""nirS""[Title] OR ""cytochrome cd1 nitrite reductase""[Title] OR ""nitrite reductase, cytochrome cd1""[Title]) AND ""Paenochrobactrum gallinarii""[Organism]"
Enterococcus larvae,Enterococcus,Firmicutes,nirS,0,,,"(""nirS""[Title] OR ""cytochrome cd1 nitrite reductase""[Title] OR ""nitrite reductase, cytochrome cd1""[Title]) AND ""Enterococcus larvae""[Organism]"
Hyphomicrobium vulgare,Hyphomicrobium,Proteobacteria,nirS,0,,,"(""nirS""[Title] OR ""cytochrome cd1 nitrite reductase""[Title] OR ""nitrite reductase, cytochrome cd1""[Title]) AND ""Hyphomicrobium vulgare""[Organism]"
Ihubacter massiliensis,Ihubacter,Firmicutes,nirS,0,,,"(""nirS""[Title] OR ""cytochrome cd1 nitrite reductase""[Title] OR ""nitrite reductase, cytochrome cd1""[Title]) AND ""Ihubacter massiliensis""[Organism]"
Rhodoplanes azumiensis,Rhodoplanes,Proteobacteria,nirS,0,,,"(""nirS""[Title] OR ""cytochrome cd1 nitrite reductase""[Title] OR ""nitrite reductase, cytochrome cd1""[Title]) AND ""Rhodoplanes azumiensis""[Organism]"
Janibacter cremeus,Janibacter,Actinobacteria,nirS,0,,,"(""nirS""[Title] OR ""cytochrome cd1 nitrite reductase""[Title] OR ""nitrite reductase, cytochrome cd1""[Title]) AND ""Janibacter cremeus""[Organism]"
Methylothermalis aethiopiae,Methylothermalis,Proteobacteria,nirS,0,,,"(""nirS""[Title] OR ""cytochrome cd1 nitrite reductase""[Title] OR ""nitrite reductase, cytochrome cd1""[Title]) AND ""Methylothermalis aethiopiae""[Organism]"
Virgibacillus phasianinus,Virgibacillus,Firmicutes,nirS,0,,,"(""nirS""[Title] OR ""cytochrome cd1 nitrite reductase""[Title] OR ""nitrite reductase, cytochrome cd1""[Title]) AND ""Virgibacillus phasianinus""[Organism]"
Wansuia hejianensis,Wansuia,Firmicutes,nirS,0,,,"(""nirS""[Title] OR ""cytochrome cd1 nitrite reductase""[Title] OR ""nitrite reductase, cytochrome cd1""[Title]) AND ""Wansuia hejianensis""[Organism]"
Butyricimonas phoceensis,Butyricimonas,Bacteroidota,nirS,0,,,"(""nirS""[Title] OR ""cytochrome cd1 nitrite reductase""[Title] OR ""nitrite reductase, cytochrome cd1""[Title]) AND ""Butyricimonas phoceensis""[Organism]"
Microbispora bryophytorum,Microbispora,Actinobacteria,nirS,0,,,"(""nirS""[Title] OR ""cytochrome cd1 nitrite reductase""[Title] OR ""nitrite reductase, cytochrome cd1""[Title]) AND ""Microbispora bryophytorum""[Organism]"
Enterococcus termitis,Enterococcus,Firmicutes,nirS,0,,,"(""nirS""[Title] OR ""cytochrome cd1 nitrite reductase""[Title] OR ""nitrite reductase, cytochrome cd1""[Title]) AND ""Enterococcus termitis""[Organism]"
Microbacterium suwonense,Microbacterium,Actinobacteria,nirS,0,,,"(""nirS""[Title] OR ""cytochrome cd1 nitrite reductase""[Title] OR ""nitrite reductase, cytochrome cd1""[Title]) AND ""Microbacterium suwonense""[Organism]"
Peribacillus simplex,Peribacillus,Firmicutes,nirS,0,,,"(""nirS""[Title] OR ""cytochrome cd1 nitrite reductase""[Title] OR ""nitrite reductase, cytochrome cd1""[Title]) AND ""Peribacillus simplex""[Organism]"
Enterobacter quasihormaechei,Enterobacter,Proteobacteria,nirS,0,,,"(""nirS""[Title] OR ""cytochrome cd1 nitrite reductase""[Title] OR ""nitrite reductase, cytochrome cd1""[Title]) AND ""Enterobacter quasihormaechei""[Organism]"
Anaerotruncus colihominis,Anaerotruncus,Firmicutes,nirS,0,,,"(""nirS""[Title] OR ""cytochrome cd1 nitrite reductase""[Title] OR ""nitrite reductase, cytochrome cd1""[Title]) AND ""Anaerotruncus colihominis""[Organism]"
Zhenpiania hominis,Zhenpiania,Firmicutes,nirS,0,,,"(""nirS""[Title] OR ""cytochrome cd1 nitrite reductase""[Title] OR ""nitrite reductase, cytochrome cd1""[Title]) AND ""Zhenpiania hominis""[Organism]"
Rummeliibacillus pycnus,Rummeliibacillus,Firmicutes,nirS,0,,,"(""nirS""[Title] OR ""cytochrome cd1 nitrite reductase""[Title] OR ""nitrite reductase, cytochrome cd1""[Title]) AND ""Rummeliibacillus pycnus""[Organism]"
Alistipes ihumii,Alistipes,Bacteroidota,nirS,0,,,"(""nirS""[Title] OR ""cytochrome cd1 nitrite reductase""[Title] OR ""nitrite reductase, cytochrome cd1""[Title]) AND ""Alistipes ihumii""[Organism]"
Anaerotruncus massiliensis,Anaerotruncus,Firmicutes,nirS,0,,,"(""nirS""[Title] OR ""cytochrome cd1 nitrite reductase""[Title] OR ""nitrite reductase, cytochrome cd1""[Title]) AND ""Anaerotruncus massiliensis""[Organism]"
Streptomyces triticisoli,Streptomyces,Actinobacteria,nirS,0,,,"(""nirS""[Title] OR ""cytochrome cd1 nitrite reductase""[Title] OR ""nitrite reductase, cytochrome cd1""[Title]) AND ""Streptomyces triticisoli""[Organism]"
Anaerococcus vaginimassiliensis,Anaerococcus,Firmicutes,nirS,0,,,"(""nirS""[Title] OR ""cytochrome cd1 nitrite reductase""[Title] OR ""nitrite reductase, cytochrome cd1""[Title]) AND ""Anaerococcus vaginimassiliensis""[Organism]"
Enterococcus rotai,Enterococcus,Firmicutes,nirS,0,,,"(""nirS""[Title] OR ""cytochrome cd1 nitrite reductase""[Title] OR ""nitrite reductase, cytochrome cd1""[Title]) AND ""Enterococcus rotai""[Organism]"
Peribacillus acanthi,Peribacillus,Firmicutes,nirS,0,,,"(""nirS""[Title] OR ""cytochrome cd1 nitrite reductase""[Title] OR ""nitrite reductase, cytochrome cd1""[Title]) AND ""Peribacillus acanthi""[Organism]"
Streptomyces durhamensis,Streptomyces,Actinobacteria,nirS,0,,,"(""nirS""[Title] OR ""cytochrome cd1 nitrite reductase""[Title] OR ""nitrite reductase, cytochrome cd1""[Title]) AND ""Streptomyces durhamensis""[Organism]"
Corynebacterium suranareeae,Corynebacterium,Actinobacteria,nirS,0,,,"(""nirS""[Title] OR ""cytochrome cd1 nitrite reductase""[Title] OR ""nitrite reductase, cytochrome cd1""[Title]) AND ""Corynebacterium suranareeae""[Organism]"
Georgenia thermotolerans,Georgenia,Actinobacteria,nirS,0,,,"(""nirS""[Title] OR ""cytochrome cd1 nitrite reductase""[Title] OR ""nitrite reductase, cytochrome cd1""[Title]) AND ""Georgenia thermotolerans""[Organism]"
Enterococcus thailandicus,Enterococcus,Firmicutes,nirS,0,,,"(""nirS""[Title] OR ""cytochrome cd1 nitrite reductase""[Title] OR ""nitrite reductase, cytochrome cd1""[Title]) AND ""Enterococcus thailandicus""[Organism]"
Glutamicibacter arilaitensis,Glutamicibacter,Actinobacteria,nirS,0,,,"(""nirS""[Title] OR ""cytochrome cd1 nitrite reductase""[Title] OR ""nitrite reductase, cytochrome cd1""[Title]) AND ""Glutamicibacter arilaitensis""[Organism]"
Alicyclobacillus curvatus,Alicyclobacillus,Firmicutes,nirS,0,,,"(""nirS""[Title] OR ""cytochrome cd1 nitrite reductase""[Title] OR ""nitrite reductase, cytochrome cd1""[Title]) AND ""Alicyclobacillus curvatus""[Organism]"
Victivallis lenta,Victivallis,Lentisphaerae,nirS,0,,,"(""nirS""[Title] OR ""cytochrome cd1 nitrite reductase""[Title] OR ""nitrite reductase, cytochrome cd1""[Title]) AND ""Victivallis lenta""[Organism]"
Alkalihalobacillus trypoxylicola,Alkalihalobacillus,Firmicutes,nirS,0,,,"(""nirS""[Title] OR ""cytochrome cd1 nitrite reductase""[Title] OR ""nitrite reductase, cytochrome cd1""[Title]) AND ""Alkalihalobacillus trypoxylicola""[Organism]"
Lactobacillus hamsteri,Lactobacillus,Firmicutes,nirS,0,,,"(""nirS""[Title] OR ""cytochrome cd1 nitrite reductase""[Title] OR ""nitrite reductase, cytochrome cd1""[Title]) AND ""Lactobacillus hamsteri""[Organism]"
Lactiplantibacillus plantarum,Lactiplantibacillus,Firmicutes,nirS,0,,,"(""nirS""[Title] OR ""cytochrome cd1 nitrite reductase""[Title] OR ""nitrite reductase, cytochrome cd1""[Title]) AND ""Lactiplantibacillus plantarum""[Organism]"
Lapidilactobacillus mulanensis,Lapidilactobacillus,Firmicutes,nirS,0,,,"(""nirS""[Title] OR ""cytochrome cd1 nitrite reductase""[Title] OR ""nitrite reductase, cytochrome cd1""[Title]) AND ""Lapidilactobacillus mulanensis""[Organism]"
Bacillus amyloliquefaciens,Bacillus,Firmicutes,nirS,0,,,"(""nirS""[Title] OR ""cytochrome cd1 nitrite reductase""[Title] OR ""nitrite reductase, cytochrome cd1""[Title]) AND ""Bacillus amyloliquefaciens""[Organism]"
Companilactobacillus zhongbaensis,Companilactobacillus,Firmicutes,nirS,0,,,"(""nirS""[Title] OR ""cytochrome cd1 nitrite reductase""[Title] OR ""nitrite reductase, cytochrome cd1""[Title]) AND ""Companilactobacillus zhongbaensis""[Organism]"
Auritidibacter ignavus,Auritidibacter,Actinobacteria,nirS,0,,,"(""nirS""[Title] OR ""cytochrome cd1 nitrite reductase""[Title] OR ""nitrite reductase, cytochrome cd1""[Title]) AND ""Auritidibacter ignavus""[Organism]"
Actinorugispora endophytica,Actinorugispora,Actinobacteria,nirS,0,,,"(""nirS""[Title] OR ""cytochrome cd1 nitrite reductase""[Title] OR ""nitrite reductase, cytochrome cd1""[Title]) AND ""Actinorugispora endophytica""[Organism]"
Paraliobacillus salinarum,Paraliobacillus,Firmicutes,nirS,0,,,"(""nirS""[Title] OR ""cytochrome cd1 nitrite reductase""[Title] OR ""nitrite reductase, cytochrome cd1""[Title]) AND ""Paraliobacillus salinarum""[Organism]"
Levilactobacillus koreensis,Levilactobacillus,Firmicutes,nirS,0,,,"(""nirS""[Title] OR ""cytochrome cd1 nitrite reductase""[Title] OR ""nitrite reductase, cytochrome cd1""[Title]) AND ""Levilactobacillus koreensis""[Organism]"
Tumebacillus luteolus,Tumebacillus,Firmicutes,nirS,0,,,"(""nirS""[Title] OR ""cytochrome cd1 nitrite reductase""[Title] OR ""nitrite reductase, cytochrome cd1""[Title]) AND ""Tumebacillus luteolus""[Organism]"
Murinocardiopsis flavida,Murinocardiopsis,Actinobacteria,nirS,0,,,"(""nirS""[Title] OR ""cytochrome cd1 nitrite reductase""[Title] OR ""nitrite reductase, cytochrome cd1""[Title]) AND ""Murinocardiopsis flavida""[Organism]"
Helcococcus sueciensis,Helcococcus,Firmicutes,nirS,0,,,"(""nirS""[Title] OR ""cytochrome cd1 nitrite reductase""[Title] OR ""nitrite reductase, cytochrome cd1""[Title]) AND ""Helcococcus sueciensis""[Organism]"
Nocardiopsis coralliicola,Nocardiopsis,Actinobacteria,nirS,0,,,"(""nirS""[Title] OR ""cytochrome cd1 nitrite reductase""[Title] OR ""nitrite reductase, cytochrome cd1""[Title]) AND ""Nocardiopsis coralliicola""[Organism]"
Gordonia amarae,Gordonia,Actinobacteria,nirS,0,,,"(""nirS""[Title] OR ""cytochrome cd1 nitrite reductase""[Title] OR ""nitrite reductase, cytochrome cd1""[Title]) AND ""Gordonia amarae""[Organism]"
Companilactobacillus bobalius,Companilactobacillus,Firmicutes,nirS,0,,,"(""nirS""[Title] OR ""cytochrome cd1 nitrite reductase""[Title] OR ""nitrite reductase, cytochrome cd1""[Title]) AND ""Companilactobacillus bobalius""[Organism]"
Bacillus australimaris,Bacillus,Firmicutes,nirS,0,,,"(""nirS""[Title] OR ""cytochrome cd1 nitrite reductase""[Title] OR ""nitrite reductase, cytochrome cd1""[Title]) AND ""Bacillus australimaris""[Organism]"
Bradymonas sediminis,Bradymonas,Proteobacteria,nirS,0,,,"(""nirS""[Title] OR ""cytochrome cd1 nitrite reductase""[Title] OR ""nitrite reductase, cytochrome cd1""[Title]) AND ""Bradymonas sediminis""[Organism]"
Serratia surfactantfaciens,Serratia,Proteobacteria,nirS,0,,,"(""nirS""[Title] OR ""cytochrome cd1 nitrite reductase""[Title] OR ""nitrite reductase, cytochrome cd1""[Title]) AND ""Serratia surfactantfaciens""[Organism]"
Gracilibacillus halotolerans,Gracilibacillus,Firmicutes,nirS,0,,,"(""nirS""[Title] OR ""cytochrome cd1 nitrite reductase""[Title] OR ""nitrite reductase, cytochrome cd1""[Title]) AND ""Gracilibacillus halotolerans""[Organism]"
Blautia luti,Blautia,Firmicutes,nirS,0,,,"(""nirS""[Title] OR ""cytochrome cd1 nitrite reductase""[Title] OR ""nitrite reductase, cytochrome cd1""[Title]) AND ""Blautia luti""[Organism]"
Halomonas urumqiensis,Halomonas,Proteobacteria,nirS,0,,,"(""nirS""[Title] OR ""cytochrome cd1 nitrite reductase""[Title] OR ""nitrite reductase, cytochrome cd1""[Title]) AND ""Halomonas urumqiensis""[Organism]"
Cellulomonas bogoriensis,Cellulomonas,Actinobacteria,nirS,0,,,"(""nirS""[Title] OR ""cytochrome cd1 nitrite reductase""[Title] OR ""nitrite reductase, cytochrome cd1""[Title]) AND ""Cellulomonas bogoriensis""[Organism]"
Solibaculum mannosilyticum,Solibaculum,Firmicutes,nirS,0,,,"(""nirS""[Title] OR ""cytochrome cd1 nitrite reductase""[Title] OR ""nitrite reductase, cytochrome cd1""[Title]) AND ""Solibaculum mannosilyticum""[Organism]"
Anaerocolumna cellulosilytica,Anaerocolumna,Firmicutes,nirS,0,,,"(""nirS""[Title] OR ""cytochrome cd1 nitrite reductase""[Title] OR ""nitrite reductase, cytochrome cd1""[Title]) AND ""Anaerocolumna cellulosilytica""[Organism]"
Halomonas endophytica,Halomonas,Proteobacteria,nirS,0,,,"(""nirS""[Title] OR ""cytochrome cd1 nitrite reductase""[Title] OR ""nitrite reductase, cytochrome cd1""[Title]) AND ""Halomonas endophytica""[Organism]"
Heyndrickxia oleronia,Heyndrickxia,Firmicutes,nirS,0,,,"(""nirS""[Title] OR ""cytochrome cd1 nitrite reductase""[Title] OR ""nitrite reductase, cytochrome cd1""[Title]) AND ""Heyndrickxia oleronia""[Organism]"
Monoglobus pectinilyticus,Monoglobus,Firmicutes,nirS,0,,,"(""nirS""[Title] OR ""cytochrome cd1 nitrite reductase""[Title] OR ""nitrite reductase, cytochrome cd1""[Title]) AND ""Monoglobus pectinilyticus""[Organism]"
Heyndrickxia sporothermodurans,Heyndrickxia,Firmicutes,nirS,0,,,"(""nirS""[Title] OR ""cytochrome cd1 nitrite reductase""[Title] OR ""nitrite reductase, cytochrome cd1""[Title]) AND ""Heyndrickxia sporothermodurans""[Organism]"
Lentihominibacter faecis,Lentihominibacter,Firmicutes,nirS,0,,,"(""nirS""[Title] OR ""cytochrome cd1 nitrite reductase""[Title] OR ""nitrite reductase, cytochrome cd1""[Title]) AND ""Lentihominibacter faecis""[Organism]"
Desulforamulus ruminis,Desulforamulus,Firmicutes,nirS,0,,,"(""nirS""[Title] OR ""cytochrome cd1 nitrite reductase""[Title] OR ""nitrite reductase, cytochrome cd1""[Title]) AND ""Desulforamulus ruminis""[Organism]"
Bacillus licheniformis,Bacillus,Firmicutes,nirS,0,,,"(""nirS""[Title] OR ""cytochrome cd1 nitrite reductase""[Title] OR ""nitrite reductase, cytochrome cd1""[Title]) AND ""Bacillus licheniformis""[Organism]"
Bacillus isabeliae,Bacillus,Firmicutes,nirS,0,,,"(""nirS""[Title] OR ""cytochrome cd1 nitrite reductase""[Title] OR ""nitrite reductase, cytochrome cd1""[Title]) AND ""Bacillus isabeliae""[Organism]"
Desulfitobacterium metallireducens,Desulfitobacterium,Firmicutes,nirS,0,,,"(""nirS""[Title] OR ""cytochrome cd1 nitrite reductase""[Title] OR ""nitrite reductase, cytochrome cd1""[Title]) AND ""Desulfitobacterium metallireducens""[Organism]"
Aeromicrobium fastidiosum,Aeromicrobium,Actinobacteria,nirS,0,,,"(""nirS""[Title] OR ""cytochrome cd1 nitrite reductase""[Title] OR ""nitrite reductase, cytochrome cd1""[Title]) AND ""Aeromicrobium fastidiosum""[Organism]"
Cytobacillus gottheilii,Cytobacillus,Firmicutes,nirS,0,,,"(""nirS""[Title] OR ""cytochrome cd1 nitrite reductase""[Title] OR ""nitrite reductase, cytochrome cd1""[Title]) AND ""Cytobacillus gottheilii""[Organism]"
Clostridium swellfunianum,Clostridium,Firmicutes,nirS,0,,,"(""nirS""[Title] OR ""cytochrome cd1 nitrite reductase""[Title] OR ""nitrite reductase, cytochrome cd1""[Title]) AND ""Clostridium swellfunianum""[Organism]"
Muricomes intestini,Muricomes,Firmicutes,nirS,0,,,"(""nirS""[Title] OR ""cytochrome cd1 nitrite reductase""[Title] OR ""nitrite reductase, cytochrome cd1""[Title]) AND ""Muricomes intestini""[Organism]"
Bacillus nitroreducens,Bacillus,Firmicutes,nirS,0,,,"(""nirS""[Title] OR ""cytochrome cd1 nitrite reductase""[Title] OR ""nitrite reductase, cytochrome cd1""[Title]) AND ""Bacillus nitroreducens""[Organism]"
Luteimonas terrae,Luteimonas,Proteobacteria,nirS,0,,,"(""nirS""[Title] OR ""cytochrome cd1 nitrite reductase""[Title] OR ""nitrite reductase, cytochrome cd1""[Title]) AND ""Luteimonas terrae""[Organism]"
Roseburia hominis,Roseburia,Firmicutes,nirS,0,,,"(""nirS""[Title] OR ""cytochrome cd1 nitrite reductase""[Title] OR ""nitrite reductase, cytochrome cd1""[Title]) AND ""Roseburia hominis""[Organism]"
Sanguibacter gelidistatuariae,Sanguibacter,Actinobacteria,nirS,0,,,"(""nirS""[Title] OR ""cytochrome cd1 nitrite reductase""[Title] OR ""nitrite reductase, cytochrome cd1""[Title]) AND ""Sanguibacter gelidistatuariae""[Organism]"
Novisyntrophococcus fermenticellae,Novisyntrophococcus,Firmicutes,nirS,0,,,"(""nirS""[Title] OR ""cytochrome cd1 nitrite reductase""[Title] OR ""nitrite reductase, cytochrome cd1""[Title]) AND ""Novisyntrophococcus fermenticellae""[Organism]"
Bacillus stercoris,Bacillus,Firmicutes,nirS,0,,,"(""nirS""[Title] OR ""cytochrome cd1 nitrite reductase""[Title] OR ""nitrite reductase, cytochrome cd1""[Title]) AND ""Bacillus stercoris""[Organism]"
Micromonospora pattaloongensis,Micromonospora,Actinobacteria,nirS,0,,,"(""nirS""[Title] OR ""cytochrome cd1 nitrite reductase""[Title] OR ""nitrite reductase, cytochrome cd1""[Title]) AND ""Micromonospora pattaloongensis""[Organism]"
Nakamurella lactea,Nakamurella,Actinobacteria,nirS,0,,,"(""nirS""[Title] OR ""cytochrome cd1 nitrite reductase""[Title] OR ""nitrite reductase, cytochrome cd1""[Title]) AND ""Nakamurella lactea""[Organism]"
Micromonospora zhanjiangensis,Micromonospora,Actinobacteria,nirS,0,,,"(""nirS""[Title] OR ""cytochrome cd1 nitrite reductase""[Title] OR ""nitrite reductase, cytochrome cd1""[Title]) AND ""Micromonospora zhanjiangensis""[Organism]"
Thiopseudomonas denitrificans,Thiopseudomonas,Proteobacteria,nirS,0,,,"(""nirS""[Title] OR ""cytochrome cd1 nitrite reductase""[Title] OR ""nitrite reductase, cytochrome cd1""[Title]) AND ""Thiopseudomonas denitrificans""[Organism]"
Serinicoccus profundi,Serinicoccus,Actinobacteria,nirS,0,,,"(""nirS""[Title] OR ""cytochrome cd1 nitrite reductase""[Title] OR ""nitrite reductase, cytochrome cd1""[Title]) AND ""Serinicoccus profundi""[Organism]"
Hominisplanchenecus faecis,Hominisplanchenecus,Firmicutes,nirS,0,,,"(""nirS""[Title] OR ""cytochrome cd1 nitrite reductase""[Title] OR ""nitrite reductase, cytochrome cd1""[Title]) AND ""Hominisplanchenecus faecis""[Organism]"
Cellulomonas flavigena,Cellulomonas,Actinobacteria,nirS,0,,,"(""nirS""[Title] OR ""cytochrome cd1 nitrite reductase""[Title] OR ""nitrite reductase, cytochrome cd1""[Title]) AND ""Cellulomonas flavigena""[Organism]"
Caldibacillus pasinlerensis,Caldibacillus,Firmicutes,nirS,0,,,"(""nirS""[Title] OR ""cytochrome cd1 nitrite reductase""[Title] OR ""nitrite reductase, cytochrome cd1""[Title]) AND ""Caldibacillus pasinlerensis""[Organism]"
Bacillus halotolerans,Bacillus,Firmicutes,nirS,0,,,"(""nirS""[Title] OR ""cytochrome cd1 nitrite reductase""[Title] OR ""nitrite reductase, cytochrome cd1""[Title]) AND ""Bacillus halotolerans""[Organism]"
Romboutsia lituseburensis,Romboutsia,Firmicutes,nirS,0,,,"(""nirS""[Title] OR ""cytochrome cd1 nitrite reductase""[Title] OR ""nitrite reductase, cytochrome cd1""[Title]) AND ""Romboutsia lituseburensis""[Organism]"
Streptomyces cacaoi,Streptomyces,Actinobacteria,nirS,0,,,"(""nirS""[Title] OR ""cytochrome cd1 nitrite reductase""[Title] OR ""nitrite reductase, cytochrome cd1""[Title]) AND ""Streptomyces cacaoi""[Organism]"
Kocuria uropygioeca,Kocuria,Actinobacteria,nirS,0,,,"(""nirS""[Title] OR ""cytochrome cd1 nitrite reductase""[Title] OR ""nitrite reductase, cytochrome cd1""[Title]) AND ""Kocuria uropygioeca""[Organism]"
Sporomusa sphaeroides,Sporomusa,Firmicutes,nirS,0,,,"(""nirS""[Title] OR ""cytochrome cd1 nitrite reductase""[Title] OR ""nitrite reductase, cytochrome cd1""[Title]) AND ""Sporomusa sphaeroides""[Organism]"
Mesobacillus harenae,Mesobacillus,Firmicutes,nirS,0,,,"(""nirS""[Title] OR ""cytochrome cd1 nitrite reductase""[Title] OR ""nitrite reductase, cytochrome cd1""[Title]) AND ""Mesobacillus harenae""[Organism]"
Micrococcus luteus,Micrococcus,Actinobacteria,nirS,0,,,"(""nirS""[Title] OR ""cytochrome cd1 nitrite reductase""[Title] OR ""nitrite reductase, cytochrome cd1""[Title]) AND ""Micrococcus luteus""[Organism]"
Metabacillus litoralis,Metabacillus,Firmicutes,nirS,0,,,"(""nirS""[Title] OR ""cytochrome cd1 nitrite reductase""[Title] OR ""nitrite reductase, cytochrome cd1""[Title]) AND ""Metabacillus litoralis""[Organism]"
Weissella sagaensis,Weissella,Firmicutes,nirS,0,,,"(""nirS""[Title] OR ""cytochrome cd1 nitrite reductase""[Title] OR ""nitrite reductase, cytochrome cd1""[Title]) AND ""Weissella sagaensis""[Organism]"
Neobacillus paridis,Neobacillus,Firmicutes,nirS,0,,,"(""nirS""[Title] OR ""cytochrome cd1 nitrite reductase""[Title] OR ""nitrite reductase, cytochrome cd1""[Title]) AND ""Neobacillus paridis""[Organism]"
Ignatzschineria indica,Ignatzschineria,Proteobacteria,nirS,0,,,"(""nirS""[Title] OR ""cytochrome cd1 nitrite reductase""[Title] OR ""nitrite reductase, cytochrome cd1""[Title]) AND ""Ignatzschineria indica""[Organism]"
Pseudonocardia antitumoralis,Pseudonocardia,Actinobacteria,nirS,0,,,"(""nirS""[Title] OR ""cytochrome cd1 nitrite reductase""[Title] OR ""nitrite reductase, cytochrome cd1""[Title]) AND ""Pseudonocardia antitumoralis""[Organism]"
Corynebacterium efficiens,Corynebacterium,Actinobacteria,nirS,0,,,"(""nirS""[Title] OR ""cytochrome cd1 nitrite reductase""[Title] OR ""nitrite reductase, cytochrome cd1""[Title]) AND ""Corynebacterium efficiens""[Organism]"
Saccharopolyspora spongiae,Saccharopolyspora,Actinobacteria,nirS,0,,,"(""nirS""[Title] OR ""cytochrome cd1 nitrite reductase""[Title] OR ""nitrite reductase, cytochrome cd1""[Title]) AND ""Saccharopolyspora spongiae""[Organism]"
Corynebacterium deserti,Corynebacterium,Actinobacteria,nirS,0,,,"(""nirS""[Title] OR ""cytochrome cd1 nitrite reductase""[Title] OR ""nitrite reductase, cytochrome cd1""[Title]) AND ""Corynebacterium deserti""[Organism]"
Kocuria massiliensis,Kocuria,Actinobacteria,nirS,0,,,"(""nirS""[Title] OR ""cytochrome cd1 nitrite reductase""[Title] OR ""nitrite reductase, cytochrome cd1""[Title]) AND ""Kocuria massiliensis""[Organism]"
Actinacidiphila bryophytorum,Actinacidiphila,Actinobacteria,nirS,0,,,"(""nirS""[Title] OR ""cytochrome cd1 nitrite reductase""[Title] OR ""nitrite reductase, cytochrome cd1""[Title]) AND ""Actinacidiphila bryophytorum""[Organism]"
Glutamicibacter halophytocola,Glutamicibacter,Actinobacteria,nirS,0,,,"(""nirS""[Title] OR ""cytochrome cd1 nitrite reductase""[Title] OR ""nitrite reductase, cytochrome cd1""[Title]) AND ""Glutamicibacter halophytocola""[Organism]"
Psychrosinus fermentans,Psychrosinus,Firmicutes,nirS,0,,,"(""nirS""[Title] OR ""cytochrome cd1 nitrite reductase""[Title] OR ""nitrite reductase, cytochrome cd1""[Title]) AND ""Psychrosinus fermentans""[Organism]"
Butyricicoccus faecihominis,Butyricicoccus,Firmicutes,nirS,0,,,"(""nirS""[Title] OR ""cytochrome cd1 nitrite reductase""[Title] OR ""nitrite reductase, cytochrome cd1""[Title]) AND ""Butyricicoccus faecihominis""[Organism]"
Lentibacillus cibarius,Lentibacillus,Firmicutes,nirS,0,,,"(""nirS""[Title] OR ""cytochrome cd1 nitrite reductase""[Title] OR ""nitrite reductase, cytochrome cd1""[Title]) AND ""Lentibacillus cibarius""[Organism]"
Prauserella isguenensis,Prauserella,Actinobacteria,nirS,0,,,"(""nirS""[Title] OR ""cytochrome cd1 nitrite reductase""[Title] OR ""nitrite reductase, cytochrome cd1""[Title]) AND ""Prauserella isguenensis""[Organism]"
Pseudarthrobacter defluvii,Pseudarthrobacter,Actinobacteria,nirS,0,,,"(""nirS""[Title] OR ""cytochrome cd1 nitrite reductase""[Title] OR ""nitrite reductase, cytochrome cd1""[Title]) AND ""Pseudarthrobacter defluvii""[Organism]"
Amycolatopsis pigmentata,Amycolatopsis,Actinobacteria,nirS,0,,,"(""nirS""[Title] OR ""cytochrome cd1 nitrite reductase""[Title] OR ""nitrite reductase, cytochrome cd1""[Title]) AND ""Amycolatopsis pigmentata""[Organism]"
Lentibacillus juripiscarius,Lentibacillus,Firmicutes,nirS,0,,,"(""nirS""[Title] OR ""cytochrome cd1 nitrite reductase""[Title] OR ""nitrite reductase, cytochrome cd1""[Title]) AND ""Lentibacillus juripiscarius""[Organism]"
Bacillus caccae,Bacillus,Firmicutes,nirS,0,,,"(""nirS""[Title] OR ""cytochrome cd1 nitrite reductase""[Title] OR ""nitrite reductase, cytochrome cd1""[Title]) AND ""Bacillus caccae""[Organism]"
Faecalicoccus pleomorphus,Faecalicoccus,Firmicutes,nirS,0,,,"(""nirS""[Title] OR ""cytochrome cd1 nitrite reductase""[Title] OR ""nitrite reductase, cytochrome cd1""[Title]) AND ""Faecalicoccus pleomorphus""[Organism]"
Clostridium neonatale,Clostridium,Firmicutes,nirS,0,,,"(""nirS""[Title] OR ""cytochrome cd1 nitrite reductase""[Title] OR ""nitrite reductase, cytochrome cd1""[Title]) AND ""Clostridium neonatale""[Organism]"
Clostridium indicum,Clostridium,Firmicutes,nirS,0,,,"(""nirS""[Title] OR ""cytochrome cd1 nitrite reductase""[Title] OR ""nitrite reductase, cytochrome cd1""[Title]) AND ""Clostridium indicum""[Organism]"
Clostridium butyricum,Clostridium,Firmicutes,nirS,0,,,"(""nirS""[Title] OR ""cytochrome cd1 nitrite reductase""[Title] OR ""nitrite reductase, cytochrome cd1""[Title]) AND ""Clostridium butyricum""[Organism]"
Lysinibacillus antri,Lysinibacillus,Firmicutes,nirS,0,,,"(""nirS""[Title] OR ""cytochrome cd1 nitrite reductase""[Title] OR ""nitrite reductase, cytochrome cd1""[Title]) AND ""Lysinibacillus antri""[Organism]"
Clostridium felsineum,Clostridium,Firmicutes,nirS,0,,,"(""nirS""[Title] OR ""cytochrome cd1 nitrite reductase""[Title] OR ""nitrite reductase, cytochrome cd1""[Title]) AND ""Clostridium felsineum""[Organism]"
Lysinibacillus fusiformis,Lysinibacillus,Firmicutes,nirS,0,,,"(""nirS""[Title] OR ""cytochrome cd1 nitrite reductase""[Title] OR ""nitrite reductase, cytochrome cd1""[Title]) AND ""Lysinibacillus fusiformis""[Organism]"
Psychrobacter sanguinis,Psychrobacter,Proteobacteria,nirS,0,,,"(""nirS""[Title] OR ""cytochrome cd1 nitrite reductase""[Title] OR ""nitrite reductase, cytochrome cd1""[Title]) AND ""Psychrobacter sanguinis""[Organism]"
Turicibacter sanguinis,Turicibacter,Firmicutes,nirS,0,,,"(""nirS""[Title] OR ""cytochrome cd1 nitrite reductase""[Title] OR ""nitrite reductase, cytochrome cd1""[Title]) AND ""Turicibacter sanguinis""[Organism]"
Clostridium cadaveris,Clostridium,Firmicutes,nirS,0,,,"(""nirS""[Title] OR ""cytochrome cd1 nitrite reductase""[Title] OR ""nitrite reductase, cytochrome cd1""[Title]) AND ""Clostridium cadaveris""[Organism]"
Peribacillus alkalitolerans,Peribacillus,Firmicutes,nirS,0,,,"(""nirS""[Title] OR ""cytochrome cd1 nitrite reductase""[Title] OR ""nitrite reductase, cytochrome cd1""[Title]) AND ""Peribacillus alkalitolerans""[Organism]"
Enorma shizhengliae,Enorma,Actinobacteria,nirS,0,,,"(""nirS""[Title] OR ""cytochrome cd1 nitrite reductase""[Title] OR ""nitrite reductase, cytochrome cd1""[Title]) AND ""Enorma shizhengliae""[Organism]"
Pusillimonas soli,Pusillimonas,Proteobacteria,nirS,0,,,"(""nirS""[Title] OR ""cytochrome cd1 nitrite reductase""[Title] OR ""nitrite reductase, cytochrome cd1""[Title]) AND ""Pusillimonas soli""[Organism]"
Afipia carboxidovorans,Afipia,Proteobacteria,nirS,0,,,"(""nirS""[Title] OR ""cytochrome cd1 nitrite reductase""[Title] OR ""nitrite reductase, cytochrome cd1""[Title]) AND ""Afipia carboxidovorans""[Organism]"
Nitrosococcus oceani,Nitrosococcus,Proteobacteria,nirS,0,,,"(""nirS""[Title] OR ""cytochrome cd1 nitrite reductase""[Title] OR ""nitrite reductase, cytochrome cd1""[Title]) AND ""Nitrosococcus oceani""[Organism]"
Staphylococcus pseudintermedius,Staphylococcus,Firmicutes,nirS,0,,,"(""nirS""[Title] OR ""cytochrome cd1 nitrite reductase""[Title] OR ""nitrite reductase, cytochrome cd1""[Title]) AND ""Staphylococcus pseudintermedius""[Organism]"
Actinomadura fulvescens,Actinomadura,Actinobacteria,nirS,0,,,"(""nirS""[Title] OR ""cytochrome cd1 nitrite reductase""[Title] OR ""nitrite reductase, cytochrome cd1""[Title]) AND ""Actinomadura fulvescens""[Organism]"
Leucobacter denitrificans,Leucobacter,Actinobacteria,nirS,0,,,"(""nirS""[Title] OR ""cytochrome cd1 nitrite reductase""[Title] OR ""nitrite reductase, cytochrome cd1""[Title]) AND ""Leucobacter denitrificans""[Organism]"
Mycolicibacter kumamotonensis,Mycolicibacter,Actinobacteria,nirS,0,,,"(""nirS""[Title] OR ""cytochrome cd1 nitrite reductase""[Title] OR ""nitrite reductase, cytochrome cd1""[Title]) AND ""Mycolicibacter kumamotonensis""[Organism]"
Leucobacter aridicollis,Leucobacter,Actinobacteria,nirS,0,,,"(""nirS""[Title] OR ""cytochrome cd1 nitrite reductase""[Title] OR ""nitrite reductase, cytochrome cd1""[Title]) AND ""Leucobacter aridicollis""[Organism]"
Actinoallomurus spadix,Actinoallomurus,Actinobacteria,nirS,0,,,"(""nirS""[Title] OR ""cytochrome cd1 nitrite reductase""[Title] OR ""nitrite reductase, cytochrome cd1""[Title]) AND ""Actinoallomurus spadix""[Organism]"
Virgibacillus proomii,Virgibacillus,Firmicutes,nirS,0,,,"(""nirS""[Title] OR ""cytochrome cd1 nitrite reductase""[Title] OR ""nitrite reductase, cytochrome cd1""[Title]) AND ""Virgibacillus proomii""[Organism]"
Parapusillimonas granuli,Parapusillimonas,Proteobacteria,nirS,0,,,"(""nirS""[Title] OR ""cytochrome cd1 nitrite reductase""[Title] OR ""nitrite reductase, cytochrome cd1""[Title]) AND ""Parapusillimonas granuli""[Organism]"
Paenibacillus susongensis,Paenibacillus,Firmicutes,nirS,0,,,"(""nirS""[Title] OR ""cytochrome cd1 nitrite reductase""[Title] OR ""nitrite reductase, cytochrome cd1""[Title]) AND ""Paenibacillus susongensis""[Organism]"
Microvirga massiliensis,Microvirga,Proteobacteria,nirS,0,,,"(""nirS""[Title] OR ""cytochrome cd1 nitrite reductase""[Title] OR ""nitrite reductase, cytochrome cd1""[Title]) AND ""Microvirga massiliensis""[Organism]"
Mycolicibacterium lutetiense,Mycolicibacterium,Actinobacteria,nirS,0,,,"(""nirS""[Title] OR ""cytochrome cd1 nitrite reductase""[Title] OR ""nitrite reductase, cytochrome cd1""[Title]) AND ""Mycolicibacterium lutetiense""[Organism]"
Paracoccus haematequi,Paracoccus,Proteobacteria,nirS,0,,,"(""nirS""[Title] OR ""cytochrome cd1 nitrite reductase""[Title] OR ""nitrite reductase, cytochrome cd1""[Title]) AND ""Paracoccus haematequi""[Organism]"
Rhodococcus marinonascens,Rhodococcus,Actinobacteria,nirS,0,,,"(""nirS""[Title] OR ""cytochrome cd1 nitrite reductase""[Title] OR ""nitrite reductase, cytochrome cd1""[Title]) AND ""Rhodococcus marinonascens""[Organism]"
Kroppenstedtia sanguinis,Kroppenstedtia,Firmicutes,nirS,0,,,"(""nirS""[Title] OR ""cytochrome cd1 nitrite reductase""[Title] OR ""nitrite reductase, cytochrome cd1""[Title]) AND ""Kroppenstedtia sanguinis""[Organism]"
Bhargavaea beijingensis,Bhargavaea,Firmicutes,nirS,0,,,"(""nirS""[Title] OR ""cytochrome cd1 nitrite reductase""[Title] OR ""nitrite reductase, cytochrome cd1""[Title]) AND ""Bhargavaea beijingensis""[Organism]"
Paenibacillus hispanicus,Paenibacillus,Firmicutes,nirS,0,,,"(""nirS""[Title] OR ""cytochrome cd1 nitrite reductase""[Title] OR ""nitrite reductase, cytochrome cd1""[Title]) AND ""Paenibacillus hispanicus""[Organism]"
Paenibacillus guangzhouensis,Paenibacillus,Firmicutes,nirS,0,,,"(""nirS""[Title] OR ""cytochrome cd1 nitrite reductase""[Title] OR ""nitrite reductase, cytochrome cd1""[Title]) AND ""Paenibacillus guangzhouensis""[Organism]"
Salicibibacter halophilus,Salicibibacter,Firmicutes,nirS,0,,,"(""nirS""[Title] OR ""cytochrome cd1 nitrite reductase""[Title] OR ""nitrite reductase, cytochrome cd1""[Title]) AND ""Salicibibacter halophilus""[Organism]"
Ureibacillus thermosphaericus,Ureibacillus,Firmicutes,nirS,0,,,"(""nirS""[Title] OR ""cytochrome cd1 nitrite reductase""[Title] OR ""nitrite reductase, cytochrome cd1""[Title]) AND ""Ureibacillus thermosphaericus""[Organism]"
Dapisostemon apicaliramis,Dapisostemon,Cyanobacteria,nirS,0,,,"(""nirS""[Title] OR ""cytochrome cd1 nitrite reductase""[Title] OR ""nitrite reductase, cytochrome cd1""[Title]) AND ""Dapisostemon apicaliramis""[Organism]"
Staphylococcus haemolyticus,Staphylococcus,Firmicutes,nirS,0,,,"(""nirS""[Title] OR ""cytochrome cd1 nitrite reductase""[Title] OR ""nitrite reductase, cytochrome cd1""[Title]) AND ""Staphylococcus haemolyticus""[Organism]"
Gordonibacter urolithinfaciens,Gordonibacter,Actinobacteria,nirS,0,,,"(""nirS""[Title] OR ""cytochrome cd1 nitrite reductase""[Title] OR ""nitrite reductase, cytochrome cd1""[Title]) AND ""Gordonibacter urolithinfaciens""[Organism]"
Jinshanibacter zhutongyuii,Jinshanibacter,Proteobacteria,nirS,0,,,"(""nirS""[Title] OR ""cytochrome cd1 nitrite reductase""[Title] OR ""nitrite reductase, cytochrome cd1""[Title]) AND ""Jinshanibacter zhutongyuii""[Organism]"
Vulgatibacter incomptus,Vulgatibacter,Proteobacteria,nirS,0,,,"(""nirS""[Title] OR ""cytochrome cd1 nitrite reductase""[Title] OR ""nitrite reductase, cytochrome cd1""[Title]) AND ""Vulgatibacter incomptus""[Organism]"
Miltoncostaea marina,Miltoncostaea,Actinobacteria,nirS,0,,,"(""nirS""[Title] OR ""cytochrome cd1 nitrite reductase""[Title] OR ""nitrite reductase, cytochrome cd1""[Title]) AND ""Miltoncostaea marina""[Organism]"
Paenibacillus terrigena,Paenibacillus,Firmicutes,nirS,0,,,"(""nirS""[Title] OR ""cytochrome cd1 nitrite reductase""[Title] OR ""nitrite reductase, cytochrome cd1""[Title]) AND ""Paenibacillus terrigena""[Organism]"
Olsenella lakotia,Olsenella,Actinobacteria,nirS,0,,,"(""nirS""[Title] OR ""cytochrome cd1 nitrite reductase""[Title] OR ""nitrite reductase, cytochrome cd1""[Title]) AND ""Olsenella lakotia""[Organism]"
Paenibacillus terreus,Paenibacillus,Firmicutes,nirS,0,,,"(""nirS""[Title] OR ""cytochrome cd1 nitrite reductase""[Title] OR ""nitrite reductase, cytochrome cd1""[Title]) AND ""Paenibacillus terreus""[Organism]"
Siminovitchia fordii,Siminovitchia,Firmicutes,nirS,0,,,"(""nirS""[Title] OR ""cytochrome cd1 nitrite reductase""[Title] OR ""nitrite reductase, cytochrome cd1""[Title]) AND ""Siminovitchia fordii""[Organism]"
Conexibacter arvalis,Conexibacter,Actinobacteria,nirS,0,,,"(""nirS""[Title] OR ""cytochrome cd1 nitrite reductase""[Title] OR ""nitrite reductase, cytochrome cd1""[Title]) AND ""Conexibacter arvalis""[Organism]"
Mycolicibacterium duvalii,Mycolicibacterium,Actinobacteria,nirS,0,,,"(""nirS""[Title] OR ""cytochrome cd1 nitrite reductase""[Title] OR ""nitrite reductase, cytochrome cd1""[Title]) AND ""Mycolicibacterium duvalii""[Organism]"
Staphylococcus hyicus,Staphylococcus,Firmicutes,nirS,0,,,"(""nirS""[Title] OR ""cytochrome cd1 nitrite reductase""[Title] OR ""nitrite reductase, cytochrome cd1""[Title]) AND ""Staphylococcus hyicus""[Organism]"
Staphylococcus intermedius,Staphylococcus,Firmicutes,nirS,0,,,"(""nirS""[Title] OR ""cytochrome cd1 nitrite reductase""[Title] OR ""nitrite reductase, cytochrome cd1""[Title]) AND ""Staphylococcus intermedius""[Organism]"
Rhodohalobacter barkolensis,Rhodohalobacter,Balneolaeota,nirS,0,,,"(""nirS""[Title] OR ""cytochrome cd1 nitrite reductase""[Title] OR ""nitrite reductase, cytochrome cd1""[Title]) AND ""Rhodohalobacter barkolensis""[Organism]"
Nitrobacter hamburgensis,Nitrobacter,Proteobacteria,nirS,0,,,"(""nirS""[Title] OR ""cytochrome cd1 nitrite reductase""[Title] OR ""nitrite reductase, cytochrome cd1""[Title]) AND ""Nitrobacter hamburgensis""[Organism]"
Virgibacillus zhanjiangensis,Virgibacillus,Firmicutes,nirS,0,,,"(""nirS""[Title] OR ""cytochrome cd1 nitrite reductase""[Title] OR ""nitrite reductase, cytochrome cd1""[Title]) AND ""Virgibacillus zhanjiangensis""[Organism]"
Castellaniella defragrans,Castellaniella,Proteobacteria,nirS,0,,,"(""nirS""[Title] OR ""cytochrome cd1 nitrite reductase""[Title] OR ""nitrite reductase, cytochrome cd1""[Title]) AND ""Castellaniella defragrans""[Organism]"
Alistipes finegoldii,Alistipes,Bacteroidota,nirS,0,,,"(""nirS""[Title] OR ""cytochrome cd1 nitrite reductase""[Title] OR ""nitrite reductase, cytochrome cd1""[Title]) AND ""Alistipes finegoldii""[Organism]"
Salinicoccus siamensis,Salinicoccus,Firmicutes,nirS,0,,,"(""nirS""[Title] OR ""cytochrome cd1 nitrite reductase""[Title] OR ""nitrite reductase, cytochrome cd1""[Title]) AND ""Salinicoccus siamensis""[Organism]"
Verticiella sediminum,Verticiella,Proteobacteria,nirS,0,,,"(""nirS""[Title] OR ""cytochrome cd1 nitrite reductase""[Title] OR ""nitrite reductase, cytochrome cd1""[Title]) AND ""Verticiella sediminum""[Organism]"
Castellaniella hirudinis,Castellaniella,Proteobacteria,nirS,0,,,"(""nirS""[Title] OR ""cytochrome cd1 nitrite reductase""[Title] OR ""nitrite reductase, cytochrome cd1""[Title]) AND ""Castellaniella hirudinis""[Organism]"
Tsukamurella hominis,Tsukamurella,Actinobacteria,nirS,0,,,"(""nirS""[Title] OR ""cytochrome cd1 nitrite reductase""[Title] OR ""nitrite reductase, cytochrome cd1""[Title]) AND ""Tsukamurella hominis""[Organism]"
Fermentimonas caenicola,Fermentimonas,Bacteroidota,nirS,0,,,"(""nirS""[Title] OR ""cytochrome cd1 nitrite reductase""[Title] OR ""nitrite reductase, cytochrome cd1""[Title]) AND ""Fermentimonas caenicola""[Organism]"
Priestia koreensis,Priestia,Firmicutes,nirS,0,,,"(""nirS""[Title] OR ""cytochrome cd1 nitrite reductase""[Title] OR ""nitrite reductase, cytochrome cd1""[Title]) AND ""Priestia koreensis""[Organism]"
Enterococcus canis,Enterococcus,Firmicutes,nirS,0,,,"(""nirS""[Title] OR ""cytochrome cd1 nitrite reductase""[Title] OR ""nitrite reductase, cytochrome cd1""[Title]) AND ""Enterococcus canis""[Organism]"
Rhodococcus rhodochrous,Rhodococcus,Actinobacteria,nirS,0,,,"(""nirS""[Title] OR ""cytochrome cd1 nitrite reductase""[Title] OR ""nitrite reductase, cytochrome cd1""[Title]) AND ""Rhodococcus rhodochrous""[Organism]"
Hanamia caeni,Hanamia,Bacteroidota,nirS,0,,,"(""nirS""[Title] OR ""cytochrome cd1 nitrite reductase""[Title] OR ""nitrite reductase, cytochrome cd1""[Title]) AND ""Hanamia caeni""[Organism]"
Alteraurantiacibacter aestuarii,Alteraurantiacibacter,Proteobacteria,nirS,0,,,"(""nirS""[Title] OR ""cytochrome cd1 nitrite reductase""[Title] OR ""nitrite reductase, cytochrome cd1""[Title]) AND ""Alteraurantiacibacter aestuarii""[Organism]"
Camelimonas fluminis,Camelimonas,Proteobacteria,nirS,0,,,"(""nirS""[Title] OR ""cytochrome cd1 nitrite reductase""[Title] OR ""nitrite reductase, cytochrome cd1""[Title]) AND ""Camelimonas fluminis""[Organism]"
Paenochrobactrum glaciei,Paenochrobactrum,Proteobacteria,nirS,0,,,"(""nirS""[Title] OR ""cytochrome cd1 nitrite reductase""[Title] OR ""nitrite reductase, cytochrome cd1""[Title]) AND ""Paenochrobactrum glaciei""[Organism]"
