"Domain","Kingdom","Phylum","Class","Order","Family","Genus","Species"
"Unclassified","Unknown","Unknown","Unknown","Unknown","Unknown","Unknown","Unknown"
"Bacteria","Bacteria_none","Firmicutes","Bacilli","Lactobacillales","Carnobacteriaceae","Atopostipes","Atopostipes suicloacalis"
"Bacteria","Bacteria_none","Actinobacteria","Actinomycetia","Micrococcales","Dermabacteraceae","Brachybacterium","Brachybacterium faecium"
"Bacteria","Bacteria_none","Actinobacteria","Actinomycetia","Micrococcales","Micrococcaceae","Yaniella","Yaniella halotolerans"
"Bacteria","Bacteria_none","Actinobacteria","Actinomycetia","Streptosporangiales","Nocardiopsaceae","Nocardiopsis","Nocardiopsis algeriensis"
"Bacteria","Bacteria_none","Firmicutes","Bacilli","Bacillales","Staphylococcaceae","Nosocomiicoccus","Nosocomiicoccus ampullae"
"Bacteria","Bacteria_none","Firmicutes","Bacilli","Lactobacillales","Lactobacillaceae","Ligilactobacillus","Ligilactobacillus pobuzihii"
"Bacteria","Bacteria_none","Firmicutes","Bacilli","Bacillales","Staphylococcaceae","Staphylococcus","Staphylococcus ureilyticus"
"Bacteria","Bacteria_none","Firmicutes","Bacilli","Bacillales","Bacillaceae","Pseudogracilibacillus","Pseudogracilibacillus auburnensis"
"Bacteria","Bacteria_none","Firmicutes","Bacilli","Lactobacillales","Lactobacillaceae","Ligilactobacillus","Ligilactobacillus salivarius"
"Bacteria","Bacteria_none","Firmicutes","Bacilli","Bacillales","Staphylococcaceae","Jeotgalicoccus","Jeotgalicoccus meleagridis"
"Bacteria","Bacteria_none","Actinobacteria","Actinomycetia","Corynebacteriales","Corynebacteriaceae","Corynebacterium","Corynebacterium stationis"
"Bacteria","Bacteria_none","Actinobacteria","Actinomycetia","Streptosporangiales","Nocardiopsaceae","Nocardiopsis","Nocardiopsis lucentensis"
"Bacteria","Bacteria_none","Firmicutes","Bacilli","Bacillales","Staphylococcaceae","Jeotgalicoccus","Jeotgalicoccus halotolerans"
"Bacteria","Bacteria_none","Actinobacteria","Actinomycetia","Micrococcales","Dermabacteraceae","Brachybacterium","Brachybacterium saurashtrense"
"Bacteria","Bacteria_none","Firmicutes","Bacilli","Bacillales","Bacillaceae","Ornithinibacillus","Ornithinibacillus gellani"
"Bacteria","Bacteria_none","Firmicutes","Bacilli","Bacillales","Staphylococcaceae","Salinicoccus","Salinicoccus kunmingensis"
"Bacteria","Bacteria_none","Firmicutes","Bacilli","Bacillales","Staphylococcaceae","Mammaliicoccus","Mammaliicoccus lentus"
"Bacteria","Bacteria_none","Actinobacteria","Actinomycetia","Streptosporangiales","Nocardiopsaceae","Nocardiopsis","Nocardiopsis nikkonensis"
"Bacteria","Bacteria_none","Firmicutes","Bacilli","Lactobacillales","Lactobacillaceae","Lactobacillus","Lactobacillus crispatus"
"Bacteria","Bacteria_none","Actinobacteria","Actinomycetia","Streptosporangiales","Nocardiopsaceae","Nocardiopsis","Nocardiopsis halotolerans"
"Bacteria","Bacteria_none","Firmicutes","Bacilli","Bacillales","Bacillaceae","Pseudogracilibacillus","Pseudogracilibacillus marinus"
"Bacteria","Bacteria_none","Firmicutes","Bacilli","Lactobacillales","Lactobacillaceae","Lactobacillus","Lactobacillus gallinarum"
"Bacteria","Bacteria_none","Firmicutes","Clostridia","Eubacteriales","Peptostreptococcaceae","Romboutsia","Romboutsia ilealis"
"Bacteria","Bacteria_none","Firmicutes","Bacilli","Lactobacillales","Lactobacillaceae","Lactobacillus","Lactobacillus johnsonii"
"Bacteria","Bacteria_none","Actinobacteria","Actinomycetia","Streptosporangiales","Nocardiopsaceae","Nocardiopsis","Nocardiopsis salina"
"Bacteria","Bacteria_none","Firmicutes","Bacilli","Bacillales","Staphylococcaceae","Salinicoccus","Salinicoccus carnicancri"
"Bacteria","Bacteria_none","Firmicutes","Tissierellia","Tissierellales","Peptoniphilaceae","Anaerococcus","Anaerococcus obesiensis"
"Bacteria","Bacteria_none","Firmicutes","Bacilli","Lactobacillales","Lactobacillaceae","Weissella","Weissella jogaejeotgali"
"Bacteria","Bacteria_none","Actinobacteria","Actinomycetia","Micrococcales","Brevibacteriaceae","Brevibacterium","Brevibacterium avium"
"Bacteria","Bacteria_none","Firmicutes","Tissierellia","Tissierellales","Peptoniphilaceae","Anaerococcus","Anaerococcus porci"
"Bacteria","Bacteria_none","Actinobacteria","Actinomycetia","Micrococcales","Dermabacteraceae","Brachybacterium","Brachybacterium conglomeratum"
"Bacteria","Bacteria_none","Firmicutes","Clostridia","Eubacteriales","Peptostreptococcaceae","Romboutsia","Romboutsia timonensis"
"Bacteria","Bacteria_none","Actinobacteria","Actinomycetia","Micrococcales","Dermabacteraceae","Brachybacterium","Brachybacterium squillarum"
"Bacteria","Bacteria_none","Firmicutes","Bacilli","Bacillales","Staphylococcaceae","Jeotgalicoccus","Jeotgalicoccus aerolatus"
"Bacteria","Bacteria_none","Firmicutes","Bacilli","Bacillales","Staphylococcaceae","Staphylococcus","Staphylococcus simulans"
"Bacteria","Bacteria_none","Firmicutes","Bacilli","Lactobacillales","Aerococcaceae","Ruoffia","Ruoffia tabacinasalis"
"Bacteria","Bacteria_none","Firmicutes","Bacilli","Lactobacillales","Enterococcaceae","Enterococcus","Enterococcus cecorum"
"Bacteria","Bacteria_none","Actinobacteria","Actinomycetia","Micrococcales","Micrococcaceae","Enteractinococcus","Enteractinococcus fodinae"
"Bacteria","Bacteria_none","Actinobacteria","Actinomycetia","Micrococcales","Dermabacteraceae","Brachybacterium","Brachybacterium epidermidis"
"Bacteria","Bacteria_none","Actinobacteria","Actinomycetia","Corynebacteriales","Corynebacteriaceae","Corynebacterium","Corynebacterium urealyticum"
"Bacteria","Bacteria_none","Firmicutes","Bacilli","Bacillales","Bacillaceae","Virgibacillus","Virgibacillus alimentarius"
"Bacteria","Bacteria_none","Actinobacteria","Actinomycetia","Micrococcales","Micrococcaceae","Yaniella","Yaniella soli"
"Bacteria","Bacteria_none","Actinobacteria","Actinomycetia","Micrococcales","Ruaniaceae","Ruania","Ruania albidiflava"
"Bacteria","Bacteria_none","Firmicutes","Bacilli","Bacillales","Staphylococcaceae","Staphylococcus","Staphylococcus cohnii"
"Bacteria","Bacteria_none","Firmicutes","Bacilli","Bacillales","Bacillaceae","Pseudogracilibacillus","Pseudogracilibacillus endophyticus"
"Bacteria","Bacteria_none","Firmicutes","Bacilli","Bacillales","Staphylococcaceae","Staphylococcus","Staphylococcus nepalensis"
"Bacteria","Bacteria_none","Actinobacteria","Actinomycetia","Micrococcales","Micrococcaceae","Yaniella","Yaniella flava"
"Bacteria","Bacteria_none","Actinobacteria","Actinomycetia","Micrococcales","Dermabacteraceae","Brachybacterium","Brachybacterium timonense"
"Bacteria","Bacteria_none","Actinobacteria","Actinomycetia","Corynebacteriales","Corynebacteriaceae","Corynebacterium","Corynebacterium ammoniagenes"
"Bacteria","Bacteria_none","Actinobacteria","Actinomycetia","Streptosporangiales","Nocardiopsaceae","Lipingzhangella","Lipingzhangella halophila"
"Bacteria","Bacteria_none","Firmicutes","Bacilli","Lactobacillales","Lactobacillaceae","Limosilactobacillus","Limosilactobacillus reuteri"
"Bacteria","Bacteria_none","Actinobacteria","Actinomycetia","Micrococcales","Dermabacteraceae","Brachybacterium","Brachybacterium rhamnosum"
"Bacteria","Bacteria_none","Actinobacteria","Actinomycetia","Streptosporangiales","Nocardiopsaceae","Nocardiopsis","Nocardiopsis rhizosphaerae"
"Bacteria","Bacteria_none","Firmicutes","Bacilli","Lactobacillales","Streptococcaceae","Streptococcus","Streptococcus alactolyticus"
"Bacteria","Bacteria_none","Firmicutes","Bacilli","Bacillales","Bacillaceae","Cerasibacillus","Cerasibacillus terrae"
"Bacteria","Bacteria_none","Actinobacteria","Actinomycetia","Micrococcales","Dermabacteraceae","Brachybacterium","Brachybacterium halotolerans"
"Bacteria","Bacteria_none","Actinobacteria","Actinomycetia","Micrococcales","Micrococcaceae","Enteractinococcus","Enteractinococcus lamae"
"Bacteria","Bacteria_none","Actinobacteria","Actinomycetia","Micrococcales","Dermabacteraceae","Brachybacterium","Brachybacterium muris"
"Bacteria","Bacteria_none","Actinobacteria","Actinomycetia","Streptosporangiales","Nocardiopsaceae","Nocardiopsis","Nocardiopsis kunsanensis"
"Bacteria","Bacteria_none","Actinobacteria","Actinomycetia","Micrococcales","Micrococcaceae","Enteractinococcus","Enteractinococcus viverrae"
"Bacteria","Bacteria_none","Actinobacteria","Actinomycetia","Micrococcales","Brevibacteriaceae","Brevibacterium","Brevibacterium oceani"
"Bacteria","Bacteria_none","Actinobacteria","Actinomycetia","Corynebacteriales","Corynebacteriales_Incertae_sedis","Tomitella","Tomitella biformata"
"Bacteria","Bacteria_none","Actinobacteria","Actinomycetia","Micrococcales","Brevibacteriaceae","Brevibacterium","Brevibacterium anseongense"
"Bacteria","Bacteria_none","Firmicutes","Bacilli","Bacillales","Staphylococcaceae","Jeotgalicoccus","Jeotgalicoccus coquinae"
"Bacteria","Bacteria_none","Firmicutes","Tissierellia","Tissierellales","Peptoniphilaceae","Anaerococcus","Anaerococcus lactolyticus"
"Bacteria","Bacteria_none","Firmicutes","Bacilli","Lactobacillales","Aerococcaceae","Aerococcus","Aerococcus viridans"
"Bacteria","Bacteria_none","Firmicutes","Bacilli","Bacillales","Staphylococcaceae","Jeotgalicoccus","Jeotgalicoccus nanhaiensis"
"Bacteria","Bacteria_none","Firmicutes","Bacilli","Lactobacillales","Lactobacillaceae","Lactobacillus","Lactobacillus taiwanensis"
"Bacteria","Bacteria_none","Firmicutes","Bacilli","Bacillales","Staphylococcaceae","Salinicoccus","Salinicoccus sediminis"
"Bacteria","Bacteria_none","Actinobacteria","Actinomycetia","Corynebacteriales","Corynebacteriaceae","Corynebacterium","Corynebacterium casei"
"Bacteria","Bacteria_none","Actinobacteria","Actinomycetia","Glycomycetales","Glycomycetaceae","Glycomyces","Glycomyces sediminimaris"
"Bacteria","Bacteria_none","Firmicutes","Bacilli","Bacillales","Bacillaceae","Virgibacillus","Virgibacillus ndiopensis"
"Bacteria","Bacteria_none","Actinobacteria","Actinomycetia","Micrococcales","Dermabacteraceae","Brachybacterium","Brachybacterium paraconglomeratum"
"Bacteria","Bacteria_none","Firmicutes","Tissierellia","Tissierellales","Peptoniphilaceae","Anaerococcus","Anaerococcus prevotii"
"Bacteria","Bacteria_none","Firmicutes","Bacilli","Lactobacillales","Lactobacillaceae","Limosilactobacillus","Limosilactobacillus portuensis"
"Bacteria","Bacteria_none","Firmicutes","Bacilli","Lactobacillales","Aerococcaceae","Ruoffia","Ruoffia halotolerans"
"Bacteria","Bacteria_none","Firmicutes","Bacilli","Lactobacillales","Lactobacillaceae","Lactobacillus","Lactobacillus gasseri"
"Bacteria","Bacteria_none","Firmicutes","Bacilli","Lactobacillales","Aerococcaceae","Aerococcus","Aerococcus urinaeequi"
"Bacteria","Bacteria_none","Actinobacteria","Actinomycetia","Micrococcales","Brevibacteriaceae","Brevibacterium","Brevibacterium metallicus"
"Bacteria","Bacteria_none","Firmicutes","Bacilli","Lactobacillales","Enterococcaceae","Enterococcus","Enterococcus innesii"
"Bacteria","Bacteria_none","Firmicutes","Bacilli","Lactobacillales","Lactobacillaceae","Ligilactobacillus","Ligilactobacillus aviarius"
"Bacteria","Bacteria_none","Firmicutes","Bacilli","Bacillales","Staphylococcaceae","Jeotgalicoccus","Jeotgalicoccus schoeneichii"
"Bacteria","Bacteria_none","Firmicutes","Tissierellia","Tissierellales","Peptoniphilaceae","Anaerococcus","Anaerococcus marasmi"
"Bacteria","Bacteria_none","Firmicutes","Bacilli","Lactobacillales","Lactobacillaceae","Companilactobacillus","Companilactobacillus farciminis"
"Bacteria","Bacteria_none","Firmicutes","Bacilli","Lactobacillales","Lactobacillaceae","Limosilactobacillus","Limosilactobacillus balticus"
"Bacteria","Bacteria_none","Firmicutes","Bacilli","Bacillales","Bacillaceae","Ornithinibacillus","Ornithinibacillus caprae"
"Bacteria","Bacteria_none","Firmicutes","Tissierellia","Tissierellales","Peptoniphilaceae","Anaerococcus","Anaerococcus mediterraneensis"
"Bacteria","Bacteria_none","Firmicutes","Bacilli","Lactobacillales","Lactobacillaceae","Ligilactobacillus","Ligilactobacillus agilis"
"Bacteria","Bacteria_none","Firmicutes","Bacilli","Bacillales","Staphylococcaceae","Salinicoccus","Salinicoccus qingdaonensis"
"Bacteria","Bacteria_none","Firmicutes","Bacilli","Bacillales","Bacillaceae","Lentibacillus","Lentibacillus massiliensis"
"Bacteria","Bacteria_none","Firmicutes","Bacilli","Bacillales","Paenibacillaceae","Ammoniphilus","Ammoniphilus oxalivorans"
"Bacteria","Bacteria_none","Firmicutes","Bacilli","Bacillales","Staphylococcaceae","Mammaliicoccus","Mammaliicoccus sciuri"
"Bacteria","Bacteria_none","Firmicutes","Bacilli","Lactobacillales","Lactobacillaceae","Limosilactobacillus","Limosilactobacillus urinaemulieris"
"Bacteria","Bacteria_none","Actinobacteria","Actinomycetia","Streptosporangiales","Nocardiopsaceae","Nocardiopsis","Nocardiopsis flavescens"
"Bacteria","Bacteria_none","Actinobacteria","Actinomycetia","Micrococcales","Dermabacteraceae","Brachybacterium","Brachybacterium kimchii"
"Bacteria","Bacteria_none","Firmicutes","Bacilli","Bacillales","Staphylococcaceae","Salinicoccus","Salinicoccus salitudinis"
"Bacteria","Bacteria_none","Firmicutes","Bacilli","Bacillales","Bacillaceae","Virgibacillus","Virgibacillus oceani"
"Bacteria","Bacteria_none","Actinobacteria","Actinomycetia","Micrococcales","Dermabacteraceae","Brachybacterium","Brachybacterium zhongshanense"
"Bacteria","Bacteria_none","Firmicutes","Bacilli","Bacillales","Staphylococcaceae","Staphylococcus","Staphylococcus saprophyticus"
"Bacteria","Bacteria_none","Firmicutes","Bacilli","Lactobacillales","Lactobacillaceae","Limosilactobacillus","Limosilactobacillus oris"
"Bacteria","Bacteria_none","Firmicutes","Bacilli","Bacillales","Staphylococcaceae","Mammaliicoccus","Mammaliicoccus stepanovicii"
"Bacteria","Bacteria_none","Firmicutes","Bacilli","Lactobacillales","Lactobacillaceae","Limosilactobacillus","Limosilactobacillus agrestis"
"Bacteria","Bacteria_none","Firmicutes","Tissierellia","Tissierellales","Peptoniphilaceae","Anaerococcus","Anaerococcus faecalis"
"Bacteria","Bacteria_none","Firmicutes","Bacilli","Lactobacillales","Lactobacillaceae","Ligilactobacillus","Ligilactobacillus acidipiscis"
"Bacteria","Bacteria_none","Actinobacteria","Actinomycetia","Propionibacteriales","Nocardioidaceae","Aeromicrobium","Aeromicrobium yanjiei"
"Bacteria","Bacteria_none","Actinobacteria","Actinomycetia","Corynebacteriales","Corynebacteriaceae","Corynebacterium","Corynebacterium xerosis"
"Bacteria","Bacteria_none","Proteobacteria","Betaproteobacteria","Burkholderiales","Alcaligenaceae","Pusillimonas","Pusillimonas caeni"
"Bacteria","Bacteria_none","Actinobacteria","Actinomycetia","Streptosporangiales","Nocardiopsaceae","Nocardiopsis","Nocardiopsis alba"
"Bacteria","Bacteria_none","Firmicutes","Bacilli","Lactobacillales","Carnobacteriaceae","Pisciglobus","Pisciglobus halotolerans"
"Bacteria","Bacteria_none","Firmicutes","Bacilli","Lactobacillales","Lactobacillaceae","Lactobacillus","Lactobacillus helveticus"
"Bacteria","Bacteria_none","Actinobacteria","Actinomycetia","Corynebacteriales","Corynebacteriaceae","Corynebacterium","Corynebacterium amycolatum"
"Bacteria","Bacteria_none","Actinobacteria","Actinomycetia","Micrococcales","Dermabacteraceae","Brachybacterium","Brachybacterium avium"
"Bacteria","Bacteria_none","Actinobacteria","Actinomycetia","Micrococcales","Cellulomonadaceae","Actinotalea","Actinotalea ferrariae"
"Bacteria","Bacteria_none","Actinobacteria","Actinomycetia","Micrococcales","Bogoriellaceae","Georgenia","Georgenia muralis"
"Bacteria","Bacteria_none","Firmicutes","Bacilli","Lactobacillales","Enterococcaceae","Enterococcus","Enterococcus saccharolyticus"
"Bacteria","Bacteria_none","Actinobacteria","Actinomycetia","Corynebacteriales","Dietziaceae","Dietzia","Dietzia maris"
"Bacteria","Bacteria_none","Actinobacteria","Actinomycetia","Corynebacteriales","Corynebacteriaceae","Corynebacterium","Corynebacterium frankenforstense"
"Bacteria","Bacteria_none","Firmicutes","Bacilli","Bacillales","Planococcaceae","Sporosarcina","Sporosarcina pasteurii"
"Bacteria","Bacteria_none","Firmicutes","Bacilli","Bacillales","Staphylococcaceae","Nosocomiicoccus","Nosocomiicoccus massiliensis"
"Bacteria","Bacteria_none","Firmicutes","Bacilli","Bacillales","Staphylococcaceae","Staphylococcus","Staphylococcus caeli"
"Bacteria","Bacteria_none","Firmicutes","Bacilli","Bacillales","Bacillaceae","Amphibacillus","Amphibacillus iburiensis"
"Bacteria","Bacteria_none","Firmicutes","Bacilli","Lactobacillales","Lactobacillaceae","Lactobacillus","Lactobacillus paragasseri"
"Bacteria","Bacteria_none","Firmicutes","Bacilli","Lactobacillales","Lactobacillaceae","Limosilactobacillus","Limosilactobacillus ingluviei"
"Bacteria","Bacteria_none","Actinobacteria","Actinomycetia","Micrococcales","Brevibacteriaceae","Brevibacterium","Brevibacterium renqingii"
"Bacteria","Bacteria_none","Actinobacteria","Actinomycetia","Micrococcales","Dermabacteraceae","Brachybacterium","Brachybacterium massiliense"
"Bacteria","Bacteria_none","Firmicutes","Bacilli","Lactobacillales","Enterococcaceae","Enterococcus","Enterococcus canintestini"
"Bacteria","Bacteria_none","Actinobacteria","Actinomycetia","Streptosporangiales","Nocardiopsaceae","Nocardiopsis","Nocardiopsis fildesensis"
"Bacteria","Bacteria_none","Firmicutes","Bacilli","Lactobacillales","Lactobacillaceae","Levilactobacillus","Levilactobacillus hammesii"
"Bacteria","Bacteria_none","Firmicutes","Bacilli","Lactobacillales","Lactobacillaceae","Limosilactobacillus","Limosilactobacillus pontis"
"Bacteria","Bacteria_none","Firmicutes","Bacilli","Bacillales","Bacillaceae","Oceanobacillus","Oceanobacillus salinisoli"
"Bacteria","Bacteria_none","Firmicutes","Tissierellia","Tissierellales","Peptoniphilaceae","Anaerococcus","Anaerococcus degeneri"
"Bacteria","Bacteria_none","Proteobacteria","Gammaproteobacteria","Xanthomonadales","Xanthomonadaceae","Luteimonas","Luteimonas dalianensis"
"Bacteria","Bacteria_none","Firmicutes","Bacilli","Bacillales","Staphylococcaceae","Salinicoccus","Salinicoccus halodurans"
"Bacteria","Bacteria_none","Actinobacteria","Actinomycetia","Micrococcales","Dermabacteraceae","Brachybacterium","Brachybacterium vulturis"
"Bacteria","Bacteria_none","Firmicutes","Tissierellia","Tissierellales","Peptoniphilaceae","Peptoniphilus","Peptoniphilus nemausensis"
"Bacteria","Bacteria_none","Firmicutes","Tissierellia","Tissierellales","Peptoniphilaceae","Peptoniphilus","Peptoniphilus harei"
"Bacteria","Bacteria_none","Actinobacteria","Actinomycetia","Micrococcales","Dermabacteraceae","Brachybacterium","Brachybacterium nesterenkovii"
"Bacteria","Bacteria_none","Firmicutes","Bacilli","Lactobacillales","Lactobacillaceae","Levilactobacillus","Levilactobacillus namurensis"
"Bacteria","Bacteria_none","Firmicutes","Bacilli","Bacillales","Bacillaceae","Virgibacillus","Virgibacillus pantothenticus"
"Bacteria","Bacteria_none","Actinobacteria","Actinomycetia","Micrococcales","Dermabacteraceae","Brachybacterium","Brachybacterium huguangmaarense"
"Bacteria","Bacteria_none","Firmicutes","Tissierellia","Tissierellales","Peptoniphilaceae","Urinicoccus","Urinicoccus timonensis"
"Bacteria","Bacteria_none","Actinobacteria","Actinomycetia","Micrococcales","Brevibacteriaceae","Brevibacterium","Brevibacterium senegalense"
"Bacteria","Bacteria_none","Actinobacteria","Actinomycetia","Micrococcales","Micrococcaceae","Enteractinococcus","Enteractinococcus coprophilus"
"Bacteria","Bacteria_none","Proteobacteria","Gammaproteobacteria","Oceanospirillales","Halomonadaceae","Halomonas","Halomonas pellis"
"Bacteria","Bacteria_none","Firmicutes","Bacilli","Bacillales","Bacillaceae","Virgibacillus","Virgibacillus marseillensis"
"Bacteria","Bacteria_none","Actinobacteria","Actinomycetia","Corynebacteriales","Dietziaceae","Dietzia","Dietzia aerolata"
"Bacteria","Bacteria_none","Actinobacteria","Actinomycetia","Micrococcales","Brevibacteriaceae","Brevibacterium","Brevibacterium atlanticum"
"Bacteria","Bacteria_none","Firmicutes","Clostridia","Eubacteriales","Lachnospiraceae","Mediterraneibacter","Mediterraneibacter catenae"
"Bacteria","Bacteria_none","Actinobacteria","Actinomycetia","Corynebacteriales","Dietziaceae","Dietzia","Dietzia lutea"
"Bacteria","Bacteria_none","Firmicutes","Bacilli","Bacillales","Staphylococcaceae","Staphylococcus","Staphylococcus arlettae"
"Bacteria","Bacteria_none","Firmicutes","Bacilli","Bacillales","Staphylococcaceae","Staphylococcus","Staphylococcus borealis"
"Bacteria","Bacteria_none","Actinobacteria","Actinomycetia","Streptosporangiales","Nocardiopsaceae","Nocardiopsis","Nocardiopsis coralli"
"Bacteria","Bacteria_none","Actinobacteria","Actinomycetia","Micrococcales","Brevibacteriaceae","Brevibacterium","Brevibacterium profundi"
"Bacteria","Bacteria_none","Actinobacteria","Actinomycetia","Corynebacteriales","Dietziaceae","Dietzia","Dietzia psychralcaliphila"
"Bacteria","Bacteria_none","Firmicutes","Bacilli","Lactobacillales","Lactobacillaceae","Limosilactobacillus","Limosilactobacillus vaginalis"
"Bacteria","Bacteria_none","Actinobacteria","Actinomycetia","Micrococcales","Brevibacteriaceae","Brevibacterium","Brevibacterium yomogidense"
"Bacteria","Bacteria_none","Firmicutes","Tissierellia","Tissierellales","Peptoniphilaceae","Gallicola","Gallicola barnesae"
"Bacteria","Bacteria_none","Actinobacteria","Actinomycetia","Micrococcales","Bogoriellaceae","Georgenia","Georgenia satyanarayanai"
"Bacteria","Bacteria_none","Actinobacteria","Actinomycetia","Streptosporangiales","Thermomonosporaceae","Actinomadura","Actinomadura livida"
"Bacteria","Bacteria_none","Firmicutes","Bacilli","Lactobacillales","Aerococcaceae","Aerococcus","Aerococcus suis"
"Bacteria","Bacteria_none","Firmicutes","Bacilli","Bacillales","Bacillaceae","Oceanobacillus","Oceanobacillus indicireducens"
"Bacteria","Bacteria_none","Firmicutes","Bacilli","Lactobacillales","Lactobacillaceae","Companilactobacillus","Companilactobacillus suantsaicola"
"Bacteria","Bacteria_none","Firmicutes","Bacilli","Lactobacillales","Lactobacillaceae","Limosilactobacillus","Limosilactobacillus coleohominis"
"Bacteria","Bacteria_none","Actinobacteria","Acidimicrobiia","Acidimicrobiales","Iamiaceae","Aquihabitans","Aquihabitans daechungensis"
"Bacteria","Bacteria_none","Firmicutes","Bacilli","Lactobacillales","Lactobacillaceae","Limosilactobacillus","Limosilactobacillus panis"
"Bacteria","Bacteria_none","Actinobacteria","Actinomycetia","Corynebacteriales","Dietziaceae","Dietzia","Dietzia kunjamensis"
"Bacteria","Bacteria_none","Firmicutes","Bacilli","Lactobacillales","Carnobacteriaceae","Alloiococcus","Alloiococcus otitis"
"Bacteria","Bacteria_none","Firmicutes","Bacilli","Bacillales","Bacillaceae","Oceanobacillus","Oceanobacillus limi"
"Bacteria","Bacteria_none","Firmicutes","Bacilli","Lactobacillales","Enterococcaceae","Enterococcus","Enterococcus columbae"
"Bacteria","Bacteria_none","Firmicutes","Bacilli","Lactobacillales","Enterococcaceae","Tetragenococcus","Tetragenococcus koreensis"
"Bacteria","Bacteria_none","Firmicutes","Bacilli","Bacillales","Staphylococcaceae","Jeotgalicoccus","Jeotgalicoccus marinus"
"Bacteria","Bacteria_none","Actinobacteria","Actinomycetia","Streptosporangiales","Nocardiopsaceae","Nocardiopsis","Nocardiopsis xinjiangensis"
"Bacteria","Bacteria_none","Firmicutes","Bacilli","Bacillales","Bacillaceae","Amphibacillus","Amphibacillus indicireducens"
"Bacteria","Bacteria_none","Firmicutes","Bacilli","Bacillales","Bacillaceae","Virgibacillus","Virgibacillus salarius"
"Bacteria","Bacteria_none","Firmicutes","Bacilli","Bacillales","Bacillaceae","Virgibacillus","Virgibacillus marismortui"
"Bacteria","Bacteria_none","Actinobacteria","Actinomycetia","Micrococcales","Ruaniaceae","Occultella","Occultella kanbiaonis"
"Bacteria","Bacteria_none","Actinobacteria","Actinomycetia","Micrococcales","Bogoriellaceae","Georgenia","Georgenia subflava"
"Bacteria","Bacteria_none","Actinobacteria","Actinomycetia","Propionibacteriales","Nocardioidaceae","Aeromicrobium","Aeromicrobium alkaliterrae"
"Bacteria","Bacteria_none","Firmicutes","Bacilli","Bacillales","Bacillaceae","Lederbergia","Lederbergia graminis"
"Bacteria","Bacteria_none","Firmicutes","Bacilli","Lactobacillales","Lactobacillaceae","Ligilactobacillus","Ligilactobacillus saerimneri"
"Bacteria","Bacteria_none","Firmicutes","Bacilli","Lactobacillales","Lactobacillaceae","Lactobacillus","Lactobacillus amylovorus"
"Bacteria","Bacteria_none","Firmicutes","Tissierellia","Tissierellales","Peptoniphilaceae","Peptoniphilus","Peptoniphilus stercorisuis"
"Bacteria","Bacteria_none","Firmicutes","Bacilli","Bacillales","Staphylococcaceae","Jeotgalicoccus","Jeotgalicoccus huakuii"
"Bacteria","Bacteria_none","Firmicutes","Bacilli","Bacillales","Staphylococcaceae","Mammaliicoccus","Mammaliicoccus vitulinus"
"Bacteria","Bacteria_none","Firmicutes","Bacilli","Bacillales","Bacillaceae","Oceanobacillus","Oceanobacillus chironomi"
"Bacteria","Bacteria_none","Firmicutes","Clostridia","Eubacteriales","Peptostreptococcaceae","Peptostreptococcus","Peptostreptococcus russellii"
"Bacteria","Bacteria_none","Actinobacteria","Actinomycetia","Corynebacteriales","Dietziaceae","Dietzia","Dietzia papillomatosis"
"Bacteria","Bacteria_none","Actinobacteria","Actinomycetia","Micrococcales","Dermabacteraceae","Brachybacterium","Brachybacterium sacelli"
"Bacteria","Bacteria_none","Actinobacteria","Actinomycetia","Propionibacteriales","Nocardioidaceae","Aeromicrobium","Aeromicrobium ginsengisoli"
"Bacteria","Bacteria_none","Firmicutes","Clostridia","Eubacteriales","Eubacteriales_Incertae_sedis","Gemmiger","Gemmiger formicilis"
"Bacteria","Bacteria_none","Firmicutes","Bacilli","Lactobacillales","Lactobacillaceae","Companilactobacillus","Companilactobacillus pabuli"
"Bacteria","Bacteria_none","Firmicutes","Bacilli","Bacillales","Bacillaceae","Oceanobacillus","Oceanobacillus massiliensis"
"Bacteria","Bacteria_none","Actinobacteria","Actinomycetia","Corynebacteriales","Corynebacteriaceae","Corynebacterium","Corynebacterium freneyi"
"Bacteria","Bacteria_none","Actinobacteria","Actinomycetia","Micrococcales","Ornithinimicrobiaceae","Ornithinimicrobium","Ornithinimicrobium murale"
"Bacteria","Bacteria_none","Firmicutes","Tissierellia","Tissierellales","Tissierellaceae","Anaerosalibacter","Anaerosalibacter bizertensis"
"Bacteria","Bacteria_none","Firmicutes","Bacilli","Bacillales","Bacillaceae","Ornithinibacillus","Ornithinibacillus halophilus"
"Bacteria","Bacteria_none","Actinobacteria","Actinomycetia","Corynebacteriales","Corynebacteriales_Incertae_sedis","Tomitella","Tomitella gaofuii"
"Bacteria","Bacteria_none","Firmicutes","Bacilli","Bacillales","Bacillaceae","Ornithinibacillus","Ornithinibacillus salinisoli"
"Bacteria","Bacteria_none","Firmicutes","Bacilli","Bacillales","Staphylococcaceae","Staphylococcus","Staphylococcus edaphicus"
"Bacteria","Bacteria_none","Firmicutes","Bacilli","Lactobacillales","Lactobacillaceae","Lactobacillus","Lactobacillus acidophilus"
"Bacteria","Bacteria_none","Firmicutes","Bacilli","Lactobacillales","Enterococcaceae","Enterococcus","Enterococcus faecium"
"Bacteria","Bacteria_none","Firmicutes","Bacilli","Bacillales","Staphylococcaceae","Aliicoccus","Aliicoccus persicus"
"Bacteria","Bacteria_none","Firmicutes","Bacilli","Bacillales","Bacillaceae","Virgibacillus","Virgibacillus kimchii"
"Bacteria","Bacteria_none","Firmicutes","Bacilli","Bacillales","Staphylococcaceae","Staphylococcus","Staphylococcus petrasii"
"Bacteria","Bacteria_none","Firmicutes","Tissierellia","Tissierellales","Peptoniphilaceae","Anaerococcus","Anaerococcus hydrogenalis"
"Bacteria","Bacteria_none","Actinobacteria","Actinomycetia","Micrococcales","Ruaniaceae","Ruania","Ruania zhangjianzhongii"
"Bacteria","Bacteria_none","Actinobacteria","Actinomycetia","Corynebacteriales","Corynebacteriaceae","Corynebacterium","Corynebacterium hansenii"
"Bacteria","Bacteria_none","Firmicutes","Clostridia","Eubacteriales","Clostridiaceae","Butyricicoccus","Butyricicoccus pullicaecorum"
"Bacteria","Bacteria_none","Firmicutes","Bacilli","Lactobacillales","Enterococcaceae","Enterococcus","Enterococcus hirae"
"Bacteria","Bacteria_none","Firmicutes","Clostridia","Eubacteriales","Lachnospiraceae","Mediterraneibacter","[Ruminococcus] torques"
"Bacteria","Bacteria_none","Firmicutes","Tissierellia","Tissierellales","Peptoniphilaceae","Peptoniphilus","Peptoniphilus coxii"
"Bacteria","Bacteria_none","Firmicutes","Bacilli","Lactobacillales","Lactobacillaceae","Ligilactobacillus","Ligilactobacillus araffinosus"
"Bacteria","Bacteria_none","Firmicutes","Bacilli","Bacillales","Bacillaceae","Lederbergia","Lederbergia lenta"
"Bacteria","Bacteria_none","Firmicutes","Bacilli","Bacillales","Bacillaceae","Virgibacillus","Virgibacillus necropolis"
"Bacteria","Bacteria_none","Firmicutes","Clostridia","Eubacteriales","Oscillospiraceae","Faecalibacterium","Faecalibacterium hattorii"
"Bacteria","Bacteria_none","Actinobacteria","Actinomycetia","Micromonosporales","Micromonosporaceae","Natronosporangium","Natronosporangium hydrolyticum"
"Bacteria","Bacteria_none","Firmicutes","Firmicutes_Incertae_sedis","Firmicutes_Incertae_sedis_Incertae_sedis","Firmicutes_Incertae_sedis_Incertae_sedis_Incertae_sedis","Negativibacillus","Negativibacillus massiliensis"
"Bacteria","Bacteria_none","Actinobacteria","Actinomycetia","Micrococcales","Dermabacteraceae","Brachybacterium","Brachybacterium hainanense"
"Bacteria","Bacteria_none","Firmicutes","Bacilli","Bacillales","Bacillaceae","Oceanobacillus","Oceanobacillus halotolerans"
"Bacteria","Bacteria_none","Firmicutes","Bacilli","Bacillales","Staphylococcaceae","Staphylococcus","Staphylococcus gallinarum"
"Bacteria","Bacteria_none","Firmicutes","Bacilli","Lactobacillales","Lactobacillaceae","Companilactobacillus","Companilactobacillus futsaii"
"Bacteria","Bacteria_none","Firmicutes","Tissierellia","Tissierellales","Peptoniphilaceae","Anaerococcus","Anaerococcus urinomassiliensis"
"Bacteria","Bacteria_none","Proteobacteria","Gammaproteobacteria","Chromatiales","Wenzhouxiangellaceae","Wenzhouxiangella","Wenzhouxiangella salilacus"
"Bacteria","Bacteria_none","Firmicutes","Bacilli","Bacillales","Bacillaceae","Alkalihalobacillus","Alkalihalobacillus alcalophilus"
"Bacteria","Bacteria_none","Actinobacteria","Actinomycetia","Streptosporangiales","Nocardiopsaceae","Nocardiopsis","Nocardiopsis listeri"
"Bacteria","Bacteria_none","Firmicutes","Bacilli","Lactobacillales","Lactobacillaceae","Loigolactobacillus","Loigolactobacillus rennini"
"Bacteria","Bacteria_none","Firmicutes","Tissierellia","Tissierellales","Peptoniphilaceae","Anaerococcus","Anaerococcus octavius"
"Bacteria","Bacteria_none","Actinobacteria","Actinomycetia","Corynebacteriales","Nocardiaceae","Rhodococcus","Rhodococcus coprophilus"
"Bacteria","Bacteria_none","Firmicutes","Bacilli","Lactobacillales","Lactobacillaceae","Limosilactobacillus","Limosilactobacillus antri"
"Bacteria","Bacteria_none","Actinobacteria","Actinomycetia","Micrococcales","Bogoriellaceae","Georgenia","Georgenia yuyongxinii"
"Bacteria","Bacteria_none","Bacteroidota","Bacteroidia","Bacteroidales","Bacteroidaceae","Phocaeicola","Phocaeicola dorei"
"Bacteria","Bacteria_none","Firmicutes","Bacilli","Bacillales","Staphylococcaceae","Staphylococcus","Staphylococcus caledonicus"
"Bacteria","Bacteria_none","Actinobacteria","Actinomycetia","Micrococcales","Micrococcales_Incertae_sedis","Luteimicrobium","Luteimicrobium album"
"Bacteria","Bacteria_none","Firmicutes","Bacilli","Bacillales","Staphylococcaceae","Staphylococcus","Staphylococcus schweitzeri"
"Bacteria","Bacteria_none","Actinobacteria","Actinomycetia","Micrococcales","Dermabacteraceae","Brachybacterium","Brachybacterium fresconis"
"Bacteria","Bacteria_none","Firmicutes","Bacilli","Bacillales","Bacillaceae","Lederbergia","Lederbergia galactosidilytica"
"Bacteria","Bacteria_none","Proteobacteria","Gammaproteobacteria","Enterobacterales","Enterobacteriaceae","Shigella","Shigella flexneri"
"Bacteria","Bacteria_none","Firmicutes","Bacilli","Bacillales","Staphylococcaceae","Staphylococcus","Staphylococcus succinus"
"Bacteria","Bacteria_none","Firmicutes","Bacilli","Bacillales","Bacillaceae","Virgibacillus","Virgibacillus carmonensis"
"Bacteria","Bacteria_none","Firmicutes","Bacilli","Lactobacillales","Carnobacteriaceae","Allofustis","Allofustis seminis"
"Bacteria","Bacteria_none","Firmicutes","Bacilli","Bacillales","Staphylococcaceae","Staphylococcus","Staphylococcus hominis"
"Bacteria","Bacteria_none","Actinobacteria","Actinomycetia","Micrococcales","Dermabacteraceae","Brachybacterium","Brachybacterium endophyticum"
"Bacteria","Bacteria_none","Actinobacteria","Actinomycetia","Micrococcales","Brevibacteriaceae","Brevibacterium","Brevibacterium epidermidis"
"Bacteria","Bacteria_none","Firmicutes","Bacilli","Bacillales","Staphylococcaceae","Staphylococcus","Staphylococcus pasteuri"
"Bacteria","Bacteria_none","Actinobacteria","Actinomycetia","Corynebacteriales","Mycobacteriaceae","Mycolicibacterium","Mycolicibacterium smegmatis"
"Bacteria","Bacteria_none","Actinobacteria","Actinomycetia","Micrococcales","Brevibacteriaceae","Brevibacterium","Brevibacterium casei"
"Bacteria","Bacteria_none","Actinobacteria","Actinomycetia","Micrococcales","Cellulomonadaceae","Pseudactinotalea","Pseudactinotalea terrae"
"Bacteria","Bacteria_none","Firmicutes","Bacilli","Lactobacillales","Lactobacillaceae","Ligilactobacillus","Ligilactobacillus salitolerans"
"Bacteria","Bacteria_none","Firmicutes","Bacilli","Bacillales","Bacillaceae","Oceanobacillus","Oceanobacillus luteolus"
"Bacteria","Bacteria_none","Actinobacteria","Actinomycetia","Streptomycetales","Streptomycetaceae","Streptomyces","Streptomyces triticirhizae"
"Bacteria","Bacteria_none","Proteobacteria","Alphaproteobacteria","Rhodobacterales","Rhodobacteraceae","Paracoccus","Paracoccus jeotgali"
"Bacteria","Bacteria_none","Firmicutes","Clostridia","Eubacteriales","Oscillospiraceae","Pseudoflavonifractor","Pseudoflavonifractor capillosus"
"Bacteria","Bacteria_none","Firmicutes","Bacilli","Bacillales","Staphylococcaceae","Staphylococcus","Staphylococcus casei"
"Bacteria","Bacteria_none","Actinobacteria","Actinomycetia","Micrococcales","Ruaniaceae","Ruania","Ruania alba"
"Bacteria","Bacteria_none","Firmicutes","Clostridia","Eubacteriales","Eubacteriales_Incertae_sedis","Gemmiger","Gemmiger gallinarum"
"Bacteria","Bacteria_none","Proteobacteria","Gammaproteobacteria","Pasteurellales","Pasteurellaceae","Gallibacterium","Gallibacterium anatis"
"Bacteria","Bacteria_none","Firmicutes","Bacilli","Lactobacillales","Lactobacillaceae","Levilactobacillus","Levilactobacillus angrenensis"
"Bacteria","Bacteria_none","Firmicutes","Clostridia","Eubacteriales","Oscillospiraceae","Subdoligranulum","Subdoligranulum variabile"
"Bacteria","Bacteria_none","Firmicutes","Bacilli","Bacillales","Bacillaceae","Oceanobacillus","Oceanobacillus damuensis"
"Bacteria","Bacteria_none","Proteobacteria","Gammaproteobacteria","Enterobacterales","Enterobacteriaceae","Escherichia","Escherichia fergusonii"
"Bacteria","Bacteria_none","Firmicutes","Clostridia","Eubacteriales","Peptostreptococcaceae","Romboutsia","Romboutsia hominis"
"Bacteria","Bacteria_none","Firmicutes","Bacilli","Bacillales","Staphylococcaceae","Staphylococcus","Staphylococcus roterodami"
"Bacteria","Bacteria_none","Firmicutes","Bacilli","Bacillales","Bacillaceae","Virgibacillus","Virgibacillus natechei"
"Bacteria","Bacteria_none","Firmicutes","Bacilli","Bacillales","Bacillaceae","Oceanobacillus","Oceanobacillus polygoni"
"Bacteria","Bacteria_none","Actinobacteria","Actinomycetia","Micrococcales","Microbacteriaceae","Microbacterium","Microbacterium faecale"
"Bacteria","Bacteria_none","Actinobacteria","Actinomycetia","Propionibacteriales","Nocardioidaceae","Aeromicrobium","Aeromicrobium erythreum"
"Bacteria","Bacteria_none","Firmicutes","Bacilli","Lactobacillales","Enterococcaceae","Enterococcus","Enterococcus durans"
"Bacteria","Bacteria_none","Bacteroidota","Bacteroidia","Bacteroidales","Rikenellaceae","Alistipes","Alistipes dispar"
"Bacteria","Bacteria_none","Firmicutes","Bacilli","Lactobacillales","Enterococcaceae","Enterococcus","Enterococcus faecalis"
"Bacteria","Bacteria_none","Firmicutes","Clostridia","Eubacteriales","Lachnospiraceae","Mediterraneibacter","Mediterraneibacter glycyrrhizinilyticus"
"Bacteria","Bacteria_none","Firmicutes","Bacilli","Bacillales","Staphylococcaceae","Staphylococcus","Staphylococcus carnosus"
"Bacteria","Bacteria_none","Actinobacteria","Actinomycetia","Corynebacteriales","Corynebacteriaceae","Corynebacterium","Corynebacterium aurimucosum"
"Bacteria","Bacteria_none","Actinobacteria","Actinomycetia","Streptosporangiales","Nocardiopsaceae","Nocardiopsis","Nocardiopsis alkaliphila"
"Bacteria","Bacteria_none","Firmicutes","Bacilli","Bacillales","Staphylococcaceae","Staphylococcus","Staphylococcus equorum"
"Bacteria","Bacteria_none","Firmicutes","Clostridia","Eubacteriales","Lachnospiraceae","Blautia","Blautia glucerasea"
"Bacteria","Bacteria_none","Firmicutes","Clostridia","Eubacteriales","Clostridiaceae","Clostridium","Clostridium haemolyticum"
"Bacteria","Bacteria_none","Proteobacteria","Gammaproteobacteria","Aeromonadales","Aeromonadaceae","Oceanisphaera","Oceanisphaera avium"
"Bacteria","Bacteria_none","Proteobacteria","Alphaproteobacteria","Hyphomicrobiales","Brucellaceae","Falsochrobactrum","Falsochrobactrum ovis"
"Bacteria","Bacteria_none","Firmicutes","Bacilli","Lactobacillales","Lactobacillaceae","Weissella","Weissella paramesenteroides"
"Bacteria","Bacteria_none","Actinobacteria","Actinomycetia","Micrococcales","Dermabacteraceae","Brachybacterium","Brachybacterium subflavum"
"Bacteria","Bacteria_none","Firmicutes","Bacilli","Lactobacillales","Lactobacillaceae","Companilactobacillus","Companilactobacillus baiquanensis"
"Bacteria","Bacteria_none","Firmicutes","Clostridia","Eubacteriales","Lachnospiraceae","Merdimonas","Merdimonas faecis"
"Bacteria","Bacteria_none","Actinobacteria","Actinomycetia","Corynebacteriales","Dietziaceae","Dietzia","Dietzia alimentaria"
"Bacteria","Bacteria_none","Firmicutes","Clostridia","Eubacteriales","Lachnospiraceae","Fusicatenibacter","Fusicatenibacter saccharivorans"
"Bacteria","Bacteria_none","Firmicutes","Bacilli","Bacillales","Staphylococcaceae","Staphylococcus","Staphylococcus aureus"
"Bacteria","Bacteria_none","Actinobacteria","Actinomycetia","Micrococcales","Micrococcaceae","Rothia","Rothia koreensis"
"Bacteria","Bacteria_none","Firmicutes","Bacilli","Bacillales","Staphylococcaceae","Staphylococcus","Staphylococcus pseudoxylosus"
"Bacteria","Bacteria_none","Proteobacteria","Betaproteobacteria","Rhodocyclales","Zoogloeaceae","Pseudothauera","Pseudothauera rhizosphaerae"
"Bacteria","Bacteria_none","Firmicutes","Bacilli","Bacillales","Staphylococcaceae","Staphylococcus","Staphylococcus capitis"
"Bacteria","Bacteria_none","Firmicutes","Bacilli","Lactobacillales","Lactobacillaceae","Levilactobacillus","Levilactobacillus tujiorum"
"Bacteria","Bacteria_none","Firmicutes","Bacilli","Lactobacillales","Lactobacillaceae","Lapidilactobacillus","Lapidilactobacillus wuchangensis"
"Bacteria","Bacteria_none","Firmicutes","Tissierellia","Tissierellales","Peptoniphilaceae","Peptoniphilus","Peptoniphilus timonensis"
"Bacteria","Bacteria_none","Firmicutes","Bacilli","Bacillales","Bacillaceae","Virgibacillus","Virgibacillus dokdonensis"
"Bacteria","Bacteria_none","Firmicutes","Tissierellia","Tissierellales","Peptoniphilaceae","Anaerococcus","Anaerococcus rubeinfantis"
"Bacteria","Bacteria_none","Actinobacteria","Actinomycetia","Corynebacteriales","Corynebacteriaceae","Corynebacterium","Corynebacterium sputi"
"Bacteria","Bacteria_none","Firmicutes","Bacilli","Bacillales","Staphylococcaceae","Staphylococcus","Staphylococcus xylosus"
"Bacteria","Bacteria_none","Bacteroidota","Bacteroidia","Bacteroidales","Bacteroidaceae","Bacteroides","Bacteroides uniformis"
"Bacteria","Bacteria_none","Firmicutes","Bacilli","Lactobacillales","Enterococcaceae","Enterococcus","Enterococcus casseliflavus"
"Bacteria","Bacteria_none","Firmicutes","Bacilli","Bacillales","Bacillaceae","Niallia","Niallia oryzisoli"
"Bacteria","Bacteria_none","Firmicutes","Clostridia","Eubacteriales","Oscillospiraceae","Oscillibacter","Oscillibacter massiliensis"
"Bacteria","Bacteria_none","Firmicutes","Clostridia","Eubacteriales","Clostridiaceae","Hathewaya","Hathewaya limosa"
"Bacteria","Bacteria_none","Firmicutes","Bacilli","Lactobacillales","Lactobacillaceae","Lactobacillus","Lactobacillus psittaci"
"Bacteria","Bacteria_none","Actinobacteria","Actinomycetia","Micrococcales","Bogoriellaceae","Georgenia","Georgenia soli"
"Bacteria","Bacteria_none","Firmicutes","Bacilli","Bacillales","Bacillaceae","Lentibacillus","Lentibacillus saliphilus"
"Bacteria","Bacteria_none","Firmicutes","Bacilli","Bacillales","Bacillaceae","Bacillus","Bacillus ferrooxidans"
"Bacteria","Bacteria_none","Bacteroidota","Bacteroidia","Bacteroidales","Rikenellaceae","Tidjanibacter","Tidjanibacter massiliensis"
"Bacteria","Bacteria_none","Firmicutes","Bacilli","Bacillales","Staphylococcaceae","Mammaliicoccus","Mammaliicoccus fleurettii"
"Bacteria","Bacteria_none","Firmicutes","Bacilli","Bacillales","Staphylococcaceae","Staphylococcus","Staphylococcus lugdunensis"
"Bacteria","Bacteria_none","Firmicutes","Clostridia","Eubacteriales","Oscillospiraceae","Fournierella","Fournierella massiliensis"
"Bacteria","Bacteria_none","Firmicutes","Clostridia","Eubacteriales","Clostridiaceae","Clostridium","Clostridium phoceensis"
"Bacteria","Bacteria_none","Actinobacteria","Actinomycetia","Streptosporangiales","Nocardiopsaceae","Nocardiopsis","Nocardiopsis sinuspersici"
"Bacteria","Bacteria_none","Firmicutes","Clostridia","Eubacteriales","Oscillospiraceae","Fastidiosipila","Fastidiosipila sanguinis"
"Bacteria","Bacteria_none","Actinobacteria","Actinomycetia","Micrococcales","Micrococcaceae","Pseudoglutamicibacter","Pseudoglutamicibacter cumminsii"
"Bacteria","Bacteria_none","Firmicutes","Bacilli","Bacillales","Bacillaceae","Virgibacillus","Virgibacillus indicus"
"Bacteria","Bacteria_none","Firmicutes","Bacilli","Bacillales","Staphylococcaceae","Staphylococcus","Staphylococcus lloydii"
"Bacteria","Bacteria_none","Firmicutes","Bacilli","Bacillales","Staphylococcaceae","Staphylococcus","Staphylococcus pragensis"
"Bacteria","Bacteria_none","Firmicutes","Tissierellia","Tissierellales","Peptoniphilaceae","Anaerococcus","Anaerococcus murdochii"
"Bacteria","Bacteria_none","Actinobacteria","Actinomycetia","Micrococcales","Brevibacteriaceae","Brevibacterium","Brevibacterium sediminis"
"Bacteria","Bacteria_none","Firmicutes","Bacilli","Lactobacillales","Enterococcaceae","Tetragenococcus","Tetragenococcus halophilus"
"Bacteria","Bacteria_none","Firmicutes","Bacilli","Bacillales","Staphylococcaceae","Staphylococcus","Staphylococcus durrellii"
"Bacteria","Bacteria_none","Actinobacteria","Actinomycetia","Streptosporangiales","Nocardiopsaceae","Nocardiopsis","Nocardiopsis terrae"
"Bacteria","Bacteria_none","Firmicutes","Bacilli","Bacillales","Staphylococcaceae","Staphylococcus","Staphylococcus taiwanensis"
"Bacteria","Bacteria_none","Firmicutes","Bacilli","Bacillales","Staphylococcaceae","Staphylococcus","Staphylococcus croceilyticus"
"Bacteria","Bacteria_none","Proteobacteria","Betaproteobacteria","Burkholderiales","Alcaligenaceae","Pusillimonas","Pusillimonas noertemannii"
"Bacteria","Bacteria_none","Bacteroidota","Bacteroidia","Bacteroidales","Bacteroidaceae","Phocaeicola","Phocaeicola vulgatus"
"Bacteria","Bacteria_none","Firmicutes","Bacilli","Lactobacillales","Aerococcaceae","Globicatella","Globicatella sanguinis"
"Bacteria","Bacteria_none","Firmicutes","Bacilli","Lactobacillales","Enterococcaceae","Enterococcus","Enterococcus olivae"
"Bacteria","Bacteria_none","Actinobacteria","Actinomycetia","Pseudonocardiales","Pseudonocardiaceae","Saccharomonospora","Saccharomonospora xinjiangensis"
"Bacteria","Bacteria_none","Firmicutes","Bacilli","Bacillales","Staphylococcaceae","Staphylococcus","Staphylococcus condimenti"
"Bacteria","Bacteria_none","Firmicutes","Bacilli","Bacillales","Staphylococcaceae","Salinicoccus","Salinicoccus alkaliphilus"
"Bacteria","Bacteria_none","Firmicutes","Clostridia","Eubacteriales","Lachnospiraceae","Anaerostipes","Anaerostipes butyraticus"
"Bacteria","Bacteria_none","Actinobacteria","Actinomycetia","Bifidobacteriales","Bifidobacteriaceae","Bifidobacterium","Bifidobacterium pullorum"
"Bacteria","Bacteria_none","Firmicutes","Clostridia","Eubacteriales","Lachnospiraceae","Blautia","Blautia hominis"
"Bacteria","Bacteria_none","Firmicutes","Clostridia","Eubacteriales","Lachnospiraceae","Sellimonas","Sellimonas intestinalis"
"Bacteria","Bacteria_none","Actinobacteria","Actinomycetia","Pseudonocardiales","Pseudonocardiaceae","Prauserella","Prauserella oleivorans"
"Bacteria","Bacteria_none","Firmicutes","Bacilli","Bacillales","Bacillaceae","Niallia","Niallia endozanthoxylica"
"Bacteria","Bacteria_none","Proteobacteria","Betaproteobacteria","Burkholderiales","Sutterellaceae","Sutterella","Sutterella timonensis"
"Bacteria","Bacteria_none","Actinobacteria","Actinomycetia","Streptosporangiales","Nocardiopsaceae","Nocardiopsis","Nocardiopsis aegyptia"
"Bacteria","Bacteria_none","Firmicutes","Bacilli","Bacillales","Bacillaceae","Niallia","Niallia circulans"
"Bacteria","Bacteria_none","Firmicutes","Bacilli","Bacillales","Bacillaceae","Lederbergia","Lederbergia panacisoli"
"Bacteria","Bacteria_none","Firmicutes","Bacilli","Bacillales","Bacillaceae","Alkalihalobacillus","Alkalihalobacillus lindianensis"
"Bacteria","Bacteria_none","Firmicutes","Bacilli","Bacillales","Paenibacillaceae","Ammoniphilus","Ammoniphilus oxalaticus"
"Bacteria","Bacteria_none","Firmicutes","Clostridia","Eubacteriales","Oscillospiraceae","Agathobaculum","Agathobaculum butyriciproducens"
"Bacteria","Bacteria_none","Firmicutes","Bacilli","Lactobacillales","Lactobacillaceae","Levilactobacillus","Levilactobacillus senmaizukei"
"Bacteria","Bacteria_none","Actinobacteria","Actinomycetia","Streptosporangiales","Thermomonosporaceae","Actinomadura","Actinomadura sputi"
"Bacteria","Bacteria_none","Actinobacteria","Actinomycetia","Micrococcales","Cellulomonadaceae","Actinotalea","Actinotalea caeni"
"Bacteria","Bacteria_none","Proteobacteria","Gammaproteobacteria","Oceanospirillales","Halomonadaceae","Halomonas","Halomonas gudaonensis"
"Bacteria","Bacteria_none","Firmicutes","Clostridia","Eubacteriales","Eubacteriales_Incertae_sedis","Massilistercora","Massilistercora timonensis"
"Bacteria","Bacteria_none","Actinobacteria","Actinomycetia","Streptosporangiales","Nocardiopsaceae","Allosalinactinospora","Allosalinactinospora lopnorensis"
"Bacteria","Bacteria_none","Actinobacteria","Actinomycetia","Pseudonocardiales","Pseudonocardiaceae","Saccharomonospora","Saccharomonospora amisosensis"
"Bacteria","Bacteria_none","Firmicutes","Clostridia","Eubacteriales","Lachnospiraceae","Blautia","Blautia intestinalis"
"Bacteria","Bacteria_none","Firmicutes","Tissierellia","Tissierellales","Peptoniphilaceae","Anaerococcus","Anaerococcus jeddahensis"
"Bacteria","Bacteria_none","Actinobacteria","Actinomycetia","Corynebacteriales","Corynebacteriaceae","Corynebacterium","Corynebacterium phoceense"
"Bacteria","Bacteria_none","Firmicutes","Clostridia","Eubacteriales","Oscillospiraceae","Pseudoflavonifractor","Pseudoflavonifractor gallinarum"
"Bacteria","Bacteria_none","Firmicutes","Clostridia","Eubacteriales","Clostridiaceae","Clostridium","Clostridium perfringens"
"Bacteria","Bacteria_none","Firmicutes","Clostridia","Eubacteriales","Lachnospiraceae","Caecibacterium","Caecibacterium sporoformans"
"Bacteria","Bacteria_none","Actinobacteria","Actinomycetia","Micrococcales","Intrasporangiaceae","Janibacter","Janibacter massiliensis"
"Bacteria","Bacteria_none","Firmicutes","Bacilli","Lactobacillales","Lactobacillaceae","Levilactobacillus","Levilactobacillus suantsaiihabitans"
"Bacteria","Bacteria_none","Actinobacteria","Actinomycetia","Pseudonocardiales","Pseudonocardiaceae","Saccharomonospora","Saccharomonospora marina"
"Bacteria","Bacteria_none","Actinobacteria","Actinomycetia","Corynebacteriales","Corynebacteriaceae","Corynebacterium","Corynebacterium glyciniphilum"
"Bacteria","Bacteria_none","Firmicutes","Erysipelotrichia","Erysipelotrichales","Turicibacteraceae","Turicibacter","Turicibacter bilis"
"Bacteria","Bacteria_none","Firmicutes","Tissierellia","Tissierellales","Peptoniphilaceae","Anaerococcus","Anaerococcus tetradius"
"Bacteria","Bacteria_none","Firmicutes","Bacilli","Lactobacillales","Lactobacillaceae","Weissella","Weissella thailandensis"
"Bacteria","Bacteria_none","Actinobacteria","Actinomycetia","Pseudonocardiales","Pseudonocardiaceae","Pseudonocardia","Pseudonocardia asaccharolytica"
"Bacteria","Bacteria_none","Firmicutes","Bacilli","Bacillales","Bacillaceae","Virgibacillus","Virgibacillus halophilus"
"Bacteria","Bacteria_none","Actinobacteria","Actinomycetia","Corynebacteriales","Dietziaceae","Dietzia","Dietzia aurantiaca"
"Bacteria","Bacteria_none","Firmicutes","Bacilli","Bacillales","Bacillaceae","Virgibacillus","Virgibacillus profundi"
"Bacteria","Bacteria_none","Actinobacteria","Actinomycetia","Micrococcales","Bogoriellaceae","Georgenia","Georgenia wutianyii"
"Bacteria","Bacteria_none","Proteobacteria","Gammaproteobacteria","Oceanospirillales","Halomonadaceae","Halomonas","Halomonas antri"
"Bacteria","Bacteria_none","Actinobacteria","Actinomycetia","Propionibacteriales","Nocardioidaceae","Aeromicrobium","Aeromicrobium choanae"
"Bacteria","Bacteria_none","Firmicutes","Bacilli","Bacillales","Staphylococcaceae","Staphylococcus","Staphylococcus warneri"
"Bacteria","Bacteria_none","Firmicutes","Bacilli","Bacillales","Bacillaceae","Aliibacillus","Aliibacillus thermotolerans"
"Bacteria","Bacteria_none","Firmicutes","Clostridia","Eubacteriales","Oscillospiraceae","Drancourtella","Drancourtella massiliensis"
"Bacteria","Bacteria_none","Proteobacteria","Alphaproteobacteria","Hyphomicrobiales","Devosiaceae","Pelagibacterium","Pelagibacterium luteolum"
"Bacteria","Bacteria_none","Bacteroidota","Bacteroidia","Bacteroidales","Rikenellaceae","Alistipes","Alistipes putredinis"
"Bacteria","Bacteria_none","Firmicutes","Bacilli","Lactobacillales","Lactobacillaceae","Weissella","Weissella bombi"
"Bacteria","Bacteria_none","Actinobacteria","Actinomycetia","Micrococcales","Intrasporangiaceae","Janibacter","Janibacter anophelis"
"Bacteria","Bacteria_none","Firmicutes","Bacilli","Bacillales","Bacillaceae","Lederbergia","Lederbergia wuyishanensis"
"Bacteria","Bacteria_none","Firmicutes","Bacilli","Bacillales","Bacillaceae","Virgibacillus","Virgibacillus kekensis"
"Bacteria","Bacteria_none","Actinobacteria","Actinomycetia","Micrococcales","Ruaniaceae","Occultella","Occultella gossypii"
"Bacteria","Bacteria_none","Actinobacteria","Actinomycetia","Propionibacteriales","Nocardioidaceae","Nocardioides","Nocardioides alcanivorans"
"Bacteria","Bacteria_none","Firmicutes","Bacilli","Lactobacillales","Carnobacteriaceae","Jeotgalibaca","Jeotgalibaca arthritidis"
"Bacteria","Bacteria_none","Firmicutes","Clostridia","Eubacteriales","Eubacteriaceae","Irregularibacter","Irregularibacter muris"
"Bacteria","Bacteria_none","Firmicutes","Bacilli","Lactobacillales","Lactobacillaceae","Companilactobacillus","Companilactobacillus formosensis"
"Bacteria","Bacteria_none","Firmicutes","Bacilli","Bacillales","Bacillaceae","Oceanobacillus","Oceanobacillus endoradicis"
"Bacteria","Bacteria_none","Firmicutes","Bacilli","Bacillales","Staphylococcaceae","Staphylococcus","Staphylococcus canis"
"Bacteria","Bacteria_none","Firmicutes","Bacilli","Bacillales","Bacillaceae","Peribacillus","Peribacillus asahii"
"Bacteria","Bacteria_none","Actinobacteria","Actinomycetia","Micrococcales","Cellulomonadaceae","Actinotalea","Actinotalea solisilvae"
"Bacteria","Bacteria_none","Proteobacteria","Alphaproteobacteria","Rhodobacterales","Roseobacteraceae","Pontibaca","Pontibaca methylaminivorans"
"Bacteria","Bacteria_none","Actinobacteria","Actinomycetia","Micrococcales","Microbacteriaceae","Leucobacter","Leucobacter triazinivorans"
"Bacteria","Bacteria_none","Firmicutes","Bacilli","Bacillales","Bacillaceae","Lentibacillus","Lentibacillus garicola"
"Bacteria","Bacteria_none","Firmicutes","Erysipelotrichia","Erysipelotrichales","Erysipelotrichaceae","Erysipelatoclostridium","[Clostridium] spiroforme"
"Bacteria","Bacteria_none","Firmicutes","Bacilli","Lactobacillales","Lactobacillaceae","Companilactobacillus","Companilactobacillus huachuanensis"
"Bacteria","Bacteria_none","Actinobacteria","Actinomycetia","Actinomycetales","Actinomycetaceae","Flaviflexus","Flaviflexus ciconiae"
"Bacteria","Bacteria_none","Firmicutes","Clostridia","Eubacteriales","Peptostreptococcaceae","Romboutsia","Romboutsia maritimum"
"Bacteria","Bacteria_none","Firmicutes","Bacilli","Bacillales","Staphylococcaceae","Salinicoccus","Salinicoccus kekensis"
"Bacteria","Bacteria_none","Firmicutes","Bacilli","Lactobacillales","Aerococcaceae","Globicatella","Globicatella sulfidifaciens"
"Bacteria","Bacteria_none","Firmicutes","Clostridia","Eubacteriales","Lachnospiraceae","Anaerobutyricum","Anaerobutyricum soehngenii"
"Bacteria","Bacteria_none","Actinobacteria","Actinomycetia","Micrococcales","Micrococcales_Incertae_sedis","Luteimicrobium","Luteimicrobium xylanilyticum"
"Bacteria","Bacteria_none","Firmicutes","Clostridia","Eubacteriales","Oscillospiraceae","Neglectibacter","Neglectibacter timonensis"
"Bacteria","Bacteria_none","Firmicutes","Clostridia","Eubacteriales","Lachnospiraceae","Lachnoclostridium","Lachnoclostridium phocaeense"
"Bacteria","Bacteria_none","Bacteroidota","Bacteroidia","Bacteroidales","Barnesiellaceae","Barnesiella","Barnesiella intestinihominis"
"Bacteria","Bacteria_none","Firmicutes","Bacilli","Bacillales","Staphylococcaceae","Staphylococcus","Staphylococcus piscifermentans"
"Bacteria","Bacteria_none","Proteobacteria","Gammaproteobacteria","Enterobacterales","Yersiniaceae","Serratia","Serratia marcescens"
"Bacteria","Bacteria_none","Firmicutes","Bacilli","Lactobacillales","Lactobacillaceae","Lapidilactobacillus","Lapidilactobacillus achengensis"
"Bacteria","Bacteria_none","Actinobacteria","Actinomycetia","Streptosporangiales","Nocardiopsaceae","Nocardiopsis","Nocardiopsis alborubida"
"Bacteria","Bacteria_none","Firmicutes","Bacilli","Bacillales","Bacillaceae","Paralkalibacillus","Paralkalibacillus indicireducens"
"Bacteria","Bacteria_none","Firmicutes","Bacilli","Bacillales","Bacillaceae","Neobacillus","Neobacillus massiliamazoniensis"
"Bacteria","Bacteria_none","Actinobacteria","Actinomycetia","Corynebacteriales","Corynebacteriaceae","Corynebacterium","Corynebacterium lactis"
"Bacteria","Bacteria_none","Firmicutes","Bacilli","Lactobacillales","Lactobacillaceae","Limosilactobacillus","Limosilactobacillus fastidiosus"
"Bacteria","Bacteria_none","Firmicutes","Bacilli","Bacillales","Staphylococcaceae","Staphylococcus","Staphylococcus simiae"
"Bacteria","Bacteria_none","Firmicutes","Bacilli","Lactobacillales","Lactobacillaceae","Limosilactobacillus","Limosilactobacillus secaliphilus"
"Bacteria","Bacteria_none","Firmicutes","Bacilli","Bacillales","Staphylococcaceae","Staphylococcus","Staphylococcus argenteus"
"Bacteria","Bacteria_none","Planctomycetota","Planctomycetia","Isosphaerales","Isosphaeraceae","Paludisphaera","Paludisphaera soli"
"Bacteria","Bacteria_none","Proteobacteria","Gammaproteobacteria","Oceanospirillales","Halomonadaceae","Halomonas","Halomonas nitroreducens"
"Bacteria","Bacteria_none","Firmicutes","Clostridia","Eubacteriales","Clostridiaceae","Clostridium","Clostridium tertium"
"Bacteria","Bacteria_none","Firmicutes","Tissierellia","Tissierellales","Peptoniphilaceae","Lagierella","Lagierella massiliensis"
"Bacteria","Bacteria_none","Actinobacteria","Actinomycetia","Corynebacteriales","Corynebacteriaceae","Corynebacterium","Corynebacterium glutamicum"
"Bacteria","Bacteria_none","Firmicutes","Bacilli","Lactobacillales","Carnobacteriaceae","Alkalibacterium","Alkalibacterium iburiense"
"Bacteria","Bacteria_none","Firmicutes","Tissierellia","Tissierellales","Tissierellaceae","Tissierella","Tissierella creatinini"
"Bacteria","Bacteria_none","Firmicutes","Bacilli","Bacillales","Bacillaceae","Virgibacillus","Virgibacillus doumboii"
"Bacteria","Bacteria_none","Bacteroidota","Bacteroidia","Bacteroidales","Tannerellaceae","Parabacteroides","Parabacteroides johnsonii"
"Bacteria","Bacteria_none","Firmicutes","Bacilli","Lactobacillales","Lactobacillaceae","Weissella","Weissella hellenica"
"Bacteria","Bacteria_none","Actinobacteria","Actinomycetia","Actinomycetales","Actinomycetaceae","Gleimia","Gleimia europaea"
"Bacteria","Bacteria_none","Firmicutes","Erysipelotrichia","Erysipelotrichales","Erysipelotrichaceae","Massilimicrobiota","Massilimicrobiota timonensis"
"Bacteria","Bacteria_none","Proteobacteria","Gammaproteobacteria","Pseudomonadales","Pseudomonadaceae","Halopseudomonas","Halopseudomonas pertucinogena"
"Bacteria","Bacteria_none","Proteobacteria","Gammaproteobacteria","Enterobacterales","Enterobacteriaceae","Shigella","Shigella dysenteriae"
"Bacteria","Bacteria_none","Actinobacteria","Actinomycetia","Micrococcales","Cellulomonadaceae","Actinotalea","Actinotalea subterranea"
"Bacteria","Bacteria_none","Firmicutes","Clostridia","Eubacteriales","Oscillospiraceae","Gorbachella","Gorbachella massiliensis"
"Bacteria","Bacteria_none","Firmicutes","Bacilli","Bacillales","Staphylococcaceae","Staphylococcus","Staphylococcus caprae"
"Bacteria","Bacteria_none","Actinobacteria","Actinomycetia","Micrococcales","Brevibacteriaceae","Brevibacterium","Brevibacterium marinum"
"Bacteria","Bacteria_none","Firmicutes","Bacilli","Lactobacillales","Lactobacillaceae","Limosilactobacillus","Limosilactobacillus caviae"
"Bacteria","Bacteria_none","Firmicutes","Bacilli","Lactobacillales","Streptococcaceae","Streptococcus","Streptococcus equinus"
"Bacteria","Bacteria_none","Proteobacteria","Gammaproteobacteria","Oceanospirillales","Halomonadaceae","Halomonas","Halomonas desiderata"
"Bacteria","Bacteria_none","Firmicutes","Clostridia","Eubacteriales","Clostridiaceae","Clostridium","Clostridium cylindrosporum"
"Bacteria","Bacteria_none","Firmicutes","Clostridia","Eubacteriales","Lachnospiraceae","Anaerotignum","Anaerotignum lactatifermentans"
"Bacteria","Bacteria_none","Actinobacteria","Actinomycetia","Micrococcales","Ruaniaceae","Ruania","Ruania halotolerans"
"Bacteria","Bacteria_none","Proteobacteria","Gammaproteobacteria","Enterobacterales","Enterobacteriaceae","Shigella","Shigella boydii"
"Bacteria","Bacteria_none","Firmicutes","Negativicutes","Veillonellales","Veillonellaceae","Veillonella","Veillonella magna"
"Bacteria","Bacteria_none","Firmicutes","Bacilli","Lactobacillales","Enterococcaceae","Enterococcus","Enterococcus villorum"
"Bacteria","Bacteria_none","Firmicutes","Clostridia","Eubacteriales","Peptostreptococcaceae","Romboutsia","[Clostridium] dakarense"
"Bacteria","Bacteria_none","Actinobacteria","Actinomycetia","Micrococcales","Brevibacteriaceae","Brevibacterium","Brevibacterium ravenspurgense"
"Bacteria","Bacteria_none","Proteobacteria","Alphaproteobacteria","Rhodobacterales","Rhodobacteraceae","Paracoccus","Paracoccus alcaliphilus"
"Bacteria","Bacteria_none","Actinobacteria","Actinomycetia","Propionibacteriales","Nocardioidaceae","Aeromicrobium","Aeromicrobium stalagmiti"
"Bacteria","Bacteria_none","Actinobacteria","Actinomycetia","Micrococcales","Ruaniaceae","Occultella","Occultella glacieicola"
"Bacteria","Bacteria_none","Firmicutes","Bacilli","Lactobacillales","Lactobacillaceae","Companilactobacillus","Companilactobacillus heilongjiangensis"
"Bacteria","Bacteria_none","Firmicutes","Bacilli","Lactobacillales","Lactobacillaceae","Levilactobacillus","Levilactobacillus parabrevis"
"Bacteria","Bacteria_none","Firmicutes","Clostridia","Eubacteriales","Clostridiaceae","Clostridium","Clostridium disporicum"
"Bacteria","Bacteria_none","Firmicutes","Bacilli","Lactobacillales","Lactobacillaceae","Lactobacillus","Lactobacillus hominis"
"Bacteria","Bacteria_none","Actinobacteria","Actinomycetia","Propionibacteriales","Nocardioidaceae","Aeromicrobium","Aeromicrobium massiliense"
"Bacteria","Bacteria_none","Firmicutes","Clostridia","Eubacteriales","Oscillospiraceae","Faecalibacterium","Faecalibacterium gallinarum"
"Bacteria","Bacteria_none","Firmicutes","Bacilli","Bacillales","Bacillaceae","Lederbergia","Lederbergia citrisecundus"
"Bacteria","Bacteria_none","Firmicutes","Bacilli","Bacillales","Staphylococcaceae","Jeotgalicoccus","Jeotgalicoccus saudimassiliensis"
"Bacteria","Bacteria_none","Firmicutes","Bacilli","Lactobacillales","Enterococcaceae","Enterococcus","Enterococcus gallinarum"
"Bacteria","Bacteria_none","Firmicutes","Bacilli","Lactobacillales","Lactobacillaceae","Lactiplantibacillus","Lactiplantibacillus plajomi"
"Bacteria","Bacteria_none","Firmicutes","Clostridia","Eubacteriales","Clostridiaceae","Clostridium","Clostridium niameyense"
"Bacteria","Bacteria_none","Proteobacteria","Betaproteobacteria","Burkholderiales","Alcaligenaceae","Pusillimonas","Pusillimonas ginsengisoli"
"Bacteria","Bacteria_none","Firmicutes","Bacilli","Bacillales","Staphylococcaceae","Staphylococcus","Staphylococcus kloosii"
"Bacteria","Bacteria_none","Firmicutes","Tissierellia","Tissierellales","Tissierellaceae","Tissierella","Tissierella pigra"
"Bacteria","Bacteria_none","Actinobacteria","Actinomycetia","Micrococcales","Micrococcaceae","Nesterenkonia","Nesterenkonia alkaliphila"
"Bacteria","Bacteria_none","Proteobacteria","Alphaproteobacteria","Hyphomicrobiales","Devosiaceae","Pelagibacterium","Pelagibacterium sediminicola"
"Bacteria","Bacteria_none","Proteobacteria","Alphaproteobacteria","Hyphomicrobiales","Brucellaceae","Falsochrobactrum","Falsochrobactrum shanghaiense"
"Bacteria","Bacteria_none","Actinobacteria","Actinomycetia","Pseudonocardiales","Pseudonocardiaceae","Saccharomonospora","Saccharomonospora piscinae"
"Bacteria","Bacteria_none","Firmicutes","Bacilli","Bacillales","Bacillaceae","Bacillus","Bacillus salipaludis"
"Bacteria","Bacteria_none","Firmicutes","Tissierellia","Tissierellales","Peptoniphilaceae","Urinicoccus","Urinicoccus massiliensis"
"Bacteria","Bacteria_none","Bacteroidota","Bacteroidia","Bacteroidales","Rikenellaceae","Alistipes","Alistipes communis"
"Bacteria","Bacteria_none","Proteobacteria","Betaproteobacteria","Burkholderiales","Alcaligenaceae","Caenimicrobium","Caenimicrobium hargitense"
"Bacteria","Bacteria_none","Firmicutes","Clostridia","Eubacteriales","Lachnospiraceae","Tyzzerella","[Clostridium] colinum"
"Bacteria","Bacteria_none","Firmicutes","Tissierellia","Tissierellales","Tissierellaceae","Tissierella","Tissierella creatinophila"
"Bacteria","Bacteria_none","Firmicutes","Bacilli","Lactobacillales","Lactobacillaceae","Companilactobacillus","Companilactobacillus tucceti"
"Bacteria","Bacteria_none","Proteobacteria","Gammaproteobacteria","Xanthomonadales","Xanthomonadaceae","Luteimonas","Luteimonas fraxinea"
"Bacteria","Bacteria_none","Firmicutes","Bacilli","Lactobacillales","Enterococcaceae","Vagococcus","Vagococcus entomophilus"
"Bacteria","Bacteria_none","Firmicutes","Bacilli","Bacillales","Bacillaceae","Lederbergia","Lederbergia citri"
"Bacteria","Bacteria_none","Actinobacteria","Actinomycetia","Micrococcales","Dermabacteraceae","Brachybacterium","Brachybacterium alimentarium"
"Bacteria","Bacteria_none","Actinobacteria","Actinomycetia","Micrococcales","Ornithinimicrobiaceae","Ornithinimicrobium","Ornithinimicrobium ciconiae"
"Bacteria","Bacteria_none","Actinobacteria","Actinomycetia","Micrococcales","Microbacteriaceae","Leucobacter","Leucobacter massiliensis"
"Bacteria","Bacteria_none","Actinobacteria","Actinomycetia","Micrococcales","Micrococcaceae","Garicola","Garicola koreensis"
"Bacteria","Bacteria_none","Actinobacteria","Actinomycetia","Propionibacteriales","Propionibacteriaceae","Propionimicrobium","Propionimicrobium lymphophilum"
"Bacteria","Bacteria_none","Firmicutes","Bacilli","Bacillales","Planococcaceae","Sporosarcina","Sporosarcina luteola"
"Bacteria","Bacteria_none","Firmicutes","Bacilli","Bacillales","Bacillaceae","Virgibacillus","Virgibacillus olivae"
"Bacteria","Bacteria_none","Actinobacteria","Actinomycetia","Micrococcales","Sanguibacteraceae","Sanguibacter","Sanguibacter massiliensis"
"Bacteria","Bacteria_none","Proteobacteria","Gammaproteobacteria","Enterobacterales","Enterobacteriaceae","Escherichia","Escherichia marmotae"
"Bacteria","Bacteria_none","Firmicutes","Tissierellia","Tissierellales","Tissierellaceae","Urmitella","Urmitella timonensis"
"Bacteria","Bacteria_none","Firmicutes","Bacilli","Lactobacillales","Lactobacillaceae","Companilactobacillus","Companilactobacillus nuruki"
"Bacteria","Bacteria_none","Actinobacteria","Actinomycetia","Micrococcales","Cellulomonadaceae","Cellulomonas","Cellulomonas composti"
"Bacteria","Bacteria_none","Firmicutes","Bacilli","Bacillales","Staphylococcaceae","Jeotgalicoccus","Jeotgalicoccus pinnipedialis"
"Bacteria","Bacteria_none","Balneolaeota","Balneolia","Balneolales","Balneolaceae","Rhodohalobacter","Rhodohalobacter halophilus"
"Bacteria","Bacteria_none","Proteobacteria","Alphaproteobacteria","Hyphomicrobiales","Phyllobacteriaceae","Nitratireductor","Nitratireductor aestuarii"
"Bacteria","Bacteria_none","Firmicutes","Clostridia","Eubacteriales","Lachnospiraceae","Mediterraneibacter","Mediterraneibacter faecis"
"Bacteria","Bacteria_none","Proteobacteria","Deltaproteobacteria","Desulfovibrionales","Desulfovibrionaceae","Bilophila","Bilophila wadsworthia"
"Bacteria","Bacteria_none","Bacteroidota","Bacteroidia","Bacteroidales","Rikenellaceae","Rikenella","Rikenella microfusus"
"Bacteria","Bacteria_none","Actinobacteria","Actinomycetia","Glycomycetales","Glycomycetaceae","Stackebrandtia","Stackebrandtia nassauensis"
"Bacteria","Bacteria_none","Actinobacteria","Actinomycetia","Glycomycetales","Glycomycetaceae","Stackebrandtia","Stackebrandtia albiflava"
"Bacteria","Bacteria_none","Actinobacteria","Actinomycetia","Streptosporangiales","Nocardiopsaceae","Nocardiopsis","Nocardiopsis synnemataformans"
"Bacteria","Bacteria_none","Firmicutes","Bacilli","Bacillales","Staphylococcaceae","Staphylococcus","Staphylococcus debuckii"
"Bacteria","Bacteria_none","Firmicutes","Bacilli","Bacillales","Bacillaceae","Cytobacillus","Cytobacillus depressus"
"Bacteria","Bacteria_none","Bacteroidota","Bacteroidia","Bacteroidales","Rikenellaceae","Alistipes","Alistipes senegalensis"
"Bacteria","Bacteria_none","Firmicutes","Bacilli","Lactobacillales","Lactobacillaceae","Levilactobacillus","Levilactobacillus zymae"
"Bacteria","Bacteria_none","Actinobacteria","Actinomycetia","Corynebacteriales","Corynebacteriaceae","Corynebacterium","Corynebacterium occultum"
"Bacteria","Bacteria_none","Firmicutes","Clostridia","Eubacteriales","Lachnospiraceae","Blautia","Blautia producta"
"Bacteria","Bacteria_none","Firmicutes","Bacilli","Lactobacillales","Lactobacillaceae","Companilactobacillus","Companilactobacillus mindensis"
"Bacteria","Bacteria_none","Firmicutes","Bacilli","Lactobacillales","Enterococcaceae","Tetragenococcus","Tetragenococcus solitarius"
"Bacteria","Bacteria_none","Firmicutes","Bacilli","Bacillales","Alicyclobacillaceae","Tumebacillus","Tumebacillus ginsengisoli"
"Bacteria","Bacteria_none","Firmicutes","Bacilli","Bacillales","Paenibacillaceae","Ammoniphilus","Ammoniphilus resinae"
"Bacteria","Bacteria_none","Firmicutes","Clostridia","Eubacteriales","Lachnospiraceae","Eisenbergiella","Eisenbergiella tayi"
"Bacteria","Bacteria_none","Firmicutes","Bacilli","Bacillales","Bacillaceae","Bacillus","Bacillus suaedae"
"Bacteria","Bacteria_none","Actinobacteria","Actinomycetia","Pseudonocardiales","Pseudonocardiaceae","Saccharomonospora","Saccharomonospora colocasiae"
"Bacteria","Bacteria_none","Firmicutes","Bacilli","Lactobacillales","Streptococcaceae","Streptococcus","Streptococcus lutetiensis"
"Bacteria","Bacteria_none","Firmicutes","Bacilli","Bacillales","Bacillaceae","Caldibacillus","Caldibacillus kokeshiiformis"
"Bacteria","Bacteria_none","Actinobacteria","Actinomycetia","Micrococcales","Micrococcaceae","Pseudoglutamicibacter","Pseudoglutamicibacter albus"
"Bacteria","Bacteria_none","Firmicutes","Bacilli","Lactobacillales","Lactobacillaceae","Limosilactobacillus","[Lactobacillus] timonensis"
"Bacteria","Bacteria_none","Firmicutes","Negativicutes","Acidaminococcales","Acidaminococcaceae","Phascolarctobacterium","Phascolarctobacterium faecium"
"Bacteria","Bacteria_none","Firmicutes","Tissierellia","Tissierellales","Peptoniphilaceae","Anaerococcus","Anaerococcus vaginalis"
"Bacteria","Bacteria_none","Proteobacteria","Betaproteobacteria","Nitrosomonadales","Nitrosomonadaceae","Nitrosomonas","Nitrosomonas stercoris"
"Bacteria","Bacteria_none","Firmicutes","Bacilli","Bacillales","Staphylococcaceae","Staphylococcus","Staphylococcus epidermidis"
"Bacteria","Bacteria_none","Bacteroidota","Flavobacteriia","Flavobacteriales","Flavobacteriaceae","Galbibacter","Galbibacter marinus"
"Bacteria","Bacteria_none","Actinobacteria","Actinomycetia","Jiangellales","Jiangellaceae","Haloactinopolyspora","Haloactinopolyspora alkaliphila"
"Bacteria","Bacteria_none","Proteobacteria","Gammaproteobacteria","Xanthomonadales","Xanthomonadaceae","Luteimonas","Luteimonas yindakuii"
"Bacteria","Bacteria_none","Firmicutes","Clostridia","Eubacteriales","Oscillospiraceae","Flavonifractor","Flavonifractor plautii"
"Bacteria","Bacteria_none","Firmicutes","Bacilli","Bacillales","Planococcaceae","Sporosarcina","Sporosarcina koreensis"
"Bacteria","Bacteria_none","Firmicutes","Bacilli","Lactobacillales","Lactobacillaceae","Companilactobacillus","Companilactobacillus kimchii"
"Bacteria","Bacteria_none","Firmicutes","Bacilli","Bacillales","Bacillaceae","Cerasibacillus","Cerasibacillus quisquiliarum"
"Bacteria","Bacteria_none","Actinobacteria","Actinomycetia","Pseudonocardiales","Pseudonocardiaceae","Saccharopolyspora","Saccharopolyspora gloriosae"
"Bacteria","Bacteria_none","Bacteroidota","Bacteroidia","Bacteroidales","Bacteroidaceae","Phocaeicola","Phocaeicola faecicola"
"Bacteria","Bacteria_none","Actinobacteria","Actinomycetia","Micrococcales","Brevibacteriaceae","Brevibacterium","Brevibacterium pigmentatum"
"Bacteria","Bacteria_none","Firmicutes","Bacilli","Bacillales","Bacillaceae","Siminovitchia","Siminovitchia acidinfaciens"
"Bacteria","Bacteria_none","Bacteroidota","Bacteroidia","Bacteroidales","Tannerellaceae","Parabacteroides","Parabacteroides distasonis"
"Bacteria","Bacteria_none","Firmicutes","Clostridia","Eubacteriales","Oscillospiraceae","Agathobaculum","Agathobaculum desmolans"
"Bacteria","Bacteria_none","Proteobacteria","Gammaproteobacteria","Enterobacterales","Enterobacteriaceae","Escherichia","Escherichia coli"
"Bacteria","Bacteria_none","Firmicutes","Clostridia","Eubacteriales","Lachnospiraceae","Blautia","Blautia hydrogenotrophica"
"Bacteria","Bacteria_none","Bacteroidota","Bacteroidia","Bacteroidales","Bacteroidaceae","Bacteroides","Bacteroides fragilis"
"Bacteria","Bacteria_none","Actinobacteria","Actinomycetia","Micrococcales","Brevibacteriaceae","Brevibacterium","Brevibacterium sanguinis"
"Bacteria","Bacteria_none","Firmicutes","Clostridia","Eubacteriales","Clostridiaceae","Clostridium","Clostridium massiliodielmoense"
"Bacteria","Bacteria_none","Proteobacteria","Betaproteobacteria","Burkholderiales","Alcaligenaceae","Paenalcaligenes","Paenalcaligenes niemegkensis"
"Bacteria","Bacteria_none","Actinobacteria","Actinomycetia","Glycomycetales","Glycomycetaceae","Stackebrandtia","Stackebrandtia endophytica"
"Bacteria","Bacteria_none","Firmicutes","Bacilli","Bacillales","Bacillaceae","Virgibacillus","Virgibacillus chiguensis"
"Bacteria","Bacteria_none","Proteobacteria","Betaproteobacteria","Burkholderiales","Alcaligenaceae","Bordetella","Bordetella bronchiseptica"
"Bacteria","Bacteria_none","Firmicutes","Bacilli","Bacillales","Bacillaceae","Oceanobacillus","Oceanobacillus profundus"
"Bacteria","Bacteria_none","Bacteroidota","Bacteroidia","Bacteroidales","Bacteroidaceae","Bacteroides","Bacteroides clarus"
"Bacteria","Bacteria_none","Firmicutes","Bacilli","Bacillales","Bacillaceae","Alkalihalobacillus","Alkalihalobacillus nanhaiisediminis"
"Bacteria","Bacteria_none","Firmicutes","Clostridia","Eubacteriales","Clostridiaceae","Clostridium","Clostridium saudiense"
"Bacteria","Bacteria_none","Actinobacteria","Actinomycetia","Glycomycetales","Glycomycetaceae","Glycomyces","Glycomyces phytohabitans"
"Bacteria","Bacteria_none","Firmicutes","Bacilli","Bacillales","Bacillaceae","Oceanobacillus","Oceanobacillus picturae"
"Bacteria","Bacteria_none","Firmicutes","Bacilli","Bacillales","Bacillaceae","Oceanobacillus","Oceanobacillus zhaokaii"
"Bacteria","Bacteria_none","Firmicutes","Bacilli","Bacillales","Bacillaceae","Oceanobacillus","Oceanobacillus kimchii"
"Bacteria","Bacteria_none","Actinobacteria","Actinomycetia","Corynebacteriales","Corynebacteriaceae","Corynebacterium","Corynebacterium nuruki"
"Bacteria","Bacteria_none","Firmicutes","Bacilli","Bacillales","Bacillaceae","Bacillus","Bacillus niameyensis"
"Bacteria","Bacteria_none","Actinobacteria","Actinomycetia","Corynebacteriales","Corynebacteriaceae","Corynebacterium","Corynebacterium maris"
"Bacteria","Bacteria_none","Actinobacteria","Actinomycetia","Micrococcales","Brevibacteriaceae","Brevibacterium","Brevibacterium permense"
"Bacteria","Bacteria_none","Firmicutes","Clostridia","Eubacteriales","Lachnospiraceae","Blautia","Blautia argi"
"Bacteria","Bacteria_none","Actinobacteria","Actinomycetia","Micrococcales","Micrococcaceae","Arthrobacter","Arthrobacter senegalensis"
"Bacteria","Bacteria_none","Actinobacteria","Actinomycetia","Corynebacteriales","Mycobacteriaceae","Mycolicibacter","Mycolicibacter algericus"
"Bacteria","Bacteria_none","Actinobacteria","Actinomycetia","Micrococcales","Micrococcaceae","Arthrobacter","Arthrobacter cavernae"
"Bacteria","Bacteria_none","Firmicutes","Clostridia","Eubacteriales","Oscillospiraceae","Dysosmobacter","Dysosmobacter welbionis"
"Bacteria","Bacteria_none","Actinobacteria","Actinomycetia","Corynebacteriales","Mycobacteriaceae","Mycolicibacterium","Mycolicibacterium chitae"
"Bacteria","Bacteria_none","Actinobacteria","Actinomycetia","Pseudonocardiales","Pseudonocardiaceae","Saccharomonospora","Saccharomonospora azurea"
"Bacteria","Bacteria_none","Proteobacteria","Betaproteobacteria","Burkholderiales","Alcaligenaceae","Paralcaligenes","Paralcaligenes ginsengisoli"
"Bacteria","Bacteria_none","Bacteroidota","Bacteroidia","Bacteroidales","Odoribacteraceae","Odoribacter","Odoribacter splanchnicus"
"Bacteria","Bacteria_none","Proteobacteria","Epsilonproteobacteria","Campylobacterales","Campylobacteraceae","Campylobacter","Campylobacter jejuni"
"Bacteria","Bacteria_none","Proteobacteria","Gammaproteobacteria","Enterobacterales","Morganellaceae","Proteus","Proteus mirabilis"
"Bacteria","Bacteria_none","Actinobacteria","Actinomycetia","Corynebacteriales","Dietziaceae","Dietzia","Dietzia cercidiphylli"
"Bacteria","Bacteria_none","Actinobacteria","Actinomycetia","Micrococcales","Micrococcaceae","Paenarthrobacter","Paenarthrobacter nitroguajacolicus"
"Bacteria","Bacteria_none","Firmicutes","Clostridia","Eubacteriales","Clostridiaceae","Alkaliphilus","Alkaliphilus flagellatus"
"Bacteria","Bacteria_none","Firmicutes","Bacilli","Bacillales","Bacillaceae","Alkalihalophilus","Alkalihalophilus pseudofirmus"
"Bacteria","Bacteria_none","Actinobacteria","Actinomycetia","Glycomycetales","Glycomycetaceae","Stackebrandtia","Stackebrandtia soli"
"Bacteria","Bacteria_none","Actinobacteria","Actinomycetia","Micrococcales","Brevibacteriaceae","Brevibacterium","Brevibacterium ammoniilyticum"
"Bacteria","Bacteria_none","Firmicutes","Tissierellia","Tissierellales","Tissierellaceae","Tissierella","Tissierella praeacuta"
"Bacteria","Bacteria_none","Firmicutes","Bacilli","Bacillales","Bacillaceae","Siminovitchia","Siminovitchia terrae"
"Bacteria","Bacteria_none","Firmicutes","Bacilli","Bacillales","Bacillaceae","Lederbergia","Lederbergia ruris"
"Bacteria","Bacteria_none","Proteobacteria","Betaproteobacteria","Burkholderiales","Alcaligenaceae","Paralcaligenes","Paralcaligenes ureilyticus"
"Bacteria","Bacteria_none","Actinobacteria","Actinomycetia","Micrococcales","Brevibacteriaceae","Brevibacterium","Brevibacterium jeotgali"
"Bacteria","Bacteria_none","Firmicutes","Clostridia","Eubacteriales","Oscillospiraceae","Pseudoflavonifractor","Pseudoflavonifractor phocaeensis"
"Bacteria","Bacteria_none","Firmicutes","Clostridia","Eubacteriales","Oscillospiraceae","Faecalibacterium","Faecalibacterium prausnitzii"
"Bacteria","Bacteria_none","Firmicutes","Clostridia","Eubacteriales","Oscillospiraceae","Anaeromassilibacillus","Anaeromassilibacillus senegalensis"
"Bacteria","Bacteria_none","Firmicutes","Bacilli","Bacillales","Bacillaceae","Bacillus","Bacillus velezensis"
"Bacteria","Bacteria_none","Firmicutes","Clostridia","Eubacteriales","Lachnospiraceae","Sellimonas","Sellimonas monacensis"
"Bacteria","Bacteria_none","Actinobacteria","Actinomycetia","Bifidobacteriales","Bifidobacteriaceae","Bifidobacterium","Bifidobacterium pseudolongum"
"Bacteria","Bacteria_none","Bacteroidota","Bacteroidia","Marinilabiliales","Marinilabiliaceae","Geofilum","Geofilum rhodophaeum"
"Bacteria","Bacteria_none","Firmicutes","Bacilli","Lactobacillales","Lactobacillaceae","Levilactobacillus","Levilactobacillus fuyuanensis"
"Bacteria","Bacteria_none","Actinobacteria","Actinomycetia","Corynebacteriales","Dietziaceae","Dietzia","Dietzia cinnamea"
"Bacteria","Bacteria_none","Bacteroidota","Sphingobacteriia","Sphingobacteriales","Sphingobacteriaceae","Sphingobacterium","Sphingobacterium lactis"
"Bacteria","Bacteria_none","Actinobacteria","Actinomycetia","Corynebacteriales","Nocardiaceae","Rhodococcus","Rhodococcus phenolicus"
"Bacteria","Bacteria_none","Actinobacteria","Actinomycetia","Corynebacteriales","Mycobacteriaceae","Mycolicibacillus","Mycolicibacillus trivialis"
"Bacteria","Bacteria_none","Proteobacteria","Alphaproteobacteria","Rhodobacterales","Rhodobacteraceae","Oceanicella","Oceanicella actignis"
"Bacteria","Bacteria_none","Actinobacteria","Actinomycetia","Micrococcales","Microbacteriaceae","Leucobacter","Leucobacter weissii"
"Bacteria","Bacteria_none","Firmicutes","Bacilli","Bacillales","Planococcaceae","Savagea","Savagea serpentis"
"Bacteria","Bacteria_none","Actinobacteria","Actinomycetia","Jiangellales","Jiangellaceae","Jiangella","Jiangella aurantiaca"
"Bacteria","Bacteria_none","Actinobacteria","Actinomycetia","Micrococcales","Micrococcaceae","Arthrobacter","Arthrobacter crystallopoietes"
"Bacteria","Bacteria_none","Firmicutes","Bacilli","Bacillales","Bacillaceae","Virgibacillus","Virgibacillus soli"
"Bacteria","Bacteria_none","Proteobacteria","Betaproteobacteria","Burkholderiales","Alcaligenaceae","Paenalcaligenes","Paenalcaligenes suwonensis"
"Bacteria","Bacteria_none","Firmicutes","Bacilli","Lactobacillales","Enterococcaceae","Enterococcus","Enterococcus alishanensis"
"Bacteria","Bacteria_none","Actinobacteria","Actinomycetia","Micrococcales","Dermabacteraceae","Brachybacterium","Brachybacterium horti"
"Bacteria","Bacteria_none","Firmicutes","Bacilli","Bacillales","Bacillaceae","Virgibacillus","Virgibacillus sediminis"
"Bacteria","Bacteria_none","Firmicutes","Bacilli","Lactobacillales","Lactobacillaceae","Lactiplantibacillus","Lactiplantibacillus modestisalitolerans"
"Bacteria","Bacteria_none","Actinobacteria","Actinomycetia","Corynebacteriales","Dietziaceae","Dietzia","Dietzia massiliensis"
"Bacteria","Bacteria_none","Actinobacteria","Actinomycetia","Micrococcales","Dermabacteraceae","Brachybacterium","Brachybacterium ginsengisoli"
"Bacteria","Bacteria_none","Proteobacteria","Betaproteobacteria","Burkholderiales","Alcaligenaceae","Alcaligenes","Alcaligenes faecalis"
"Bacteria","Bacteria_none","Firmicutes","Bacilli","Bacillales","Planococcaceae","Kurthia","Kurthia populi"
"Bacteria","Bacteria_none","Firmicutes","Bacilli","Bacillales","Bacillaceae","Fredinandcohnia","Fredinandcohnia humi"
"Bacteria","Bacteria_none","Firmicutes","Bacilli","Bacillales","Staphylococcaceae","Jeotgalicoccus","Jeotgalicoccus psychrophilus"
"Bacteria","Bacteria_none","Proteobacteria","Alphaproteobacteria","Hyphomicrobiales","Methylocystaceae","Methylocystis","Methylocystis echinoides"
"Bacteria","Bacteria_none","Planctomycetota","Planctomycetia","Isosphaerales","Isosphaeraceae","Paludisphaera","Paludisphaera borealis"
"Bacteria","Bacteria_none","Firmicutes","Clostridia","Eubacteriales","Eubacteriales_Incertae_sedis","Evtepia","Evtepia gabavorous"
"Bacteria","Bacteria_none","Firmicutes","Bacilli","Bacillales","Bacillaceae","Pueribacillus","Pueribacillus theae"
"Bacteria","Bacteria_none","Firmicutes","Bacilli","Lactobacillales","Aerococcaceae","Fundicoccus","Fundicoccus fermenti"
"Bacteria","Bacteria_none","Firmicutes","Erysipelotrichia","Erysipelotrichales","Erysipelotrichaceae","Merdibacter","Merdibacter massiliensis"
"Bacteria","Bacteria_none","Firmicutes","Bacilli","Lactobacillales","Lactobacillaceae","Companilactobacillus","Companilactobacillus musae"
"Bacteria","Bacteria_none","Firmicutes","Bacilli","Bacillales","Bacillaceae","Oceanobacillus","Oceanobacillus oncorhynchi"
"Bacteria","Bacteria_none","Firmicutes","Clostridia","Eubacteriales","Eubacteriales_Incertae_sedis","Intestinimonas","Intestinimonas timonensis"
"Bacteria","Bacteria_none","Actinobacteria","Actinomycetia","Micrococcales","Dermabacteraceae","Brachybacterium","Brachybacterium aquaticum"
"Bacteria","Bacteria_none","Actinobacteria","Actinomycetia","Streptomycetales","Streptomycetaceae","Streptomyces","Streptomyces mimosae"
"Bacteria","Bacteria_none","Actinobacteria","Actinomycetia","Propionibacteriales","Nocardioidaceae","Aeromicrobium","Aeromicrobium phragmitis"
"Bacteria","Bacteria_none","Bacteroidota","Bacteroidia","Bacteroidales","Bacteroidaceae","Bacteroides","Bacteroides coprosuis"
"Bacteria","Bacteria_none","Actinobacteria","Actinomycetia","Streptosporangiales","Thermomonosporaceae","Actinomadura","Actinomadura violacea"
"Bacteria","Bacteria_none","Actinobacteria","Actinomycetia","Micrococcales","Micrococcaceae","Arthrobacter","Arthrobacter celericrescens"
"Bacteria","Bacteria_none","Firmicutes","Bacilli","Lactobacillales","Enterococcaceae","Enterococcus","Enterococcus mediterraneensis"
"Bacteria","Bacteria_none","Firmicutes","Clostridia","Eubacteriales","Clostridiaceae","Clostridium","Clostridium magnum"
"Bacteria","Bacteria_none","Proteobacteria","Gammaproteobacteria","Oceanospirillales","Halomonadaceae","Halomonas","Halomonas tibetensis"
"Bacteria","Bacteria_none","Actinobacteria","Thermoleophilia","Miltoncostaeales","Miltoncostaeaceae","Miltoncostaea","Miltoncostaea oceani"
"Bacteria","Bacteria_none","Actinobacteria","Actinomycetia","Corynebacteriales","Nocardiaceae","Nocardia","Nocardia nova"
"Bacteria","Bacteria_none","Actinobacteria","Actinomycetia","Streptosporangiales","Thermomonosporaceae","Actinomadura","Actinomadura geliboluensis"
"Bacteria","Bacteria_none","Firmicutes","Bacilli","Bacillales","Bacillaceae","Halalkalibacterium (ex Joshi et al. 2022)","Halalkalibacterium halodurans"
"Bacteria","Bacteria_none","Firmicutes","Bacilli","Bacillales","Bacillaceae","Oceanobacillus","Oceanobacillus halophilus"
"Bacteria","Bacteria_none","Firmicutes","Bacilli","Bacillales","Staphylococcaceae","Staphylococcus","Staphylococcus devriesei"
"Bacteria","Bacteria_none","Firmicutes","Bacilli","Lactobacillales","Enterococcaceae","Enterococcus","Enterococcus ratti"
"Bacteria","Bacteria_none","Firmicutes","Bacilli","Lactobacillales","Streptococcaceae","Streptococcus","Streptococcus macedonicus"
"Bacteria","Bacteria_none","Firmicutes","Tissierellia","Tissierellales","Peptoniphilaceae","Anaerococcus","Anaerococcus provencensis"
"Bacteria","Bacteria_none","Actinobacteria","Actinomycetia","Pseudonocardiales","Pseudonocardiaceae","Saccharomonospora","Saccharomonospora glauca"
"Bacteria","Bacteria_none","Firmicutes","Bacilli","Bacillales","Bacillaceae","Neobacillus","Neobacillus cucumis"
"Bacteria","Bacteria_none","Firmicutes","Bacilli","Bacillales","Bacillaceae","Neobacillus","Neobacillus endophyticus"
"Bacteria","Bacteria_none","Actinobacteria","Actinomycetia","Micrococcales","Microbacteriaceae","Leucobacter","Leucobacter soli"
"Bacteria","Bacteria_none","Firmicutes","Bacilli","Bacillales","Bacillaceae","Neobacillus","Neobacillus niacini"
"Bacteria","Bacteria_none","Bacteroidota","Sphingobacteriia","Sphingobacteriales","Sphingobacteriaceae","Parapedobacter","Parapedobacter soli"
"Bacteria","Bacteria_none","Firmicutes","Bacilli","Bacillales","Planococcaceae","Sporosarcina","Sporosarcina jiandibaonis"
"Bacteria","Bacteria_none","Firmicutes","Clostridia","Eubacteriales","Oscillospiraceae","Pusillibacter","Pusillibacter faecalis"
"Bacteria","Bacteria_none","Firmicutes","Bacilli","Bacillales","Bacillaceae","Priestia","Priestia flexa"
"Bacteria","Bacteria_none","Verrucomicrobia","Verrucomicrobiae","Verrucomicrobiales","Akkermansiaceae","Akkermansia","Akkermansia muciniphila"
"Bacteria","Bacteria_none","Firmicutes","Bacilli","Bacillales","Bacillaceae","Bacillus","Bacillus rhizoplanae"
"Bacteria","Bacteria_none","Actinobacteria","Actinomycetia","Streptosporangiales","Nocardiopsaceae","Nocardiopsis","Nocardiopsis exhalans"
"Bacteria","Bacteria_none","Proteobacteria","Betaproteobacteria","Burkholderiales","Alcaligenaceae","Castellaniella","Castellaniella fermenti"
"Bacteria","Bacteria_none","Firmicutes","Clostridia","Eubacteriales","Lachnospiraceae","Roseburia","Roseburia lenta"
"Bacteria","Bacteria_none","Proteobacteria","Betaproteobacteria","Burkholderiales","Alcaligenaceae","Oligella","Oligella ureolytica"
"Bacteria","Bacteria_none","Bacteroidota","Bacteroidia","Bacteroidales","Rikenellaceae","Alistipes","Alistipes timonensis"
"Bacteria","Bacteria_none","Firmicutes","Clostridia","Eubacteriales","Peptostreptococcaceae","Romboutsia","Romboutsia sedimentorum"
"Bacteria","Bacteria_none","Firmicutes","Bacilli","Lactobacillales","Lactobacillaceae","Companilactobacillus","Companilactobacillus kedongensis"
"Bacteria","Bacteria_none","Actinobacteria","Actinomycetia","Micrococcales","Micrococcaceae","Pseudarthrobacter","Pseudarthrobacter chlorophenolicus"
"Bacteria","Bacteria_none","Firmicutes","Clostridia","Eubacteriales","Clostridiaceae","Clostridium","Clostridium novyi"
"Bacteria","Bacteria_none","Actinobacteria","Actinomycetia","Pseudonocardiales","Pseudonocardiaceae","Prauserella","Prauserella soli"
"Bacteria","Bacteria_none","Actinobacteria","Actinomycetia","Actinomycetales","Actinomycetaceae","Actinomyces","Actinomyces urinae"
"Bacteria","Bacteria_none","Firmicutes","Bacilli","Bacillales","Bacillaceae","Bacillus","Bacillus subtilis"
"Bacteria","Bacteria_none","Actinobacteria","Actinomycetia","Micrococcales","Ruaniaceae","Ruania","Ruania alkalisoli"
"Bacteria","Bacteria_none","Firmicutes","Clostridia","Eubacteriales","Clostridiaceae","Butyricicoccus","Butyricicoccus porcorum"
"Bacteria","Bacteria_none","Firmicutes","Bacilli","Lactobacillales","Streptococcaceae","Streptococcus","Streptococcus vicugnae"
"Bacteria","Bacteria_none","Firmicutes","Clostridia","Eubacteriales","Lachnospiraceae","Lacrimispora","Lacrimispora amygdalina"
"Bacteria","Bacteria_none","Actinobacteria","Actinomycetia","Micrococcales","Brevibacteriaceae","Brevibacterium","Brevibacterium pityocampae"
"Bacteria","Bacteria_none","Firmicutes","Bacilli","Bacillales","Bacillaceae","Neobacillus","Neobacillus bataviensis"
"Bacteria","Bacteria_none","Firmicutes","Bacilli","Lactobacillales","Enterococcaceae","Enterococcus","Enterococcus dispar"
"Bacteria","Bacteria_none","Actinobacteria","Actinomycetia","Micrococcales","Bogoriellaceae","Georgenia","Georgenia daeguensis"
"Bacteria","Bacteria_none","Actinobacteria","Actinomycetia","Corynebacteriales","Corynebacteriaceae","Corynebacterium","Corynebacterium jeikeium"
"Bacteria","Bacteria_none","Firmicutes","Clostridia","Eubacteriales","Peptostreptococcaceae","Intestinibacter","Intestinibacter bartlettii"
"Bacteria","Bacteria_none","Actinobacteria","Actinomycetia","Corynebacteriales","Mycobacteriaceae","Mycolicibacterium","Mycolicibacterium sphagni"
"Bacteria","Bacteria_none","Firmicutes","Bacilli","Bacillales","Bacillaceae","Schinkia","Schinkia azotoformans"
"Bacteria","Bacteria_none","Proteobacteria","Alphaproteobacteria","Sphingomonadales","Erythrobacteraceae","Croceibacterium","Croceibacterium xixiisoli"
"Bacteria","Bacteria_none","Actinobacteria","Actinomycetia","Micrococcales","Micrococcaceae","Arthrobacter","Arthrobacter pascens"
"Bacteria","Bacteria_none","Bacteroidota","Bacteroidia","Bacteroidales","Odoribacteraceae","Butyricimonas","Butyricimonas faecihominis"
"Bacteria","Bacteria_none","Firmicutes","Bacilli","Bacillales","Bacillaceae","Priestia","Priestia megaterium"
"Bacteria","Bacteria_none","Actinobacteria","Actinomycetia","Streptosporangiales","Streptosporangiaceae","Nonomuraea","Nonomuraea harbinensis"
"Bacteria","Bacteria_none","Firmicutes","Clostridia","Eubacteriales","Lachnospiraceae","Blautia","Blautia hansenii"
"Bacteria","Bacteria_none","Actinobacteria","Actinomycetia","Streptomycetales","Streptomycetaceae","Streptomyces","Streptomyces sedi"
"Bacteria","Bacteria_none","Firmicutes","Clostridia","Eubacteriales","Lachnospiraceae","Blautia","Blautia coccoides"
"Bacteria","Bacteria_none","Actinobacteria","Actinomycetia","Micrococcales","Ornithinimicrobiaceae","Ornithinimicrobium","Ornithinimicrobium cavernae"
"Bacteria","Bacteria_none","Firmicutes","Clostridia","Eubacteriales","Eubacteriaceae","Alkalibaculum","Alkalibaculum bacchi"
"Bacteria","Bacteria_none","Firmicutes","Clostridia","Eubacteriales","Lachnospiraceae","Anaerostipes","Anaerostipes hadrus"
"Bacteria","Bacteria_none","Actinobacteria","Actinomycetia","Corynebacteriales","Corynebacteriaceae","Corynebacterium","Corynebacterium parakroppenstedtii"
"Bacteria","Bacteria_none","Firmicutes","Clostridia","Eubacteriales","Eubacteriaceae","Eubacterium","Eubacterium coprostanoligenes"
"Bacteria","Bacteria_none","Actinobacteria","Actinomycetia","Streptosporangiales","Thermomonosporaceae","Actinomadura","Actinomadura hallensis"
"Bacteria","Bacteria_none","Firmicutes","Clostridia","Eubacteriales","Eubacteriales_Incertae_sedis","Flintibacter","Flintibacter butyricus"
"Bacteria","Bacteria_none","Firmicutes","Bacilli","Bacillales","Bacillaceae","Oceanobacillus","Oceanobacillus iheyensis"
"Bacteria","Bacteria_none","Actinobacteria","Actinomycetia","Micrococcales","Micrococcaceae","Arthrobacter","Arthrobacter silvisoli"
"Bacteria","Bacteria_none","Firmicutes","Bacilli","Lactobacillales","Lactobacillaceae","Lactobacillus","Lactobacillus kitasatonis"
"Bacteria","Bacteria_none","Firmicutes","Bacilli","Bacillales","Bacillaceae","Alkalihalobacillus","Alkalihalobacillus hemicellulosilyticus"
"Bacteria","Bacteria_none","Actinobacteria","Actinomycetia","Streptosporangiales","Nocardiopsaceae","Nocardiopsis","Nocardiopsis ganjiahuensis"
"Bacteria","Bacteria_none","Firmicutes","Bacilli","Lactobacillales","Carnobacteriaceae","Carnobacterium","Carnobacterium mobile"
"Bacteria","Bacteria_none","Firmicutes","Bacilli","Bacillales","Staphylococcaceae","Staphylococcus","Staphylococcus chromogenes"
"Bacteria","Bacteria_none","Firmicutes","Bacilli","Bacillales","Bacillaceae","Ornithinibacillus","Ornithinibacillus bavariensis"
"Bacteria","Bacteria_none","Firmicutes","Bacilli","Lactobacillales","Lactobacillaceae","Levilactobacillus","Levilactobacillus enshiensis"
"Bacteria","Bacteria_none","Actinobacteria","Actinomycetia","Corynebacteriales","Corynebacteriaceae","Corynebacterium","Corynebacterium argentoratense"
"Bacteria","Bacteria_none","Actinobacteria","Actinomycetia","Streptosporangiales","Nocardiopsaceae","Nocardiopsis","Nocardiopsis composta"
"Bacteria","Bacteria_none","Firmicutes","Bacilli","Lactobacillales","Lactobacillaceae","Levilactobacillus","Levilactobacillus tangyuanensis"
"Bacteria","Bacteria_none","Actinobacteria","Actinomycetia","Micrococcales","Brevibacteriaceae","Brevibacterium","Brevibacterium aurantiacum"
"Bacteria","Bacteria_none","Actinobacteria","Actinomycetia","Micrococcales","Brevibacteriaceae","Brevibacterium","Brevibacterium daeguense"
"Bacteria","Bacteria_none","Actinobacteria","Actinomycetia","Corynebacteriales","Mycobacteriaceae","Mycolicibacillus","Mycolicibacillus parakoreensis"
"Bacteria","Bacteria_none","Proteobacteria","Betaproteobacteria","Burkholderiales","Sutterellaceae","Parasutterella","Parasutterella excrementihominis"
"Bacteria","Bacteria_none","Actinobacteria","Thermoleophilia","Solirubrobacterales","Patulibacteraceae","Patulibacter","Patulibacter ginsengiterrae"
"Bacteria","Bacteria_none","Firmicutes","Clostridia","Eubacteriales","Lachnospiraceae","Eisenbergiella","Eisenbergiella massiliensis"
"Bacteria","Bacteria_none","Actinobacteria","Actinomycetia","Micrococcales","Micrococcales_Incertae_sedis","Pengzhenrongella","Pengzhenrongella sicca"
"Bacteria","Bacteria_none","Actinobacteria","Actinomycetia","Propionibacteriales","Nocardioidaceae","Aeromicrobium","Aeromicrobium phoceense"
"Bacteria","Bacteria_none","Actinobacteria","Actinomycetia","Propionibacteriales","Nocardioidaceae","Aeromicrobium","Aeromicrobium lacus"
"Bacteria","Bacteria_none","Firmicutes","Clostridia","Eubacteriales","Oscillospiraceae","Hydrogeniiclostridium","Hydrogeniiclostridium mannosilyticum"
"Bacteria","Bacteria_none","Firmicutes","Bacilli","Bacillales","Planococcaceae","Sporosarcina","Sporosarcina newyorkensis"
"Bacteria","Bacteria_none","Firmicutes","Bacilli","Bacillales","Bacillaceae","Bacillus","Bacillus massiliigabonensis"
"Bacteria","Bacteria_none","Firmicutes","Clostridia","Eubacteriales","Lachnospiraceae","Eisenbergiella","Eisenbergiella porci"
"Bacteria","Bacteria_none","Bacteroidota","Bacteroidia","Bacteroidales","Barnesiellaceae","Coprobacter","Coprobacter fastidiosus"
"Bacteria","Bacteria_none","Firmicutes","Clostridia","Eubacteriales","Oscillospiraceae","Fumia","Fumia xinanensis"
"Bacteria","Bacteria_none","Proteobacteria","Gammaproteobacteria","Pseudomonadales","Pseudomonadaceae","Pseudomonas","Pseudomonas saudimassiliensis"
"Bacteria","Bacteria_none","Proteobacteria","Betaproteobacteria","Burkholderiales","Alcaligenaceae","Castellaniella","Castellaniella ginsengisoli"
"Bacteria","Bacteria_none","Firmicutes","Bacilli","Bacillales","Bacillaceae","Bacillus","Bacillus timonensis"
"Bacteria","Bacteria_none","Bacteroidota","Bacteroidia","Bacteroidales","Rikenellaceae","Alistipes","Alistipes inops"
"Bacteria","Bacteria_none","Firmicutes","Clostridia","Eubacteriales","Lachnospiraceae","Zhenhengia","Zhenhengia yiwuensis"
"Bacteria","Bacteria_none","Actinobacteria","Actinomycetia","Propionibacteriales","Propionibacteriaceae","Naumannella","Naumannella halotolerans"
"Bacteria","Bacteria_none","Firmicutes","Bacilli","Bacillales","Bacillaceae","Virgibacillus","Virgibacillus halotolerans"
"Bacteria","Bacteria_none","Bacteroidota","Bacteroidia","Bacteroidales","Barnesiellaceae","Barnesiella","Barnesiella viscericola"
"Bacteria","Bacteria_none","Firmicutes","Clostridia","Eubacteriales","Peptostreptococcaceae","Clostridioides","Clostridioides mangenotii"
"Bacteria","Bacteria_none","Proteobacteria","Gammaproteobacteria","Cellvibrionales","Cellvibrionaceae","Marinimicrobium","Marinimicrobium agarilyticum"
"Bacteria","Bacteria_none","Firmicutes","Bacilli","Bacillales","Bacillaceae","Neobacillus","Neobacillus drentensis"
"Bacteria","Bacteria_none","Firmicutes","Clostridia","Eubacteriales","Clostridiaceae","Clostridium","Clostridium paraputrificum"
"Bacteria","Bacteria_none","Firmicutes","Tissierellia","Tissierellales","Gottschalkiaceae","Gottschalkia","Gottschalkia acidurici"
"Bacteria","Bacteria_none","Proteobacteria","Gammaproteobacteria","Oceanospirillales","Halomonadaceae","Halomonas","Halomonas cerina"
"Bacteria","Bacteria_none","Firmicutes","Bacilli","Bacillales","Bacillaceae","Virgibacillus","Virgibacillus halodenitrificans"
"Bacteria","Bacteria_none","Firmicutes","Bacilli","Bacillales","Bacillaceae","Sinibacillus","Sinibacillus soli"
"Bacteria","Bacteria_none","Firmicutes","Bacilli","Bacillales","Paenibacillaceae","Paenibacillus","Paenibacillus chartarius"
"Bacteria","Bacteria_none","Firmicutes","Bacilli","Bacillales","Paenibacillaceae","Paenibacillus","Paenibacillus piscarius"
"Bacteria","Bacteria_none","Firmicutes","Bacilli","Bacillales","Paenibacillaceae","Paenibacillus","Paenibacillus quercus"
"Bacteria","Bacteria_none","Firmicutes","Bacilli","Bacillales","Bacillaceae","Priestia","Priestia aryabhattai"
"Bacteria","Bacteria_none","Proteobacteria","Betaproteobacteria","Burkholderiales","Alcaligenaceae","Eoetvoesia","Eoetvoesia caeni"
"Bacteria","Bacteria_none","Actinobacteria","Actinomycetia","Corynebacteriales","Mycobacteriaceae","Mycolicibacter","Mycolicibacter terrae"
"Bacteria","Bacteria_none","Firmicutes","Bacilli","Bacillales","Bacillaceae","Virgibacillus","Virgibacillus flavescens"
"Bacteria","Bacteria_none","Actinobacteria","Actinomycetia","Micrococcales","Microbacteriaceae","Leucobacter","Leucobacter chromiireducens"
"Bacteria","Bacteria_none","Actinobacteria","Coriobacteriia","Eggerthellales","Eggerthellaceae","Rubneribacter","Rubneribacter badeniensis"
"Bacteria","Bacteria_none","Actinobacteria","Actinomycetia","Streptosporangiales","Nocardiopsaceae","Nocardiopsis","Nocardiopsis valliformis"
"Bacteria","Bacteria_none","Proteobacteria","Gammaproteobacteria","Chromatiales","Thioalkalibacteraceae","Guyparkeria","Guyparkeria hydrothermalis"
"Bacteria","Bacteria_none","Firmicutes","Bacilli","Lactobacillales","Carnobacteriaceae","Trichococcus","Trichococcus collinsii"
"Bacteria","Bacteria_none","Firmicutes","Bacilli","Bacillales","Staphylococcaceae","Salinicoccus","Salinicoccus salsiraiae"
"Bacteria","Bacteria_none","Proteobacteria","Alphaproteobacteria","Hyphomicrobiales","Phyllobacteriaceae","Aquamicrobium","Aquamicrobium aestuarii"
"Bacteria","Bacteria_none","Proteobacteria","Gammaproteobacteria","Chromatiales","Wenzhouxiangellaceae","Wenzhouxiangella","Wenzhouxiangella sediminis"
"Bacteria","Bacteria_none","Firmicutes","Bacilli","Bacillales","Planococcaceae","Sporosarcina","Sporosarcina ureae"
"Bacteria","Bacteria_none","Actinobacteria","Actinomycetia","Micrococcales","Sanguibacteraceae","Sanguibacter","Sanguibacter keddieii"
"Bacteria","Bacteria_none","Firmicutes","Clostridia","Eubacteriales","Clostridiaceae","Alkaliphilus","Alkaliphilus oremlandii"
"Bacteria","Bacteria_none","Firmicutes","Bacilli","Bacillales","Paenibacillaceae","Paenibacillus","Paenibacillus camelliae"
"Bacteria","Bacteria_none","Actinobacteria","Actinomycetia","Propionibacteriales","Propionibacteriaceae","Tessaracoccus","Tessaracoccus rhinocerotis"
"Bacteria","Bacteria_none","Firmicutes","Clostridia","Eubacteriales","Lachnospiraceae","Blautia","Blautia liquoris"
"Bacteria","Bacteria_none","Firmicutes","Clostridia","Eubacteriales","Clostridiaceae","Clostridium","Clostridium tagluense"
"Bacteria","Bacteria_none","Firmicutes","Clostridia","Eubacteriales","Lachnospiraceae","Blautia","Blautia pseudococcoides"
"Bacteria","Bacteria_none","Proteobacteria","Gammaproteobacteria","Pseudomonadales","Pseudomonadaceae","Denitrificimonas","Denitrificimonas caeni"
"Bacteria","Bacteria_none","Firmicutes","Bacilli","Lactobacillales","Streptococcaceae","Streptococcus","Streptococcus infantarius"
"Bacteria","Bacteria_none","Firmicutes","Bacilli","Bacillales","Bacillaceae","Mesobacillus","Mesobacillus maritimus"
"Bacteria","Bacteria_none","Firmicutes","Bacilli","Lactobacillales","Streptococcaceae","Lactococcus","Lactococcus garvieae"
"Bacteria","Bacteria_none","Firmicutes","Bacilli","Bacillales","Bacillaceae","Bacillus","Bacillus mesophilum"
"Bacteria","Bacteria_none","Firmicutes","Bacilli","Bacillales","Bacillaceae","Neobacillus","Neobacillus novalis"
"Bacteria","Bacteria_none","Actinobacteria","Actinomycetia","Corynebacteriales","Corynebacteriaceae","Corynebacterium","Corynebacterium rouxii"
"Bacteria","Bacteria_none","Actinobacteria","Actinomycetia","Micrococcales","Micrococcaceae","Glutamicibacter","Glutamicibacter bergerei"
"Bacteria","Bacteria_none","Firmicutes","Bacilli","Bacillales","Bacillaceae","Oceanobacillus","Oceanobacillus caeni"
"Bacteria","Bacteria_none","Firmicutes","Bacilli","Bacillales","Bacillaceae","Caldalkalibacillus","Caldalkalibacillus mannanilyticus"
"Bacteria","Bacteria_none","Firmicutes","Bacilli","Lactobacillales","Lactobacillaceae","Levilactobacillus","Levilactobacillus tongjiangensis"
"Bacteria","Bacteria_none","Actinobacteria","Actinomycetia","Micrococcales","Cellulomonadaceae","Paraoerskovia","Paraoerskovia marina"
"Bacteria","Bacteria_none","Firmicutes","Bacilli","Bacillales","Alicyclobacillaceae","Tumebacillus","Tumebacillus soli"
"Bacteria","Bacteria_none","Actinobacteria","Actinomycetia","Streptomycetales","Streptomycetaceae","Streptomyces","Streptomyces malaysiensis"
"Bacteria","Bacteria_none","Firmicutes","Bacilli","Bacillales","Bacillaceae","Bacillus","Bacillus renqingensis"
"Bacteria","Bacteria_none","Firmicutes","Clostridia","Eubacteriales","Lachnospiraceae","Murimonas","Murimonas intestini"
"Bacteria","Bacteria_none","Firmicutes","Bacilli","Bacillales","Bacillaceae","Oceanobacillus","Oceanobacillus longus"
"Bacteria","Bacteria_none","Firmicutes","Bacilli","Lactobacillales","Lactobacillaceae","Agrilactobacillus","Agrilactobacillus yilanensis"
"Bacteria","Bacteria_none","Firmicutes","Bacilli","Bacillales","Bacillaceae","Paraliobacillus","Paraliobacillus quinghaiensis"
"Bacteria","Bacteria_none","Firmicutes","Bacilli","Bacillales","Bacillaceae","Amphibacillus","Amphibacillus jilinensis"
"Bacteria","Bacteria_none","Firmicutes","Bacilli","Lactobacillales","Lactobacillaceae","Companilactobacillus","Companilactobacillus crustorum"
"Bacteria","Bacteria_none","Firmicutes","Clostridia","Eubacteriales","Oscillospiraceae","Faecalibacterium","Faecalibacterium longum"
"Bacteria","Bacteria_none","Firmicutes","Bacilli","Bacillales","Bacillaceae","Oceanobacillus","Oceanobacillus rekensis"
"Bacteria","Bacteria_none","Actinobacteria","Actinomycetia","Micrococcales","Micrococcaceae","Zhihengliuella","Zhihengliuella flava"
"Bacteria","Bacteria_none","Firmicutes","Bacilli","Bacillales","Staphylococcaceae","Corticicoccus","Corticicoccus populi"
"Bacteria","Bacteria_none","Firmicutes","Clostridia","Eubacteriales","Lachnospiraceae","Cuneatibacter","Cuneatibacter caecimuris"
"Bacteria","Bacteria_none","Firmicutes","Clostridia","Eubacteriales","Lachnospiraceae","Frisingicoccus","Frisingicoccus caecimuris"
"Bacteria","Bacteria_none","Firmicutes","Bacilli","Bacillales","Planococcaceae","Sporosarcina","Sporosarcina contaminans"
"Bacteria","Bacteria_none","Firmicutes","Clostridia","Eubacteriales","Lachnospiraceae","Variimorphobacter","Variimorphobacter saccharofermentans"
"Bacteria","Bacteria_none","Proteobacteria","Betaproteobacteria","Burkholderiales","Alcaligenaceae","Paenalcaligenes","Paenalcaligenes hermetiae"
"Bacteria","Bacteria_none","Proteobacteria","Betaproteobacteria","Burkholderiales","Alcaligenaceae","Bordetella","Bordetella petrii"
"Bacteria","Bacteria_none","Firmicutes","Clostridia","Eubacteriales","Lachnospiraceae","Enterocloster","Enterocloster bolteae"
"Bacteria","Bacteria_none","Firmicutes","Clostridia","Eubacteriales","Lachnospiraceae","Enterocloster","Enterocloster clostridioformis"
"Bacteria","Bacteria_none","Proteobacteria","Alphaproteobacteria","Sphingomonadales","Erythrobacteraceae","Croceibacterium","Croceibacterium atlanticum"
"Bacteria","Bacteria_none","Firmicutes","Clostridia","Eubacteriales","Lachnospiraceae","Mediterraneibacter","Mediterraneibacter massiliensis"
"Bacteria","Bacteria_none","Firmicutes","Clostridia","Eubacteriales","Lachnospiraceae","Anaerobutyricum","Anaerobutyricum hallii"
"Bacteria","Bacteria_none","Actinobacteria","Actinomycetia","Streptosporangiales","Nocardiopsaceae","Nocardiopsis","Nocardiopsis metallicus"
"Bacteria","Bacteria_none","Firmicutes","Clostridia","Eubacteriales","Oscillospiraceae","Vescimonas","Vescimonas fastidiosa"
"Bacteria","Bacteria_none","Actinobacteria","Actinomycetia","Micrococcales","Brevibacteriaceae","Brevibacterium","Brevibacterium iodinum"
"Bacteria","Bacteria_none","Actinobacteria","Actinomycetia","Streptosporangiales","Nocardiopsaceae","Nocardiopsis","Nocardiopsis prasina"
"Bacteria","Bacteria_none","Actinobacteria","Actinomycetia","Streptosporangiales","Nocardiopsaceae","Nocardiopsis","Nocardiopsis sediminis"
"Bacteria","Bacteria_none","Actinobacteria","Actinomycetia","Micrococcales","Microbacteriaceae","Pseudoclavibacter","Pseudoclavibacter endophyticus"
"Bacteria","Bacteria_none","Firmicutes","Tissierellia","Tissierellales","Tissierellaceae","Tissierella","Tissierella carlieri"
"Bacteria","Bacteria_none","Firmicutes","Bacilli","Lactobacillales","Lactobacillaceae","Lactobacillus","Lactobacillus ultunensis"
"Bacteria","Bacteria_none","Actinobacteria","Actinomycetia","Streptosporangiales","Thermomonosporaceae","Actinoallomurus","Actinoallomurus iriomotensis"
"Bacteria","Bacteria_none","Firmicutes","Bacilli","Lactobacillales","Lactobacillaceae","Lapidilactobacillus","Lapidilactobacillus gannanensis"
"Bacteria","Bacteria_none","Firmicutes","Bacilli","Lactobacillales","Lactobacillaceae","Levilactobacillus","Levilactobacillus brevis"
"Bacteria","Bacteria_none","Firmicutes","Tissierellia","Tissierellales","Peptoniphilaceae","Helcococcus","Helcococcus seattlensis"
"Bacteria","Bacteria_none","Firmicutes","Bacilli","Lactobacillales","Lactobacillaceae","Limosilactobacillus","Limosilactobacillus frumenti"
"Bacteria","Bacteria_none","Actinobacteria","Actinomycetia","Corynebacteriales","Corynebacteriaceae","Corynebacterium","Corynebacterium endometrii"
"Bacteria","Bacteria_none","Actinobacteria","Actinomycetia","Micrococcales","Micrococcaceae","Kocuria","Kocuria uropygialis"
"Bacteria","Bacteria_none","Actinobacteria","Actinomycetia","Corynebacteriales","Corynebacteriaceae","Corynebacterium","Corynebacterium falsenii"
"Bacteria","Bacteria_none","Firmicutes","Bacilli","Lactobacillales","Enterococcaceae","Enterococcus","Enterococcus italicus"
"Bacteria","Bacteria_none","Firmicutes","Clostridia","Eubacteriales","Clostridiaceae","Clostridium","Clostridium cochlearium"
"Bacteria","Bacteria_none","Actinobacteria","Actinomycetia","Micrococcales","Micrococcaceae","Nesterenkonia","Nesterenkonia jeotgali"
"Bacteria","Bacteria_none","Firmicutes","Clostridia","Eubacteriales","Peptostreptococcaceae","Terrisporobacter","Terrisporobacter mayombei"
"Bacteria","Bacteria_none","Actinobacteria","Actinomycetia","Corynebacteriales","Mycobacteriaceae","Mycolicibacterium","Mycolicibacterium mageritense"
"Bacteria","Bacteria_none","Proteobacteria","Alphaproteobacteria","Rhodobacterales","Rhodobacteraceae","Paracoccus","Paracoccus koreensis"
"Bacteria","Bacteria_none","Actinobacteria","Actinomycetia","Micrococcales","Micrococcaceae","Citricoccus","Citricoccus nitrophenolicus"
"Bacteria","Bacteria_none","Actinobacteria","Acidimicrobiia","Acidimicrobiales","Iamiaceae","Actinomarinicola","Actinomarinicola tropica"
"Bacteria","Bacteria_none","Firmicutes","Bacilli","Bacillales","Bacillaceae","Ornithinibacillus","Ornithinibacillus contaminans"
"Bacteria","Bacteria_none","Actinobacteria","Actinomycetia","Glycomycetales","Glycomycetaceae","Glycomyces","Glycomyces tarimensis"
"Bacteria","Bacteria_none","Firmicutes","Bacilli","Bacillales","Bacillaceae","Bacillus","Bacillus cereus"
"Bacteria","Bacteria_none","Proteobacteria","Gammaproteobacteria","Alteromonadales","Idiomarinaceae","Pseudidiomarina","Pseudidiomarina indica"
"Bacteria","Bacteria_none","Firmicutes","Bacilli","Bacillales","Bacillaceae","Bacillus","Bacillus marasmi"
"Bacteria","Bacteria_none","Bacteroidota","Bacteroidia","Bacteroidales","Rikenellaceae","Alistipes","Alistipes onderdonkii"
"Bacteria","Bacteria_none","Bacteroidota","Bacteroidia","Bacteroidales","Rikenellaceae","Alistipes","Alistipes shahii"
"Bacteria","Bacteria_none","Proteobacteria","Gammaproteobacteria","Pseudomonadales","Pseudomonadaceae","Thiopseudomonas","Thiopseudomonas alkaliphila"
"Bacteria","Bacteria_none","Firmicutes","Bacilli","Bacillales","Bacillaceae","Bacillus","Bacillus aquiflavi"
"Bacteria","Bacteria_none","Proteobacteria","Gammaproteobacteria","Enterobacterales","Morganellaceae","Proteus","Proteus penneri"
"Bacteria","Bacteria_none","Firmicutes","Bacilli","Bacillales","Bacillaceae","Peribacillus","Peribacillus huizhouensis"
"Bacteria","Bacteria_none","Firmicutes","Bacilli","Bacillales","Bacillaceae","Virgibacillus","Virgibacillus byunsanensis"
"Bacteria","Bacteria_none","Proteobacteria","Gammaproteobacteria","Moraxellales","Moraxellaceae","Acinetobacter","Acinetobacter guillouiae"
"Bacteria","Bacteria_none","Proteobacteria","Gammaproteobacteria","Enterobacterales","Enterobacteriaceae","Salmonella","Salmonella enterica"
"Bacteria","Bacteria_none","Firmicutes","Bacilli","Bacillales","Bacillaceae","Siminovitchia","Siminovitchia fortis"
"Bacteria","Bacteria_none","Firmicutes","Bacilli","Bacillales","Bacillaceae","Bacillus","Bacillus dakarensis"
"Bacteria","Bacteria_none","Firmicutes","Bacilli","Bacillales","Bacillaceae","Aquibacillus","Aquibacillus albus"
"Bacteria","Bacteria_none","Firmicutes","Bacilli","Bacillales","Staphylococcaceae","Macrococcus","Macrococcus caseolyticus"
"Bacteria","Bacteria_none","Bacteroidota","Bacteroidia","Bacteroidales","Odoribacteraceae","Butyricimonas","Butyricimonas paravirosa"
"Bacteria","Bacteria_none","Firmicutes","Bacilli","Bacillales","Staphylococcaceae","Staphylococcus","Staphylococcus rostri"
"Bacteria","Bacteria_none","Proteobacteria","Gammaproteobacteria","Cellvibrionales","Cellvibrionaceae","Marinimicrobium","Marinimicrobium alkaliphilum"
"Bacteria","Bacteria_none","Actinobacteria","Actinomycetia","Corynebacteriales","Corynebacteriaceae","Corynebacterium","Corynebacterium variabile"
"Bacteria","Bacteria_none","Bacteroidota","Bacteroidia","Bacteroidales","Tannerellaceae","Parabacteroides","Parabacteroides merdae"
"Bacteria","Bacteria_none","Actinobacteria","Actinomycetia","Micrococcales","Micrococcaceae","Citricoccus","Citricoccus lacusdiani"
"Bacteria","Bacteria_none","Bacteroidota","Bacteroidia","Bacteroidales","Bacteroidaceae","Bacteroides","Bacteroides thetaiotaomicron"
"Bacteria","Bacteria_none","Actinobacteria","Actinomycetia","Streptomycetales","Streptomycetaceae","Streptomyces","Streptomyces iranensis"
"Bacteria","Bacteria_none","Actinobacteria","Actinomycetia","Micrococcales","Micrococcaceae","Nesterenkonia","Nesterenkonia muleiensis"
"Bacteria","Bacteria_none","Firmicutes","Bacilli","Bacillales","Bacillaceae","Radiobacillus","Radiobacillus deserti"
"Bacteria","Bacteria_none","Firmicutes","Bacilli","Bacillales","Staphylococcaceae","Macrococcus","Macrococcus brunensis"
"Bacteria","Bacteria_none","Firmicutes","Tissierellia","Tissierellales","Tissierellaceae","Anaerosalibacter","Anaerosalibacter massiliensis"
"Bacteria","Bacteria_none","Firmicutes","Tissierellia","Tissierellales","Peptoniphilaceae","Peptoniphilus","Peptoniphilus obesi"
"Bacteria","Bacteria_none","Firmicutes","Erysipelotrichia","Erysipelotrichales","Erysipelotrichaceae","Massilicoli","Massilicoli timonensis"
"Bacteria","Bacteria_none","Actinobacteria","Actinomycetia","Micrococcales","Micrococcaceae","Arthrobacter","Arthrobacter globiformis"
"Bacteria","Bacteria_none","Firmicutes","Bacilli","Bacillales","Bacillaceae","Virgibacillus","Virgibacillus massiliensis"
"Bacteria","Bacteria_none","Firmicutes","Tissierellia","Tissierellales","Peptoniphilaceae","Peptoniphilus","Peptoniphilus urinimassiliensis"
"Bacteria","Bacteria_none","Actinobacteria","Actinomycetia","Corynebacteriales","Mycobacteriaceae","Mycolicibacterium","Mycolicibacterium wolinskyi"
"Bacteria","Bacteria_none","Actinobacteria","Actinomycetia","Corynebacteriales","Corynebacteriaceae","Corynebacterium","Corynebacterium flavescens"
"Bacteria","Bacteria_none","Actinobacteria","Actinomycetia","Pseudonocardiales","Pseudonocardiaceae","Saccharomonospora","Saccharomonospora oceani"
"Bacteria","Bacteria_none","Actinobacteria","Actinomycetia","Pseudonocardiales","Pseudonocardiaceae","Saccharopolyspora","Saccharopolyspora tripterygii"
"Bacteria","Bacteria_none","Actinobacteria","Actinomycetia","Corynebacteriales","Corynebacteriaceae","Corynebacterium","Corynebacterium singulare"
"Bacteria","Bacteria_none","Proteobacteria","Gammaproteobacteria","Gammaproteobacteria_Incertae_sedis","Gammaproteobacteria_Incertae_sedis_Incertae_sedis","Acidibacter","Acidibacter ferrireducens"
"Bacteria","Bacteria_none","Firmicutes","Bacilli","Bacillales","Bacillaceae","Bacillus","Bacillus benzoevorans"
"Bacteria","Bacteria_none","Actinobacteria","Actinomycetia","Corynebacteriales","Corynebacteriaceae","Corynebacterium","Corynebacterium pollutisoli"
"Bacteria","Bacteria_none","Actinobacteria","Actinomycetia","Micrococcales","Micrococcaceae","Kocuria","Kocuria atrinae"
"Bacteria","Bacteria_none","Firmicutes","Bacilli","Bacillales","Bacillaceae","Niallia","Niallia alba"
"Bacteria","Bacteria_none","Firmicutes","Bacilli","Bacillales","Bacillaceae","Neobacillus","Neobacillus vireti"
"Bacteria","Bacteria_none","Actinobacteria","Actinomycetia","Corynebacteriales","Corynebacteriaceae","Corynebacterium","Corynebacterium pelargi"
"Bacteria","Bacteria_none","Firmicutes","Bacilli","Bacillales","Bacillaceae","Neobacillus","Neobacillus soli"
"Bacteria","Bacteria_none","Proteobacteria","Gammaproteobacteria","Enterobacterales","Enterobacteriaceae","Cedecea","Cedecea davisae"
"Bacteria","Bacteria_none","Actinobacteria","Actinomycetia","Corynebacteriales","Corynebacteriaceae","Corynebacterium","Corynebacterium neomassiliense"
"Bacteria","Bacteria_none","Actinobacteria","Actinomycetia","Corynebacteriales","Corynebacteriaceae","Corynebacterium","Corynebacterium nasicanis"
"Bacteria","Bacteria_none","Actinobacteria","Actinomycetia","Corynebacteriales","Corynebacteriaceae","Corynebacterium","Corynebacterium terpenotabidum"
"Bacteria","Bacteria_none","Firmicutes","Bacilli","Lactobacillales","Lactobacillaceae","Levilactobacillus","Levilactobacillus yonginensis"
"Bacteria","Bacteria_none","Firmicutes","Bacilli","Bacillales","Bacillaceae","Neobacillus","Neobacillus ginsengisoli"
"Bacteria","Bacteria_none","Firmicutes","Bacilli","Bacillales","Bacillaceae","Virgibacillus","Virgibacillus dakarensis"
"Bacteria","Bacteria_none","Bacteroidota","Bacteroidia","Bacteroidales","Bacteroidaceae","Bacteroides","Bacteroides cellulosilyticus"
"Bacteria","Bacteria_none","Firmicutes","Bacilli","Bacillales","Staphylococcaceae","Staphylococcus","Staphylococcus auricularis"
"Bacteria","Bacteria_none","Actinobacteria","Actinomycetia","Micrococcales","Intrasporangiaceae","Knoellia","Knoellia sinensis"
"Bacteria","Bacteria_none","Actinobacteria","Actinomycetia","Streptosporangiales","Thermomonosporaceae","Actinomadura","Actinomadura montaniterrae"
"Bacteria","Bacteria_none","Firmicutes","Bacilli","Bacillales","Bacillaceae","Bacillus","Bacillus atrophaeus"
"Bacteria","Bacteria_none","Firmicutes","Bacilli","Bacillales","Bacillaceae","Neobacillus","Neobacillus pocheonensis"
"Bacteria","Bacteria_none","Firmicutes","Bacilli","Bacillales","Staphylococcaceae","Staphylococcus","Staphylococcus pettenkoferi"
"Bacteria","Bacteria_none","Firmicutes","Bacilli","Bacillales","Bacillaceae","Oceanobacillus","Oceanobacillus chungangensis"
"Bacteria","Bacteria_none","Firmicutes","Bacilli","Lactobacillales","Lactobacillaceae","Levilactobacillus","Levilactobacillus spicheri"
"Bacteria","Bacteria_none","Proteobacteria","Gammaproteobacteria","Gammaproteobacteria_Incertae_sedis","Gammaproteobacteria_Incertae_sedis_Incertae_sedis","Ignatzschineria","Ignatzschineria larvae"
"Bacteria","Bacteria_none","Firmicutes","Bacilli","Lactobacillales","Enterococcaceae","Enterococcus","Enterococcus pseudoavium"
"Bacteria","Bacteria_none","Actinobacteria","Actinomycetia","Micrococcales","Microbacteriaceae","Leucobacter","Leucobacter salsicius"
"Bacteria","Bacteria_none","Actinobacteria","Actinomycetia","Corynebacteriales","Mycobacteriaceae","Mycobacterium","Mycobacterium senegalense"
"Bacteria","Bacteria_none","Firmicutes","Bacilli","Bacillales","Bacillaceae","Psychrobacillus","Psychrobacillus lasiicapitis"
"Bacteria","Bacteria_none","Firmicutes","Bacilli","Bacillales","Paenibacillaceae","Paenibacillus","Paenibacillus rigui"
"Bacteria","Bacteria_none","Actinobacteria","Actinomycetia","Glycomycetales","Glycomycetaceae","Glycomyces","Glycomyces arizonensis"
"Bacteria","Bacteria_none","Proteobacteria","Alphaproteobacteria","Hyphomicrobiales","Devosiaceae","Pelagibacterium","Pelagibacterium lacus"
"Bacteria","Bacteria_none","Planctomycetota","Planctomycetia","Isosphaerales","Isosphaeraceae","Singulisphaera","Singulisphaera rosea"
"Bacteria","Bacteria_none","Firmicutes","Bacilli","Bacillales","Paenibacillaceae","Cohnella","Cohnella luojiensis"
"Bacteria","Bacteria_none","Firmicutes","Clostridia","Eubacteriales","Oscillospiraceae","Ruthenibacterium","Ruthenibacterium lactatiformans"
"Bacteria","Bacteria_none","Firmicutes","Bacilli","Bacillales","Bacillaceae","Gottfriedia","Gottfriedia acidiceleris"
"Bacteria","Bacteria_none","Firmicutes","Bacilli","Bacillales","Bacillaceae","Ectobacillus","Ectobacillus funiculus"
"Bacteria","Bacteria_none","Actinobacteria","Actinomycetia","Micrococcales","Cellulomonadaceae","Cellulomonas","Cellulomonas chitinilytica"
"Bacteria","Bacteria_none","Actinobacteria","Actinomycetia","Propionibacteriales","Nocardioidaceae","Aeromicrobium","Aeromicrobium flavum"
"Bacteria","Bacteria_none","Firmicutes","Bacilli","Lactobacillales","Aerococcaceae","Fundicoccus","Fundicoccus ignavus"
"Bacteria","Bacteria_none","Actinobacteria","Actinomycetia","Micrococcales","Bogoriellaceae","Georgenia","Georgenia ruanii"
"Bacteria","Bacteria_none","Firmicutes","Clostridia","Eubacteriales","Eubacteriales_Incertae_sedis","Intestinimonas","Intestinimonas butyriciproducens"
"Bacteria","Bacteria_none","Proteobacteria","Gammaproteobacteria","Oceanospirillales","Halomonadaceae","Halomonas","Halomonas xiaochaidanensis"
"Bacteria","Bacteria_none","Actinobacteria","Actinomycetia","Streptosporangiales","Nocardiopsaceae","Nocardiopsis","Nocardiopsis dassonvillei"
"Bacteria","Bacteria_none","Actinobacteria","Actinomycetia","Streptosporangiales","Nocardiopsaceae","Nocardiopsis","Nocardiopsis mangrovei"
"Bacteria","Bacteria_none","Firmicutes","Clostridia","Eubacteriales","Lachnospiraceae","Catenibacillus","Catenibacillus scindens"
"Bacteria","Bacteria_none","Actinobacteria","Actinomycetia","Micrococcales","Ornithinimicrobiaceae","Ornithinimicrobium","Ornithinimicrobium pekingense"
"Bacteria","Bacteria_none","Actinobacteria","Actinomycetia","Micrococcales","Microbacteriaceae","Agrococcus","Agrococcus casei"
"Bacteria","Bacteria_none","Firmicutes","Bacilli","Bacillales","Bacillaceae","Caldibacillus","Caldibacillus thermolactis"
"Bacteria","Bacteria_none","Proteobacteria","Betaproteobacteria","Burkholderiales","Alcaligenaceae","Pusillimonas","Pusillimonas thiosulfatoxidans"
"Bacteria","Bacteria_none","Firmicutes","Clostridia","Eubacteriales","Oscillospiraceae","Faecalibacterium","Faecalibacterium butyricigenerans"
"Bacteria","Bacteria_none","Proteobacteria","Alphaproteobacteria","Hyphomicrobiales","Brucellaceae","Paenochrobactrum","Paenochrobactrum gallinarii"
"Bacteria","Bacteria_none","Firmicutes","Bacilli","Lactobacillales","Enterococcaceae","Enterococcus","Enterococcus larvae"
"Bacteria","Bacteria_none","Proteobacteria","Alphaproteobacteria","Hyphomicrobiales","Hyphomicrobiaceae","Hyphomicrobium","Hyphomicrobium vulgare"
"Bacteria","Bacteria_none","Firmicutes","Clostridia","Eubacteriales","Eubacteriales Family XIII. Incertae Sedis","Ihubacter","Ihubacter massiliensis"
"Bacteria","Bacteria_none","Proteobacteria","Alphaproteobacteria","Hyphomicrobiales","Hyphomicrobiaceae","Rhodoplanes","Rhodoplanes azumiensis"
"Bacteria","Bacteria_none","Actinobacteria","Actinomycetia","Micrococcales","Intrasporangiaceae","Janibacter","Janibacter cremeus"
"Bacteria","Bacteria_none","Proteobacteria","Alphaproteobacteria","Hyphomicrobiales","Hyphomicrobiaceae","Methylothermalis","Methylothermalis aethiopiae"
"Bacteria","Bacteria_none","Firmicutes","Bacilli","Bacillales","Bacillaceae","Virgibacillus","Virgibacillus phasianinus"
"Bacteria","Bacteria_none","Firmicutes","Clostridia","Eubacteriales","Lachnospiraceae","Wansuia","Wansuia hejianensis"
"Bacteria","Bacteria_none","Bacteroidota","Bacteroidia","Bacteroidales","Odoribacteraceae","Butyricimonas","Butyricimonas phoceensis"
"Bacteria","Bacteria_none","Actinobacteria","Actinomycetia","Streptosporangiales","Streptosporangiaceae","Microbispora","Microbispora bryophytorum"
"Bacteria","Bacteria_none","Firmicutes","Bacilli","Lactobacillales","Enterococcaceae","Enterococcus","Enterococcus termitis"
"Bacteria","Bacteria_none","Actinobacteria","Actinomycetia","Micrococcales","Microbacteriaceae","Microbacterium","Microbacterium suwonense"
"Bacteria","Bacteria_none","Firmicutes","Bacilli","Bacillales","Bacillaceae","Peribacillus","Peribacillus simplex"
"Bacteria","Bacteria_none","Proteobacteria","Gammaproteobacteria","Enterobacterales","Enterobacteriaceae","Enterobacter","Enterobacter quasihormaechei"
"Bacteria","Bacteria_none","Firmicutes","Clostridia","Eubacteriales","Oscillospiraceae","Anaerotruncus","Anaerotruncus colihominis"
"Bacteria","Bacteria_none","Firmicutes","Clostridia","Eubacteriales","Eubacteriales Family XIII. Incertae Sedis","Zhenpiania","Zhenpiania hominis"
"Bacteria","Bacteria_none","Firmicutes","Bacilli","Bacillales","Planococcaceae","Rummeliibacillus","Rummeliibacillus pycnus"
"Bacteria","Bacteria_none","Bacteroidota","Bacteroidia","Bacteroidales","Rikenellaceae","Alistipes","Alistipes ihumii"
"Bacteria","Bacteria_none","Firmicutes","Clostridia","Eubacteriales","Oscillospiraceae","Anaerotruncus","Anaerotruncus massiliensis"
"Bacteria","Bacteria_none","Actinobacteria","Actinomycetia","Streptomycetales","Streptomycetaceae","Streptomyces","Streptomyces triticisoli"
"Bacteria","Bacteria_none","Firmicutes","Tissierellia","Tissierellales","Peptoniphilaceae","Anaerococcus","Anaerococcus vaginimassiliensis"
"Bacteria","Bacteria_none","Firmicutes","Bacilli","Lactobacillales","Enterococcaceae","Enterococcus","Enterococcus rotai"
"Bacteria","Bacteria_none","Firmicutes","Bacilli","Bacillales","Bacillaceae","Peribacillus","Peribacillus acanthi"
"Bacteria","Bacteria_none","Actinobacteria","Actinomycetia","Streptomycetales","Streptomycetaceae","Streptomyces","Streptomyces durhamensis"
"Bacteria","Bacteria_none","Actinobacteria","Actinomycetia","Corynebacteriales","Corynebacteriaceae","Corynebacterium","Corynebacterium suranareeae"
"Bacteria","Bacteria_none","Actinobacteria","Actinomycetia","Micrococcales","Bogoriellaceae","Georgenia","Georgenia thermotolerans"
"Bacteria","Bacteria_none","Firmicutes","Bacilli","Lactobacillales","Enterococcaceae","Enterococcus","Enterococcus thailandicus"
"Bacteria","Bacteria_none","Actinobacteria","Actinomycetia","Micrococcales","Micrococcaceae","Glutamicibacter","Glutamicibacter arilaitensis"
"Bacteria","Bacteria_none","Firmicutes","Bacilli","Bacillales","Alicyclobacillaceae","Alicyclobacillus","Alicyclobacillus curvatus"
"Bacteria","Bacteria_none","Lentisphaerae","Lentisphaeria","Victivallales","Victivallaceae","Victivallis","Victivallis lenta"
"Bacteria","Bacteria_none","Firmicutes","Bacilli","Bacillales","Bacillaceae","Alkalihalobacillus","Alkalihalobacillus trypoxylicola"
"Bacteria","Bacteria_none","Firmicutes","Bacilli","Lactobacillales","Lactobacillaceae","Lactobacillus","Lactobacillus hamsteri"
"Bacteria","Bacteria_none","Firmicutes","Bacilli","Lactobacillales","Lactobacillaceae","Lactiplantibacillus","Lactiplantibacillus plantarum"
"Bacteria","Bacteria_none","Firmicutes","Bacilli","Lactobacillales","Lactobacillaceae","Lapidilactobacillus","Lapidilactobacillus mulanensis"
"Bacteria","Bacteria_none","Firmicutes","Bacilli","Bacillales","Bacillaceae","Bacillus","Bacillus amyloliquefaciens"
"Bacteria","Bacteria_none","Firmicutes","Bacilli","Lactobacillales","Lactobacillaceae","Companilactobacillus","Companilactobacillus zhongbaensis"
"Bacteria","Bacteria_none","Actinobacteria","Actinomycetia","Micrococcales","Micrococcaceae","Auritidibacter","Auritidibacter ignavus"
"Bacteria","Bacteria_none","Actinobacteria","Actinomycetia","Streptosporangiales","Nocardiopsaceae","Actinorugispora","Actinorugispora endophytica"
"Bacteria","Bacteria_none","Firmicutes","Bacilli","Bacillales","Bacillaceae","Paraliobacillus","Paraliobacillus salinarum"
"Bacteria","Bacteria_none","Firmicutes","Bacilli","Lactobacillales","Lactobacillaceae","Levilactobacillus","Levilactobacillus koreensis"
"Bacteria","Bacteria_none","Firmicutes","Bacilli","Bacillales","Alicyclobacillaceae","Tumebacillus","Tumebacillus luteolus"
"Bacteria","Bacteria_none","Actinobacteria","Actinomycetia","Streptosporangiales","Nocardiopsaceae","Murinocardiopsis","Murinocardiopsis flavida"
"Bacteria","Bacteria_none","Firmicutes","Tissierellia","Tissierellales","Peptoniphilaceae","Helcococcus","Helcococcus sueciensis"
"Bacteria","Bacteria_none","Actinobacteria","Actinomycetia","Streptosporangiales","Nocardiopsaceae","Nocardiopsis","Nocardiopsis coralliicola"
"Bacteria","Bacteria_none","Actinobacteria","Actinomycetia","Corynebacteriales","Gordoniaceae","Gordonia","Gordonia amarae"
"Bacteria","Bacteria_none","Firmicutes","Bacilli","Lactobacillales","Lactobacillaceae","Companilactobacillus","Companilactobacillus bobalius"
"Bacteria","Bacteria_none","Firmicutes","Bacilli","Bacillales","Bacillaceae","Bacillus","Bacillus australimaris"
"Bacteria","Bacteria_none","Proteobacteria","Deltaproteobacteria","Bradymonadales","Bradymonadaceae","Bradymonas","Bradymonas sediminis"
"Bacteria","Bacteria_none","Proteobacteria","Gammaproteobacteria","Enterobacterales","Yersiniaceae","Serratia","Serratia surfactantfaciens"
"Bacteria","Bacteria_none","Firmicutes","Bacilli","Bacillales","Bacillaceae","Gracilibacillus","Gracilibacillus halotolerans"
"Bacteria","Bacteria_none","Firmicutes","Clostridia","Eubacteriales","Lachnospiraceae","Blautia","Blautia luti"
"Bacteria","Bacteria_none","Proteobacteria","Gammaproteobacteria","Oceanospirillales","Halomonadaceae","Halomonas","Halomonas urumqiensis"
"Bacteria","Bacteria_none","Actinobacteria","Actinomycetia","Micrococcales","Cellulomonadaceae","Cellulomonas","Cellulomonas bogoriensis"
"Bacteria","Bacteria_none","Firmicutes","Clostridia","Eubacteriales","Oscillospiraceae","Solibaculum","Solibaculum mannosilyticum"
"Bacteria","Bacteria_none","Firmicutes","Clostridia","Eubacteriales","Lachnospiraceae","Anaerocolumna","Anaerocolumna cellulosilytica"
"Bacteria","Bacteria_none","Proteobacteria","Gammaproteobacteria","Oceanospirillales","Halomonadaceae","Halomonas","Halomonas endophytica"
"Bacteria","Bacteria_none","Firmicutes","Bacilli","Bacillales","Bacillaceae","Heyndrickxia","Heyndrickxia oleronia"
"Bacteria","Bacteria_none","Firmicutes","Clostridia","Eubacteriales","Oscillospiraceae","Monoglobus","Monoglobus pectinilyticus"
"Bacteria","Bacteria_none","Firmicutes","Bacilli","Bacillales","Bacillaceae","Heyndrickxia","Heyndrickxia sporothermodurans"
"Bacteria","Bacteria_none","Firmicutes","Clostridia","Eubacteriales","Eubacteriales Family XIII. Incertae Sedis","Lentihominibacter","Lentihominibacter faecis"
"Bacteria","Bacteria_none","Firmicutes","Clostridia","Eubacteriales","Peptococcaceae","Desulforamulus","Desulforamulus ruminis"
"Bacteria","Bacteria_none","Firmicutes","Bacilli","Bacillales","Bacillaceae","Bacillus","Bacillus licheniformis"
"Bacteria","Bacteria_none","Firmicutes","Bacilli","Bacillales","Bacillaceae","Bacillus","Bacillus isabeliae"
"Bacteria","Bacteria_none","Firmicutes","Clostridia","Eubacteriales","Desulfitobacteriaceae","Desulfitobacterium","Desulfitobacterium metallireducens"
"Bacteria","Bacteria_none","Actinobacteria","Actinomycetia","Propionibacteriales","Nocardioidaceae","Aeromicrobium","Aeromicrobium fastidiosum"
"Bacteria","Bacteria_none","Firmicutes","Bacilli","Bacillales","Bacillaceae","Cytobacillus","Cytobacillus gottheilii"
"Bacteria","Bacteria_none","Firmicutes","Clostridia","Eubacteriales","Clostridiaceae","Clostridium","Clostridium swellfunianum"
"Bacteria","Bacteria_none","Firmicutes","Clostridia","Eubacteriales","Lachnospiraceae","Muricomes","Muricomes intestini"
"Bacteria","Bacteria_none","Firmicutes","Bacilli","Bacillales","Bacillaceae","Bacillus","Bacillus nitroreducens"
"Bacteria","Bacteria_none","Proteobacteria","Gammaproteobacteria","Xanthomonadales","Xanthomonadaceae","Luteimonas","Luteimonas terrae"
"Bacteria","Bacteria_none","Firmicutes","Clostridia","Eubacteriales","Lachnospiraceae","Roseburia","Roseburia hominis"
"Bacteria","Bacteria_none","Actinobacteria","Actinomycetia","Micrococcales","Sanguibacteraceae","Sanguibacter","Sanguibacter gelidistatuariae"
"Bacteria","Bacteria_none","Firmicutes","Clostridia","Eubacteriales","Lachnospiraceae","Novisyntrophococcus","Novisyntrophococcus fermenticellae"
"Bacteria","Bacteria_none","Firmicutes","Bacilli","Bacillales","Bacillaceae","Bacillus","Bacillus stercoris"
"Bacteria","Bacteria_none","Actinobacteria","Actinomycetia","Micromonosporales","Micromonosporaceae","Micromonospora","Micromonospora pattaloongensis"
"Bacteria","Bacteria_none","Actinobacteria","Actinomycetia","Nakamurellales","Nakamurellaceae","Nakamurella","Nakamurella lactea"
"Bacteria","Bacteria_none","Actinobacteria","Actinomycetia","Micromonosporales","Micromonosporaceae","Micromonospora","Micromonospora zhanjiangensis"
"Bacteria","Bacteria_none","Proteobacteria","Gammaproteobacteria","Pseudomonadales","Pseudomonadaceae","Thiopseudomonas","Thiopseudomonas denitrificans"
"Bacteria","Bacteria_none","Actinobacteria","Actinomycetia","Micrococcales","Ornithinimicrobiaceae","Serinicoccus","Serinicoccus profundi"
"Bacteria","Bacteria_none","Firmicutes","Clostridia","Eubacteriales","Lachnospiraceae","Hominisplanchenecus","Hominisplanchenecus faecis"
"Bacteria","Bacteria_none","Actinobacteria","Actinomycetia","Micrococcales","Cellulomonadaceae","Cellulomonas","Cellulomonas flavigena"
"Bacteria","Bacteria_none","Firmicutes","Bacilli","Bacillales","Bacillaceae","Caldibacillus","Caldibacillus pasinlerensis"
"Bacteria","Bacteria_none","Firmicutes","Bacilli","Bacillales","Bacillaceae","Bacillus","Bacillus halotolerans"
"Bacteria","Bacteria_none","Firmicutes","Clostridia","Eubacteriales","Peptostreptococcaceae","Romboutsia","Romboutsia lituseburensis"
"Bacteria","Bacteria_none","Actinobacteria","Actinomycetia","Streptomycetales","Streptomycetaceae","Streptomyces","Streptomyces cacaoi"
"Bacteria","Bacteria_none","Actinobacteria","Actinomycetia","Micrococcales","Micrococcaceae","Kocuria","Kocuria uropygioeca"
"Bacteria","Bacteria_none","Firmicutes","Negativicutes","Selenomonadales","Sporomusaceae","Sporomusa","Sporomusa sphaeroides"
"Bacteria","Bacteria_none","Firmicutes","Bacilli","Bacillales","Bacillaceae","Mesobacillus","Mesobacillus harenae"
"Bacteria","Bacteria_none","Actinobacteria","Actinomycetia","Micrococcales","Micrococcaceae","Micrococcus","Micrococcus luteus"
"Bacteria","Bacteria_none","Firmicutes","Bacilli","Bacillales","Bacillaceae","Metabacillus","Metabacillus litoralis"
"Bacteria","Bacteria_none","Firmicutes","Bacilli","Lactobacillales","Lactobacillaceae","Weissella","Weissella sagaensis"
"Bacteria","Bacteria_none","Firmicutes","Bacilli","Bacillales","Bacillaceae","Neobacillus","Neobacillus paridis"
"Bacteria","Bacteria_none","Proteobacteria","Gammaproteobacteria","Gammaproteobacteria_Incertae_sedis","Gammaproteobacteria_Incertae_sedis_Incertae_sedis","Ignatzschineria","Ignatzschineria indica"
"Bacteria","Bacteria_none","Actinobacteria","Actinomycetia","Pseudonocardiales","Pseudonocardiaceae","Pseudonocardia","Pseudonocardia antitumoralis"
"Bacteria","Bacteria_none","Actinobacteria","Actinomycetia","Corynebacteriales","Corynebacteriaceae","Corynebacterium","Corynebacterium efficiens"
"Bacteria","Bacteria_none","Actinobacteria","Actinomycetia","Pseudonocardiales","Pseudonocardiaceae","Saccharopolyspora","Saccharopolyspora spongiae"
"Bacteria","Bacteria_none","Actinobacteria","Actinomycetia","Corynebacteriales","Corynebacteriaceae","Corynebacterium","Corynebacterium deserti"
"Bacteria","Bacteria_none","Actinobacteria","Actinomycetia","Micrococcales","Micrococcaceae","Kocuria","Kocuria massiliensis"
"Bacteria","Bacteria_none","Actinobacteria","Actinomycetia","Streptomycetales","Streptomycetaceae","Actinacidiphila","Actinacidiphila bryophytorum"
"Bacteria","Bacteria_none","Actinobacteria","Actinomycetia","Micrococcales","Micrococcaceae","Glutamicibacter","Glutamicibacter halophytocola"
"Bacteria","Bacteria_none","Firmicutes","Negativicutes","Selenomonadales","Sporomusaceae","Psychrosinus","Psychrosinus fermentans"
"Bacteria","Bacteria_none","Firmicutes","Clostridia","Eubacteriales","Clostridiaceae","Butyricicoccus","Butyricicoccus faecihominis"
"Bacteria","Bacteria_none","Firmicutes","Bacilli","Bacillales","Bacillaceae","Lentibacillus","Lentibacillus cibarius"
"Bacteria","Bacteria_none","Actinobacteria","Actinomycetia","Pseudonocardiales","Pseudonocardiaceae","Prauserella","Prauserella isguenensis"
"Bacteria","Bacteria_none","Actinobacteria","Actinomycetia","Micrococcales","Micrococcaceae","Pseudarthrobacter","Pseudarthrobacter defluvii"
"Bacteria","Bacteria_none","Actinobacteria","Actinomycetia","Pseudonocardiales","Pseudonocardiaceae","Amycolatopsis","Amycolatopsis pigmentata"
"Bacteria","Bacteria_none","Firmicutes","Bacilli","Bacillales","Bacillaceae","Lentibacillus","Lentibacillus juripiscarius"
"Bacteria","Bacteria_none","Firmicutes","Bacilli","Bacillales","Bacillaceae","Bacillus","Bacillus caccae"
"Bacteria","Bacteria_none","Firmicutes","Erysipelotrichia","Erysipelotrichales","Erysipelotrichaceae","Faecalicoccus","Faecalicoccus pleomorphus"
"Bacteria","Bacteria_none","Firmicutes","Clostridia","Eubacteriales","Clostridiaceae","Clostridium","Clostridium neonatale"
"Bacteria","Bacteria_none","Firmicutes","Clostridia","Eubacteriales","Clostridiaceae","Clostridium","Clostridium indicum"
"Bacteria","Bacteria_none","Firmicutes","Clostridia","Eubacteriales","Clostridiaceae","Clostridium","Clostridium butyricum"
"Bacteria","Bacteria_none","Firmicutes","Bacilli","Bacillales","Bacillaceae","Lysinibacillus","Lysinibacillus antri"
"Bacteria","Bacteria_none","Firmicutes","Clostridia","Eubacteriales","Clostridiaceae","Clostridium","Clostridium felsineum"
"Bacteria","Bacteria_none","Firmicutes","Bacilli","Bacillales","Bacillaceae","Lysinibacillus","Lysinibacillus fusiformis"
"Bacteria","Bacteria_none","Proteobacteria","Gammaproteobacteria","Moraxellales","Moraxellaceae","Psychrobacter","Psychrobacter sanguinis"
"Bacteria","Bacteria_none","Firmicutes","Erysipelotrichia","Erysipelotrichales","Turicibacteraceae","Turicibacter","Turicibacter sanguinis"
"Bacteria","Bacteria_none","Firmicutes","Clostridia","Eubacteriales","Clostridiaceae","Clostridium","Clostridium cadaveris"
"Bacteria","Bacteria_none","Firmicutes","Bacilli","Bacillales","Bacillaceae","Peribacillus","Peribacillus alkalitolerans"
"Bacteria","Bacteria_none","Actinobacteria","Coriobacteriia","Coriobacteriales","Coriobacteriaceae","Enorma","Enorma shizhengliae"
"Bacteria","Bacteria_none","Proteobacteria","Betaproteobacteria","Burkholderiales","Alcaligenaceae","Pusillimonas","Pusillimonas soli"
"Bacteria","Bacteria_none","Proteobacteria","Alphaproteobacteria","Hyphomicrobiales","Nitrobacteraceae","Afipia","Afipia carboxidovorans"
"Bacteria","Bacteria_none","Proteobacteria","Gammaproteobacteria","Chromatiales","Chromatiaceae","Nitrosococcus","Nitrosococcus oceani"
"Bacteria","Bacteria_none","Firmicutes","Bacilli","Bacillales","Staphylococcaceae","Staphylococcus","Staphylococcus pseudintermedius"
"Bacteria","Bacteria_none","Actinobacteria","Actinomycetia","Streptosporangiales","Thermomonosporaceae","Actinomadura","Actinomadura fulvescens"
"Bacteria","Bacteria_none","Actinobacteria","Actinomycetia","Micrococcales","Microbacteriaceae","Leucobacter","Leucobacter denitrificans"
"Bacteria","Bacteria_none","Actinobacteria","Actinomycetia","Corynebacteriales","Mycobacteriaceae","Mycolicibacter","Mycolicibacter kumamotonensis"
"Bacteria","Bacteria_none","Actinobacteria","Actinomycetia","Micrococcales","Microbacteriaceae","Leucobacter","Leucobacter aridicollis"
"Bacteria","Bacteria_none","Actinobacteria","Actinomycetia","Streptosporangiales","Thermomonosporaceae","Actinoallomurus","Actinoallomurus spadix"
"Bacteria","Bacteria_none","Firmicutes","Bacilli","Bacillales","Bacillaceae","Virgibacillus","Virgibacillus proomii"
"Bacteria","Bacteria_none","Proteobacteria","Betaproteobacteria","Burkholderiales","Alcaligenaceae","Parapusillimonas","Parapusillimonas granuli"
"Bacteria","Bacteria_none","Firmicutes","Bacilli","Bacillales","Paenibacillaceae","Paenibacillus","Paenibacillus susongensis"
"Bacteria","Bacteria_none","Proteobacteria","Alphaproteobacteria","Hyphomicrobiales","Methylobacteriaceae","Microvirga","Microvirga massiliensis"
"Bacteria","Bacteria_none","Actinobacteria","Actinomycetia","Corynebacteriales","Mycobacteriaceae","Mycolicibacterium","Mycolicibacterium lutetiense"
"Bacteria","Bacteria_none","Proteobacteria","Alphaproteobacteria","Rhodobacterales","Rhodobacteraceae","Paracoccus","Paracoccus haematequi"
"Bacteria","Bacteria_none","Actinobacteria","Actinomycetia","Corynebacteriales","Nocardiaceae","Rhodococcus","Rhodococcus marinonascens"
"Bacteria","Bacteria_none","Firmicutes","Bacilli","Bacillales","Thermoactinomycetaceae","Kroppenstedtia","Kroppenstedtia sanguinis"
"Bacteria","Bacteria_none","Firmicutes","Bacilli","Bacillales","Planococcaceae","Bhargavaea","Bhargavaea beijingensis"
"Bacteria","Bacteria_none","Firmicutes","Bacilli","Bacillales","Paenibacillaceae","Paenibacillus","Paenibacillus hispanicus"
"Bacteria","Bacteria_none","Firmicutes","Bacilli","Bacillales","Paenibacillaceae","Paenibacillus","Paenibacillus guangzhouensis"
"Bacteria","Bacteria_none","Firmicutes","Bacilli","Bacillales","Bacillaceae","Salicibibacter","Salicibibacter halophilus"
"Bacteria","Bacteria_none","Firmicutes","Bacilli","Bacillales","Planococcaceae","Ureibacillus","Ureibacillus thermosphaericus"
"Bacteria","Bacteria_none","Cyanobacteria","Cyanobacteria_Incertae_sedis","Nostocales","Dapisostemonaceae","Dapisostemon","Dapisostemon apicaliramis"
"Bacteria","Bacteria_none","Firmicutes","Bacilli","Bacillales","Staphylococcaceae","Staphylococcus","Staphylococcus haemolyticus"
"Bacteria","Bacteria_none","Actinobacteria","Coriobacteriia","Eggerthellales","Eggerthellaceae","Gordonibacter","Gordonibacter urolithinfaciens"
"Bacteria","Bacteria_none","Proteobacteria","Gammaproteobacteria","Enterobacterales","Budviciaceae","Jinshanibacter","Jinshanibacter zhutongyuii"
"Bacteria","Bacteria_none","Proteobacteria","Deltaproteobacteria","Myxococcales","Vulgatibacteraceae","Vulgatibacter","Vulgatibacter incomptus"
"Bacteria","Bacteria_none","Actinobacteria","Thermoleophilia","Miltoncostaeales","Miltoncostaeaceae","Miltoncostaea","Miltoncostaea marina"
"Bacteria","Bacteria_none","Firmicutes","Bacilli","Bacillales","Paenibacillaceae","Paenibacillus","Paenibacillus terrigena"
"Bacteria","Bacteria_none","Actinobacteria","Coriobacteriia","Coriobacteriales","Atopobiaceae","Olsenella","Olsenella lakotia"
"Bacteria","Bacteria_none","Firmicutes","Bacilli","Bacillales","Paenibacillaceae","Paenibacillus","Paenibacillus terreus"
"Bacteria","Bacteria_none","Firmicutes","Bacilli","Bacillales","Bacillaceae","Siminovitchia","Siminovitchia fordii"
"Bacteria","Bacteria_none","Actinobacteria","Thermoleophilia","Solirubrobacterales","Conexibacteraceae","Conexibacter","Conexibacter arvalis"
"Bacteria","Bacteria_none","Actinobacteria","Actinomycetia","Corynebacteriales","Mycobacteriaceae","Mycolicibacterium","Mycolicibacterium duvalii"
"Bacteria","Bacteria_none","Firmicutes","Bacilli","Bacillales","Staphylococcaceae","Staphylococcus","Staphylococcus hyicus"
"Bacteria","Bacteria_none","Firmicutes","Bacilli","Bacillales","Staphylococcaceae","Staphylococcus","Staphylococcus intermedius"
"Bacteria","Bacteria_none","Balneolaeota","Balneolia","Balneolales","Balneolaceae","Rhodohalobacter","Rhodohalobacter barkolensis"
"Bacteria","Bacteria_none","Proteobacteria","Alphaproteobacteria","Hyphomicrobiales","Nitrobacteraceae","Nitrobacter","Nitrobacter hamburgensis"
"Bacteria","Bacteria_none","Firmicutes","Bacilli","Bacillales","Bacillaceae","Virgibacillus","Virgibacillus zhanjiangensis"
"Bacteria","Bacteria_none","Proteobacteria","Betaproteobacteria","Burkholderiales","Alcaligenaceae","Castellaniella","Castellaniella defragrans"
"Bacteria","Bacteria_none","Bacteroidota","Bacteroidia","Bacteroidales","Rikenellaceae","Alistipes","Alistipes finegoldii"
"Bacteria","Bacteria_none","Firmicutes","Bacilli","Bacillales","Staphylococcaceae","Salinicoccus","Salinicoccus siamensis"
"Bacteria","Bacteria_none","Proteobacteria","Betaproteobacteria","Burkholderiales","Alcaligenaceae","Verticiella","Verticiella sediminum"
"Bacteria","Bacteria_none","Proteobacteria","Betaproteobacteria","Burkholderiales","Alcaligenaceae","Castellaniella","Castellaniella hirudinis"
"Bacteria","Bacteria_none","Actinobacteria","Actinomycetia","Corynebacteriales","Tsukamurellaceae","Tsukamurella","Tsukamurella hominis"
"Bacteria","Bacteria_none","Bacteroidota","Bacteroidia","Bacteroidales","Dysgonomonadaceae","Fermentimonas","Fermentimonas caenicola"
"Bacteria","Bacteria_none","Firmicutes","Bacilli","Bacillales","Bacillaceae","Priestia","Priestia koreensis"
"Bacteria","Bacteria_none","Firmicutes","Bacilli","Lactobacillales","Enterococcaceae","Enterococcus","Enterococcus canis"
"Bacteria","Bacteria_none","Actinobacteria","Actinomycetia","Corynebacteriales","Nocardiaceae","Rhodococcus","Rhodococcus rhodochrous"
"Bacteria","Bacteria_none","Bacteroidota","Chitinophagia","Chitinophagales","Chitinophagaceae","Hanamia","Hanamia caeni"
"Bacteria","Bacteria_none","Proteobacteria","Alphaproteobacteria","Sphingomonadales","Erythrobacteraceae","Alteraurantiacibacter","Alteraurantiacibacter aestuarii"
"Bacteria","Bacteria_none","Proteobacteria","Alphaproteobacteria","Hyphomicrobiales","Chelatococcaceae","Camelimonas","Camelimonas fluminis"
"Bacteria","Bacteria_none","Proteobacteria","Alphaproteobacteria","Hyphomicrobiales","Brucellaceae","Paenochrobactrum","Paenochrobactrum glaciei"
"Bacteria","Bacteria_none","Actinobacteria","Actinomycetia","Geodermatophilales","Geodermatophilaceae","Cumulibacter","Cumulibacter soli"
"Bacteria","Bacteria_none","Proteobacteria","Betaproteobacteria","Burkholderiales","Sutterellaceae","Turicimonas","Turicimonas muris"
"Bacteria","Bacteria_none","Firmicutes","Bacilli","Bacillales","Paenibacillaceae","Paenibacillus","Paenibacillus contaminans"
"Bacteria","Bacteria_none","Firmicutes","Bacilli","Bacillales","Staphylococcaceae","Macrococcus","Macrococcus bovicus"
"Bacteria","Bacteria_none","Actinobacteria","Actinomycetia","Micrococcales","Microbacteriaceae","Leucobacter","Leucobacter exalbidus"
"Bacteria","Bacteria_none","Firmicutes","Bacilli","Lactobacillales","Carnobacteriaceae","Marinilactibacillus","Marinilactibacillus piezotolerans"
"Bacteria","Bacteria_none","Actinobacteria","Actinomycetia","Micrococcales","Microbacteriaceae","Microbacterium","Microbacterium gubbeenense"
"Bacteria","Bacteria_none","Firmicutes","Bacilli","Bacillales","Paenibacillaceae","Paenibacillus","Paenibacillus daejeonensis"
"Bacteria","Bacteria_none","Actinobacteria","Actinomycetia","Micrococcales","Intrasporangiaceae","Janibacter","Janibacter hoylei"
"Bacteria","Bacteria_none","Actinobacteria","Actinomycetia","Corynebacteriales","Mycobacteriaceae","Mycobacterium","Mycobacterium paraense"
"Bacteria","Bacteria_none","Actinobacteria","Actinomycetia","Streptosporangiales","Streptosporangiaceae","Microbispora","Microbispora camponoti"
"Bacteria","Bacteria_none","Actinobacteria","Actinomycetia","Micrococcales","Intrasporangiaceae","Janibacter","Janibacter melonis"
"Bacteria","Bacteria_none","Firmicutes","Bacilli","Bacillales","Planococcaceae","Sporosarcina","Sporosarcina soli"
"Bacteria","Bacteria_none","Firmicutes","Bacilli","Bacillales","Planococcaceae","Sporosarcina","Sporosarcina saromensis"
"Bacteria","Bacteria_none","Actinobacteria","Actinomycetia","Micrococcales","Jonesiaceae","Flavimobilis","Flavimobilis marinus"
"Bacteria","Bacteria_none","Proteobacteria","Betaproteobacteria","Rhodocyclales","Zoogloeaceae","Pseudothauera","Pseudothauera nasutitermitis"
"Bacteria","Bacteria_none","Actinobacteria","Actinomycetia","Streptosporangiales","Nocardiopsaceae","Nocardiopsis","Nocardiopsis oceani"
"Bacteria","Bacteria_none","Actinobacteria","Actinomycetia","Corynebacteriales","Mycobacteriaceae","Mycobacterium","Mycobacterium koreense"
"Bacteria","Bacteria_none","Firmicutes","Bacilli","Bacillales","Paenibacillaceae","Paenibacillus","Paenibacillus aestuarii"
"Bacteria","Bacteria_none","Firmicutes","Bacilli","Bacillales","Paenibacillaceae","Paenibacillus","Paenibacillus glycanilyticus"
"Bacteria","Bacteria_none","Proteobacteria","Gammaproteobacteria","Aeromonadales","Aeromonadaceae","Oceanimonas","Oceanimonas doudoroffii"
"Bacteria","Bacteria_none","Proteobacteria","Alphaproteobacteria","Sphingomonadales","Sphingomonadaceae","Sphingomonas","Sphingomonas formosensis"
"Bacteria","Bacteria_none","Firmicutes","Erysipelotrichia","Erysipelotrichales","Erysipelotrichaceae","Erysipelatoclostridium","Erysipelatoclostridium ramosum"
"Bacteria","Bacteria_none","Proteobacteria","Alphaproteobacteria","Sphingomonadales","Sphingomonadaceae","Novosphingobium","Novosphingobium lubricantis"
"Bacteria","Bacteria_none","Actinobacteria","Actinomycetia","Micrococcales","Intrasporangiaceae","Pedococcus","Pedococcus ginsenosidimutans"
"Bacteria","Bacteria_none","Firmicutes","Clostridia","Eubacteriales","Peptococcaceae","Desulforamulus","Desulforamulus aeronauticus"
"Bacteria","Bacteria_none","Firmicutes","Clostridia","Eubacteriales","Peptostreptococcaceae","Paeniclostridium","[Eubacterium] tenue"
"Bacteria","Bacteria_none","Actinobacteria","Actinomycetia","Micrococcales","Brevibacteriaceae","Brevibacterium","Brevibacterium samyangense"
"Bacteria","Bacteria_none","Actinobacteria","Actinomycetia","Micrococcales","Microbacteriaceae","Leucobacter","Leucobacter chromiiresistens"
"Bacteria","Bacteria_none","Actinobacteria","Actinomycetia","Micrococcales","Micrococcaceae","Zhihengliuella","Zhihengliuella alba"
"Bacteria","Bacteria_none","Actinobacteria","Actinomycetia","Micrococcales","Micrococcaceae","Pseudarthrobacter","Pseudarthrobacter niigatensis"
"Bacteria","Bacteria_none","Proteobacteria","Alphaproteobacteria","Sphingomonadales","Sphingomonadaceae","Sphingomonas","Sphingomonas jinjuensis"
"Bacteria","Bacteria_none","Proteobacteria","Betaproteobacteria","Burkholderiales","Alcaligenaceae","Alcaligenes","Alcaligenes aquatilis"
"Bacteria","Bacteria_none","Actinobacteria","Actinomycetia","Micrococcales","Micrococcaceae","Rothia","Rothia halotolerans"
"Bacteria","Bacteria_none","Proteobacteria","Betaproteobacteria","Burkholderiales","Alcaligenaceae","Advenella","Advenella kashmirensis"
"Bacteria","Bacteria_none","Firmicutes","Clostridia","Eubacteriales","Peptococcaceae","Phosphitispora","Phosphitispora fastidiosa"
"Bacteria","Bacteria_none","Proteobacteria","Epsilonproteobacteria","Campylobacterales","Helicobacteraceae","Helicobacter","Helicobacter brantae"
"Bacteria","Bacteria_none","Firmicutes","Clostridia","Eubacteriales","Peptostreptococcaceae","Asaccharospora","Asaccharospora irregularis"
"Bacteria","Bacteria_none","Proteobacteria","Alphaproteobacteria","Sphingomonadales","Sphingomonadaceae","Sphingomonas","Sphingomonas parvus"
"Bacteria","Bacteria_none","Proteobacteria","Gammaproteobacteria","Oceanospirillales","Halomonadaceae","Halomonas","Halomonas azerbaijanica"
"Bacteria","Bacteria_none","Actinobacteria","Actinomycetia","Micrococcales","Brevibacteriaceae","Brevibacterium","Brevibacterium luteolum"
"Bacteria","Bacteria_none","Proteobacteria","Gammaproteobacteria","Oceanospirillales","Halomonadaceae","Halomonas","Halomonas campisalis"
"Bacteria","Bacteria_none","Proteobacteria","Alphaproteobacteria","Hyphomicrobiales","Beijerinckiaceae","Methylocapsa","Methylocapsa aurea"
"Bacteria","Bacteria_none","Actinobacteria","Actinomycetia","Micrococcales","Ornithinimicrobiaceae","Ornithinimicrobium","Ornithinimicrobium panacihumi"
"Bacteria","Bacteria_none","Firmicutes","Clostridia","Eubacteriales","Oscillospiraceae","Vescimonas","Vescimonas coprocola"
"Bacteria","Bacteria_none","Actinobacteria","Actinomycetia","Micrococcales","Dermabacteraceae","Brachybacterium","Brachybacterium phenoliresistens"
"Bacteria","Bacteria_none","Proteobacteria","Betaproteobacteria","Burkholderiales","Comamonadaceae","Caenimonas","Caenimonas soli"
"Bacteria","Bacteria_none","Actinobacteria","Actinomycetia","Micrococcales","Ornithinimicrobiaceae","Ornithinimicrobium","Ornithinimicrobium pratense"
"Bacteria","Bacteria_none","Proteobacteria","Betaproteobacteria","Burkholderiales","Comamonadaceae","Delftia","Delftia acidovorans"
"Bacteria","Bacteria_none","Actinobacteria","Actinomycetia","Micrococcales","Promicromonosporaceae","Cellulosimicrobium","Cellulosimicrobium marinum"
"Bacteria","Bacteria_none","Proteobacteria","Betaproteobacteria","Burkholderiales","Comamonadaceae","Hydrogenophaga","Hydrogenophaga temperata"
"Bacteria","Bacteria_none","Actinobacteria","Actinomycetia","Micrococcales","Rarobacteraceae","Rarobacter","Rarobacter faecitabidus"
"Bacteria","Bacteria_none","Proteobacteria","Gammaproteobacteria","Xanthomonadales","Rhodanobacteraceae","Dokdonella","Dokdonella ginsengisoli"
"Bacteria","Bacteria_none","Actinobacteria","Actinomycetia","Micrococcales","Brevibacteriaceae","Brevibacterium","Brevibacterium ihuae"
"Bacteria","Bacteria_none","Actinobacteria","Actinomycetia","Micrococcales","Cellulomonadaceae","Cellulomonas","Cellulomonas rhizosphaerae"
"Bacteria","Bacteria_none","Proteobacteria","Gammaproteobacteria","Xanthomonadales","Xanthomonadaceae","Luteimonas","Luteimonas padinae"
"Bacteria","Bacteria_none","Proteobacteria","Betaproteobacteria","Burkholderiales","Comamonadaceae","Ramlibacter","Ramlibacter algicola"
"Bacteria","Bacteria_none","Actinobacteria","Actinomycetia","Micrococcales","Ruaniaceae","Ruania","Ruania suaedae"
"Bacteria","Bacteria_none","Proteobacteria","Deltaproteobacteria","Myxococcales","Anaeromyxobacteraceae","Anaeromyxobacter","Anaeromyxobacter dehalogenans"
"Bacteria","Bacteria_none","Proteobacteria","Betaproteobacteria","Burkholderiales","Oxalobacteraceae","Noviherbaspirillum","Noviherbaspirillum soli"
"Bacteria","Bacteria_none","Actinobacteria","Actinomycetia","Micrococcales","Intrasporangiaceae","Terrabacter","Terrabacter aeriphilus"
"Bacteria","Bacteria_none","Proteobacteria","Betaproteobacteria","Burkholderiales","Sutterellaceae","Parasutterella","Parasutterella secunda"
"Bacteria","Bacteria_none","Actinobacteria","Actinomycetia","Micrococcales","Microbacteriaceae","Agrococcus","Agrococcus carbonis"
"Bacteria","Bacteria_none","Firmicutes","Clostridia","Eubacteriales","Oscillospiraceae","Congzhengia","Congzhengia minquanensis"
"Bacteria","Bacteria_none","Firmicutes","Clostridia","Eubacteriales","Oscillospiraceae","Anaerotruncus","Anaerotruncus rubiinfantis"
"Bacteria","Bacteria_none","Proteobacteria","Betaproteobacteria","Nitrosomonadales","Nitrosomonadaceae","Nitrosomonas","Nitrosomonas halophila"
"Bacteria","Bacteria_none","Tenericutes","Mollicutes","Acholeplasmatales","Acholeplasmataceae","Haploplasma","Haploplasma cavigenitalium"
"Bacteria","Bacteria_none","Proteobacteria","Gammaproteobacteria","Pseudomonadales","Pseudomonadaceae","Halopseudomonas","Halopseudomonas xiamenensis"
"Bacteria","Bacteria_none","Proteobacteria","Gammaproteobacteria","Pseudomonadales","Pseudomonadaceae","Halopseudomonas","Halopseudomonas formosensis"
"Bacteria","Bacteria_none","Actinobacteria","Actinomycetia","Micrococcales","Cellulomonadaceae","Cellulomonas","Cellulomonas denverensis"
"Bacteria","Bacteria_none","Actinobacteria","Actinomycetia","Micrococcales","Ornithinimicrobiaceae","Ornithinimicrobium","Ornithinimicrobium flavum"
"Bacteria","Bacteria_none","Proteobacteria","Deltaproteobacteria","Myxococcales","Polyangiaceae","Byssovorax","Byssovorax cruenta"
"Bacteria","Bacteria_none","Firmicutes","Clostridia","Eubacteriales","Oscillospiraceae","Ruminiclostridium","Ruminiclostridium cellulolyticum"
"Bacteria","Bacteria_none","Proteobacteria","Deltaproteobacteria","Myxococcales","Myxococcaceae","Myxococcus","Myxococcus virescens"
"Bacteria","Bacteria_none","Actinobacteria","Actinomycetia","Micrococcales","Cellulomonadaceae","Cellulomonas","Cellulomonas biazotea"
"Bacteria","Bacteria_none","Actinobacteria","Actinomycetia","Micrococcales","Micrococcales_Incertae_sedis","Luteimicrobium","Luteimicrobium subarcticum"
"Bacteria","Bacteria_none","Proteobacteria","Gammaproteobacteria","Oceanospirillales","Halomonadaceae","Halomonas","Halomonas kenyensis"
"Bacteria","Bacteria_none","Proteobacteria","Gammaproteobacteria","Oceanospirillales","Halomonadaceae","Halomonas","Halomonas lactosivorans"
"Bacteria","Bacteria_none","Firmicutes","Clostridia","Eubacteriales","Oscillospiraceae","Oscillospiraceae_Incertae_sedis","[Clostridium] leptum"
"Bacteria","Bacteria_none","Firmicutes","Clostridia","Eubacteriales","Oscillospiraceae","Oscillibacter","Oscillibacter ruminantium"
"Bacteria","Bacteria_none","Proteobacteria","Gammaproteobacteria","Oceanospirillales","Halomonadaceae","Halomonas","Halomonas lysinitropha"
"Bacteria","Bacteria_none","Actinobacteria","Actinomycetia","Micrococcales","Microbacteriaceae","Agrococcus","Agrococcus terreus"
"Bacteria","Bacteria_none","Proteobacteria","Betaproteobacteria","Burkholderiales","Alcaligenaceae","Paenalcaligenes","Paenalcaligenes hominis"
"Bacteria","Bacteria_none","Proteobacteria","Gammaproteobacteria","Oceanospirillales","Halomonadaceae","Halomonas","Halomonas organivorans"
"Bacteria","Bacteria_none","Actinobacteria","Actinomycetia","Micrococcales","Microbacteriaceae","Leucobacter","Leucobacter aerolatus"
"Bacteria","Bacteria_none","Proteobacteria","Betaproteobacteria","Burkholderiales","Alcaligenaceae","Paracandidimonas","Paracandidimonas soli"
"Bacteria","Bacteria_none","Actinobacteria","Actinomycetia","Micrococcales","Microbacteriaceae","Cryobacterium","Cryobacterium soli"
"Bacteria","Bacteria_none","Proteobacteria","Deltaproteobacteria","Myxococcales","Labilitrichaceae","Labilithrix","Labilithrix luteola"
"Bacteria","Bacteria_none","Actinobacteria","Actinomycetia","Micrococcales","Microbacteriaceae","Canibacter","Canibacter oris"
"Bacteria","Bacteria_none","Proteobacteria","Deltaproteobacteria","Myxococcales","Archangiaceae","Hyalangium","Hyalangium minutum"
"Bacteria","Bacteria_none","Actinobacteria","Actinomycetia","Actinomycetales","Actinomycetaceae","Flaviflexus","Flaviflexus equikiangi"
"Bacteria","Bacteria_none","Proteobacteria","Alphaproteobacteria","Sphingomonadales","Sphingomonadaceae","Novosphingobium","Novosphingobium kunmingense"
"Bacteria","Bacteria_none","Proteobacteria","Gammaproteobacteria","Moraxellales","Moraxellaceae","Acinetobacter","Acinetobacter rudis"
"Bacteria","Bacteria_none","Proteobacteria","Alphaproteobacteria","Sphingomonadales","Sphingomonadaceae","Novosphingobium","Novosphingobium chloroacetimidivorans"
"Bacteria","Bacteria_none","Actinobacteria","Actinomycetia","Micrococcales","Microbacteriaceae","Microbacterium","Microbacterium proteolyticum"
"Bacteria","Bacteria_none","Proteobacteria","Alphaproteobacteria","Hyphomicrobiales","Hyphomicrobiaceae","Methyloceanibacter","Methyloceanibacter caenitepidi"
"Bacteria","Bacteria_none","Actinobacteria","Actinomycetia","Micrococcales","Microbacteriaceae","Parafrigoribacterium","Parafrigoribacterium mesophilum"
"Bacteria","Bacteria_none","Proteobacteria","Alphaproteobacteria","Hyphomicrobiales","Hyphomicrobiaceae","Rhodoplanes","Rhodoplanes elegans"
"Bacteria","Bacteria_none","Firmicutes","Tissierellia","Tissierellales","Tissierellaceae","Schnuerera","Schnuerera ultunensis"
"Bacteria","Bacteria_none","Proteobacteria","Alphaproteobacteria","Hyphomicrobiales","Hyphomicrobiales_Incertae_sedis","Pseudorhodoplanes","Pseudorhodoplanes sinuspersici"
"Bacteria","Bacteria_none","Actinobacteria","Actinomycetia","Micrococcales","Micrococcaceae","Arthrobacter","Arthrobacter cupressi"
"Bacteria","Bacteria_none","Proteobacteria","Alphaproteobacteria","Hyphomicrobiales","Methylobacteriaceae","Methylorubrum","Methylorubrum rhodinum"
"Bacteria","Bacteria_none","Actinobacteria","Actinomycetia","Micrococcales","Micrococcaceae","Arthrobacter","Arthrobacter oryzae"
"Bacteria","Bacteria_none","Actinobacteria","Actinomycetia","Micrococcales","Intrasporangiaceae","Intrasporangium","Intrasporangium oryzae"
"Bacteria","Bacteria_none","Actinobacteria","Actinomycetia","Micrococcales","Intrasporangiaceae","Intrasporangium","Intrasporangium flavum"
"Bacteria","Bacteria_none","Actinobacteria","Actinomycetia","Micrococcales","Intrasporangiaceae","Intrasporangium","Intrasporangium chromatireducens"
"Bacteria","Bacteria_none","Proteobacteria","Gammaproteobacteria","Enterobacterales","Morganellaceae","Proteus","Proteus columbae"
"Bacteria","Bacteria_none","Actinobacteria","Actinomycetia","Micrococcales","Dermacoccaceae","Yimella","Yimella lutea"
"Bacteria","Bacteria_none","Proteobacteria","Alphaproteobacteria","Hyphomicrobiales","Methylobacteriaceae","Microvirga","Microvirga vignae"
"Bacteria","Bacteria_none","Actinobacteria","Actinomycetia","Micrococcales","Microbacteriaceae","Leucobacter","Leucobacter tardus"
"Bacteria","Bacteria_none","Proteobacteria","Alphaproteobacteria","Hyphomicrobiales","Methylocystaceae","Methylosinus","Methylosinus sporium"
"Bacteria","Bacteria_none","Actinobacteria","Actinomycetia","Micrococcales","Micrococcaceae","Arthrobacter","Arthrobacter woluwensis"
"Bacteria","Bacteria_none","Proteobacteria","Alphaproteobacteria","Hyphomicrobiales","Nitrobacteraceae","Bradyrhizobium","Bradyrhizobium americanum"
"Bacteria","Bacteria_none","Proteobacteria","Gammaproteobacteria","Enterobacterales","Pectobacteriaceae","Pectobacterium","Pectobacterium carotovorum"
"Bacteria","Bacteria_none","Proteobacteria","Alphaproteobacteria","Hyphomicrobiales","Nitrobacteraceae","Bradyrhizobium","Bradyrhizobium centrosematis"
"Bacteria","Bacteria_none","Proteobacteria","Alphaproteobacteria","Hyphomicrobiales","Nitrobacteraceae","Bradyrhizobium","Bradyrhizobium icense"
"Bacteria","Bacteria_none","Proteobacteria","Alphaproteobacteria","Hyphomicrobiales","Hyphomicrobiaceae","Hyphomicrobium","Hyphomicrobium denitrificans"
"Bacteria","Bacteria_none","Proteobacteria","Alphaproteobacteria","Hyphomicrobiales","Hyphomicrobiaceae","Filomicrobium","Filomicrobium insigne"
"Bacteria","Bacteria_none","Proteobacteria","Alphaproteobacteria","Hyphomicrobiales","Nitrobacteraceae","Bradyrhizobium","Bradyrhizobium liaoningense"
"Bacteria","Bacteria_none","Firmicutes","Tissierellia","Tissierellia_Incertae_sedis","Tissierellia_Incertae_sedis_Incertae_sedis","Sedimentibacter","Sedimentibacter saalensis"
"Bacteria","Bacteria_none","Proteobacteria","Alphaproteobacteria","Hyphomicrobiales","Aurantimonadaceae","Aureimonas","Aureimonas phyllosphaerae"
"Bacteria","Bacteria_none","Proteobacteria","Alphaproteobacteria","Hyphomicrobiales","Alsobacteraceae","Alsobacter","Alsobacter metallidurans"
"Bacteria","Bacteria_none","Proteobacteria","Alphaproteobacteria","Hyphomicrobiales","Brucellaceae","Brucella","Brucella pseudogrignonensis"
"Bacteria","Bacteria_none","Proteobacteria","Alphaproteobacteria","Caulobacterales","Caulobacteraceae","Brevundimonas","Brevundimonas olei"
"Bacteria","Bacteria_none","Actinobacteria","Actinomycetia","Micrococcales","Microbacteriaceae","Microbacterium","Microbacterium halotolerans"
"Bacteria","Bacteria_none","Planctomycetota","Planctomycetia","Isosphaerales","Isosphaeraceae","Singulisphaera","Singulisphaera acidiphila"
"Bacteria","Bacteria_none","Proteobacteria","Gammaproteobacteria","Enterobacterales","Enterobacteriaceae","Escherichia","Escherichia albertii"
"Bacteria","Bacteria_none","Actinobacteria","Actinomycetia","Micrococcales","Intrasporangiaceae","Janibacter","Janibacter endophyticus"
"Bacteria","Bacteria_none","Proteobacteria","Alphaproteobacteria","Hyphomicrobiales","Brucellaceae","Pseudochrobactrum","Pseudochrobactrum asaccharolyticum"
"Bacteria","Bacteria_none","Actinobacteria","Actinomycetia","Micrococcales","Intrasporangiaceae","Terrabacter","Terrabacter lapilli"
"Bacteria","Bacteria_none","Actinobacteria","Actinomycetia","Micrococcales","Microbacteriaceae","Microbacterium","Microbacterium murale"
"Bacteria","Bacteria_none","Proteobacteria","Alphaproteobacteria","Hyphomicrobiales","Brucellaceae","Pseudochrobactrum","Pseudochrobactrum saccharolyticum"
"Bacteria","Bacteria_none","Proteobacteria","Gammaproteobacteria","Enterobacterales","Enterobacteriaceae","Pseudescherichia","Pseudescherichia vulneris"
"Bacteria","Bacteria_none","Actinobacteria","Actinomycetia","Micrococcales","Microbacteriaceae","Microbacterium","Microbacterium profundi"
"Bacteria","Bacteria_none","Planctomycetota","Planctomycetia","Isosphaerales","Isosphaeraceae","Aquisphaera","Aquisphaera giovannonii"
"Bacteria","Bacteria_none","Proteobacteria","Alphaproteobacteria","Hyphomicrobiales","Devosiaceae","Devosia","Devosia oryziradicis"
"Bacteria","Bacteria_none","Nitrospirae","Nitrospira","Nitrospirales","Nitrospiraceae","Nitrospira","Nitrospira japonica"
"Bacteria","Bacteria_none","Proteobacteria","Gammaproteobacteria","Enterobacterales","Enterobacteriaceae","Enterobacter","Enterobacter sichuanensis"
"Bacteria","Bacteria_none","Lentisphaerae","Lentisphaeria","Victivallales","Victivallaceae","Victivallis","Victivallis vadensis"
"Bacteria","Bacteria_none","Actinobacteria","Actinomycetia","Micrococcales","Microbacteriaceae","Microbacterium","Microbacterium excoecariae"
"Bacteria","Bacteria_none","Actinobacteria","Actinomycetia","Micrococcales","Microbacteriaceae","Microbacterium","Microbacterium amylolyticum"
"Bacteria","Bacteria_none","Proteobacteria","Gammaproteobacteria","Enterobacterales","Enterobacteriaceae","Enterobacter","Enterobacter hormaechei"
"Bacteria","Bacteria_none","Actinobacteria","Actinomycetia","Micrococcales","Dermacoccaceae","Dermacoccus","Dermacoccus barathri"
"Bacteria","Bacteria_none","Proteobacteria","Alphaproteobacteria","Sphingomonadales","Sphingomonadaceae","Hephaestia","Hephaestia caeni"
"Bacteria","Bacteria_none","Proteobacteria","Alphaproteobacteria","Hyphomicrobiales","Phyllobacteriaceae","Pseudaminobacter","Pseudaminobacter soli"
"Bacteria","Bacteria_none","Proteobacteria","Alphaproteobacteria","Hyphomicrobiales","Xanthobacteraceae","Pseudolabrys","Pseudolabrys taiwanensis"
"Bacteria","Bacteria_none","Proteobacteria","Alphaproteobacteria","Rhodobacterales","Rhodobacteraceae","Paracoccus","Paracoccus acridae"
"Bacteria","Bacteria_none","Actinobacteria","Actinomycetia","Micrococcales","Microbacteriaceae","Leucobacter","Leucobacter muris"
"Bacteria","Bacteria_none","Proteobacteria","Alphaproteobacteria","Rhodobacterales","Rhodobacteraceae","Paracoccus","Paracoccus angustae"
"Bacteria","Bacteria_none","Proteobacteria","Gammaproteobacteria","Gammaproteobacteria_Incertae_sedis","Gammaproteobacteria_Incertae_sedis_Incertae_sedis","Pseudohongiella","Pseudohongiella nitratireducens"
"Bacteria","Bacteria_none","Proteobacteria","Alphaproteobacteria","Rhodobacterales","Rhodobacteraceae","Paracoccus","Paracoccus caeni"
"Bacteria","Bacteria_none","Actinobacteria","Actinomycetia","Micrococcales","Microbacteriaceae","Leucobacter","Leucobacter kyeonggiensis"
"Bacteria","Bacteria_none","Proteobacteria","Alphaproteobacteria","Hyphomicrobiales","Brucellaceae","Brucella","Brucella intermedia"
"Bacteria","Bacteria_none","Proteobacteria","Gammaproteobacteria","Aeromonadales","Aeromonadaceae","Oceanisphaera","Oceanisphaera ostreae"
"Bacteria","Bacteria_none","Proteobacteria","Alphaproteobacteria","Rhodobacterales","Rhodobacteraceae","Paracoccus","Paracoccus pantotrophus"
"Bacteria","Bacteria_none","Actinobacteria","Actinomycetia","Micrococcales","Micrococcaceae","Nesterenkonia","Nesterenkonia alba"
"Bacteria","Bacteria_none","Proteobacteria","Gammaproteobacteria","Moraxellales","Moraxellaceae","Psychrobacter","Psychrobacter pasteurii"
"Bacteria","Bacteria_none","Proteobacteria","Alphaproteobacteria","Rhodobacterales","Rhodobacteraceae","Paracoccus","Paracoccus solventivorans"
"Bacteria","Bacteria_none","Proteobacteria","Gammaproteobacteria","Moraxellales","Moraxellaceae","Psychrobacter","Psychrobacter pulmonis"
"Bacteria","Bacteria_none","Actinobacteria","Actinomycetia","Micrococcales","Micrococcaceae","Nesterenkonia","Nesterenkonia cremea"
"Bacteria","Bacteria_none","Proteobacteria","Alphaproteobacteria","Rhodobacterales","Rhodobacteraceae","Pelagivirga","Pelagivirga dicentrarchi"
"Bacteria","Bacteria_none","Proteobacteria","Alphaproteobacteria","Rhodospirillales","Stellaceae","Constrictibacter","Constrictibacter antarcticus"
"Bacteria","Bacteria_none","Actinobacteria","Actinomycetia","Micrococcales","Intrasporangiaceae","Pedococcus","Pedococcus bigeumensis"
"Bacteria","Bacteria_none","Actinobacteria","Actinomycetia","Micrococcales","Micrococcaceae","Nesterenkonia","Nesterenkonia rhizosphaerae"
"Bacteria","Bacteria_none","Proteobacteria","Gammaproteobacteria","Aeromonadales","Aeromonadaceae","Oceanimonas","Oceanimonas smirnovii"
"Bacteria","Bacteria_none","Proteobacteria","Gammaproteobacteria","Nevskiales","Steroidobacteraceae","Povalibacter","Povalibacter uvarum"
"Bacteria","Bacteria_none","Proteobacteria","Alphaproteobacteria","Hyphomicrobiales","Rhizobiaceae","Rhizobium","Rhizobium alvei"
"Bacteria","Bacteria_none","Proteobacteria","Alphaproteobacteria","Hyphomicrobiales","Phyllobacteriaceae","Nitratireductor","Nitratireductor pacificus"
"Bacteria","Bacteria_none","Firmicutes","Tissierellia","Tissierellales","Peptoniphilaceae","Helcococcus","Helcococcus kunzii"
"Bacteria","Bacteria_none","Proteobacteria","Alphaproteobacteria","Hyphomicrobiales","Phyllobacteriaceae","Nitratireductor","Nitratireductor lucknowense"
"Bacteria","Bacteria_none","Proteobacteria","Alphaproteobacteria","Hyphomicrobiales","Nitrobacteraceae","Bradyrhizobium","Bradyrhizobium mercantei"
"Bacteria","Bacteria_none","Proteobacteria","Gammaproteobacteria","Enterobacterales","Yersiniaceae","Serratia","Serratia nematodiphila"
"Bacteria","Bacteria_none","Proteobacteria","Alphaproteobacteria","Hyphomicrobiales","Nitrobacteraceae","Bradyrhizobium","Bradyrhizobium murdochi"
"Bacteria","Bacteria_none","Proteobacteria","Alphaproteobacteria","Hyphomicrobiales","Nitrobacteraceae","Bradyrhizobium","Bradyrhizobium paxllaeri"
"Bacteria","Bacteria_none","Proteobacteria","Alphaproteobacteria","Hyphomicrobiales","Nitrobacteraceae","Bradyrhizobium","Bradyrhizobium viridifuturi"
"Bacteria","Bacteria_none","Proteobacteria","Gammaproteobacteria","Enterobacterales","Enterobacteriaceae","Enterobacter","Enterobacter cancerogenus"
"Bacteria","Bacteria_none","Proteobacteria","Alphaproteobacteria","Hyphomicrobiales","Phyllobacteriaceae","Aquamicrobium","Aquamicrobium ahrensii"
"Bacteria","Bacteria_none","Actinobacteria","Actinomycetia","Micrococcales","Micrococcaceae","Glutamicibacter","Glutamicibacter endophyticus"
"Bacteria","Bacteria_none","Proteobacteria","Alphaproteobacteria","Hyphomicrobiales","Phyllobacteriaceae","Aquamicrobium","Aquamicrobium zhengzhouense"
"Bacteria","Bacteria_none","Proteobacteria","Alphaproteobacteria","Hyphomicrobiales","Phyllobacteriaceae","Chelativorans","Chelativorans multitrophicus"
"Bacteria","Bacteria_none","Actinobacteria","Actinomycetia","Corynebacteriales","Corynebacteriaceae","Corynebacterium","Corynebacterium auriscanis"
"Bacteria","Bacteria_none","Firmicutes","Tissierellia","Tissierellales","Peptoniphilaceae","Anaerococcus","Anaerococcus pacaensis"
"Bacteria","Bacteria_none","Proteobacteria","Alphaproteobacteria","Hyphomicrobiales","Phyllobacteriaceae","Mesorhizobium","Mesorhizobium amorphae"
"Bacteria","Bacteria_none","Actinobacteria","Actinomycetia","Micrococcales","Sanguibacteraceae","Sanguibacter","Sanguibacter suarezii"
"Bacteria","Bacteria_none","Proteobacteria","Gammaproteobacteria","Enterobacterales","Enterobacteriaceae","Cedecea","Cedecea lapagei"
"Bacteria","Bacteria_none","Proteobacteria","Alphaproteobacteria","Hyphomicrobiales","Phyllobacteriaceae","Mesorhizobium","Mesorhizobium australicum"
"Bacteria","Bacteria_none","Actinobacteria","Actinomycetia","Corynebacteriales","Corynebacteriaceae","Corynebacterium","Corynebacterium confusum"
"Bacteria","Bacteria_none","Firmicutes","Tissierellia","Tissierellales","Peptoniphilaceae","Anaerococcus","Anaerococcus nagyae"
"Bacteria","Bacteria_none","Proteobacteria","Alphaproteobacteria","Hyphomicrobiales","Phyllobacteriaceae","Mesorhizobium","Mesorhizobium chacoense"
"Bacteria","Bacteria_none","Proteobacteria","Alphaproteobacteria","Hyphomicrobiales","Phyllobacteriaceae","Mesorhizobium","Mesorhizobium comanense"
"Bacteria","Bacteria_none","Proteobacteria","Alphaproteobacteria","Hyphomicrobiales","Phyllobacteriaceae","Nitratireductor","Nitratireductor arenosus"
"Bacteria","Bacteria_none","Proteobacteria","Gammaproteobacteria","Enterobacterales","Enterobacteriaceae","Klebsiella","Klebsiella pneumoniae"
"Bacteria","Bacteria_none","Firmicutes","Bacilli","Bacillales","Bacillaceae","Bacillus","Bacillus paralicheniformis"
"Bacteria","Bacteria_none","Actinobacteria","Actinomycetia","Micromonosporales","Micromonosporaceae","Micromonospora","'Micromonospora endophytica' Thanaboripat et al. 2015"
"Bacteria","Bacteria_none","Bacteroidota","Bacteroidia","Bacteroidales","Rikenellaceae","Gallalistipes","Gallalistipes aquisgranensis"
"Bacteria","Bacteria_none","Firmicutes","Bacilli","Bacillales","Paenibacillaceae","Paenibacillus","Paenibacillus graminis"
"Bacteria","Bacteria_none","Firmicutes","Bacilli","Bacillales","Paenibacillaceae","Paenibacillus","Paenibacillus granivorans"
"Bacteria","Bacteria_none","Firmicutes","Bacilli","Bacillales","Paenibacillaceae","Paenibacillus","Paenibacillus illinoisensis"
"Bacteria","Bacteria_none","Firmicutes","Bacilli","Bacillales","Paenibacillaceae","Paenibacillus","Paenibacillus lautus"
"Bacteria","Bacteria_none","Firmicutes","Bacilli","Bacillales","Paenibacillaceae","Paenibacillus","Paenibacillus odorifer"
"Bacteria","Bacteria_none","Firmicutes","Bacilli","Bacillales","Paenibacillaceae","Paenibacillus","Paenibacillus oryzisoli"
"Bacteria","Bacteria_none","Firmicutes","Bacilli","Bacillales","Paenibacillaceae","Paenibacillus","Paenibacillus peoriae"
"Bacteria","Bacteria_none","Firmicutes","Bacilli","Bacillales","Paenibacillaceae","Paenibacillus","Paenibacillus polymyxa"
"Bacteria","Bacteria_none","Firmicutes","Bacilli","Bacillales","Paenibacillaceae","Paenibacillus","Paenibacillus psychroresistens"
"Bacteria","Bacteria_none","Firmicutes","Bacilli","Bacillales","Paenibacillaceae","Paenibacillus","Paenibacillus rhizosphaerae"
"Bacteria","Bacteria_none","Firmicutes","Bacilli","Bacillales","Paenibacillaceae","Paenibacillus","Paenibacillus senegalensis"
"Bacteria","Bacteria_none","Firmicutes","Bacilli","Bacillales","Paenibacillaceae","Paenibacillus","Paenibacillus seodonensis"
"Bacteria","Bacteria_none","Firmicutes","Bacilli","Bacillales","Paenibacillaceae","Paenibacillus","Paenibacillus silvae"
"Bacteria","Bacteria_none","Firmicutes","Bacilli","Bacillales","Paenibacillaceae","Paenibacillus","Paenibacillus silvestris"
"Bacteria","Bacteria_none","Firmicutes","Bacilli","Bacillales","Paenibacillaceae","Paenibacillus","Paenibacillus swuensis"
"Bacteria","Bacteria_none","Firmicutes","Bacilli","Bacillales","Paenibacillaceae","Paenibacillus","Paenibacillus tyrfis"
"Bacteria","Bacteria_none","Firmicutes","Bacilli","Bacillales","Paenibacillaceae","Paenibacillus","Paenibacillus vini"
"Bacteria","Bacteria_none","Firmicutes","Bacilli","Bacillales","Paenibacillaceae","Paenibacillus","Paenibacillus ginsengarvi"
"Bacteria","Bacteria_none","Firmicutes","Bacilli","Bacillales","Paenibacillaceae","Paenibacillus","Paenibacillus favisporus"
"Bacteria","Bacteria_none","Firmicutes","Bacilli","Bacillales","Paenibacillaceae","Paenibacillus","Paenibacillus chinjuensis"
"Bacteria","Bacteria_none","Firmicutes","Bacilli","Bacillales","Paenibacillaceae","Oxalophagus","Oxalophagus oxalicus"
"Bacteria","Bacteria_none","Bacteroidota","Bacteroidia","Bacteroidales","Rikenellaceae","Alistipes","Alistipes megaguti"
"Bacteria","Bacteria_none","Actinobacteria","Actinomycetia","Corynebacteriales","Nocardiaceae","Rhodococcus","Rhodococcus olei"
"Bacteria","Bacteria_none","Firmicutes","Bacilli","Bacillales","Paenibacillaceae","Brevibacillus","Brevibacillus fluminis"
"Bacteria","Bacteria_none","Firmicutes","Bacilli","Bacillales","Paenibacillaceae","Brevibacillus","Brevibacillus ginsengisoli"
"Bacteria","Bacteria_none","Firmicutes","Bacilli","Bacillales","Paenibacillaceae","Brevibacillus","Brevibacillus invocatus"
"Bacteria","Bacteria_none","Firmicutes","Bacilli","Bacillales","Paenibacillaceae","Brevibacillus","Brevibacillus reuszeri"
"Bacteria","Bacteria_none","Firmicutes","Bacilli","Bacillales","Paenibacillaceae","Cohnella","Cohnella panacarvi"
"Bacteria","Bacteria_none","Firmicutes","Bacilli","Bacillales","Paenibacillaceae","Paenibacillus","'Paenibacillus cucumis' Ahn et al. 2014"
"Bacteria","Bacteria_none","Firmicutes","Bacilli","Bacillales","Paenibacillaceae","Paenibacillus","Paenibacillus cavernae"
"Bacteria","Bacteria_none","Firmicutes","Bacilli","Bacillales","Paenibacillaceae","Paenibacillus","Paenibacillus alba"
"Bacteria","Bacteria_none","Firmicutes","Bacilli","Bacillales","Paenibacillaceae","Paenibacillus","Paenibacillus allorhizosphaerae"
"Bacteria","Bacteria_none","Firmicutes","Bacilli","Bacillales","Paenibacillaceae","Paenibacillus","Paenibacillus antri"
"Bacteria","Bacteria_none","Firmicutes","Bacilli","Bacillales","Paenibacillaceae","Paenibacillus","Paenibacillus barcinonensis"
"Bacteria","Bacteria_none","Firmicutes","Bacilli","Bacillales","Paenibacillaceae","Paenibacillus","Paenibacillus bouchesdurhonensis"
"Bacteria","Bacteria_none","Firmicutes","Bacilli","Bacillales","Paenibacillaceae","Paenibacillus","Paenibacillus bovis"
"Bacteria","Bacteria_none","Firmicutes","Bacilli","Bacillales","Paenibacillaceae","Paenibacillus","Paenibacillus catalpae"
"Bacteria","Bacteria_none","Firmicutes","Bacilli","Bacillales","Planococcaceae","Bhargavaea","Bhargavaea ullalensis"
"Bacteria","Bacteria_none","Firmicutes","Bacilli","Bacillales","Planococcaceae","Chryseomicrobium","Chryseomicrobium palamuruense"
"Bacteria","Bacteria_none","Firmicutes","Bacilli","Bacillales","Planococcaceae","Kurthia","Kurthia gibsonii"
"Bacteria","Bacteria_none","Bacteroidota","Bacteroidia","Bacteroidales","Bacteroidaceae","Bacteroides","Bacteroides graminisolvens"
"Bacteria","Bacteria_none","Firmicutes","Bacilli","Bacillales","Staphylococcaceae","Macrococcus","Macrococcus goetzii"
"Bacteria","Bacteria_none","Bacteroidota","Bacteroidia","Bacteroidales","Bacteroidaceae","Bacteroides","Bacteroides rodentium"
"Bacteria","Bacteria_none","Actinobacteria","Actinomycetia","Corynebacteriales","Mycobacteriaceae","Mycolicibacterium","Mycolicibacterium peregrinum"
"Bacteria","Bacteria_none","Bacteroidota","Bacteroidia","Bacteroidales","Bacteroidaceae","Bacteroides","Bacteroides ovatus"
"Bacteria","Bacteria_none","Bacteroidota","Bacteroidia","Bacteroidales","Bacteroidaceae","Bacteroides","Bacteroides koreensis"
"Bacteria","Bacteria_none","Actinobacteria","Actinomycetia","Corynebacteriales","Mycobacteriaceae","Mycolicibacterium","Mycolicibacterium iranicum"
"Bacteria","Bacteria_none","Actinobacteria","Actinomycetia","Corynebacteriales","Mycobacteriaceae","Mycolicibacterium","Mycolicibacterium insubricum"
"Bacteria","Bacteria_none","Actinobacteria","Actinomycetia","Corynebacteriales","Mycobacteriaceae","Mycolicibacterium","Mycolicibacterium houstonense"
"Bacteria","Bacteria_none","Firmicutes","Bacilli","Bacillales","Staphylococcaceae","Macrococcus","Macrococcus carouselicus"
"Bacteria","Bacteria_none","Actinobacteria","Actinomycetia","Corynebacteriales","Mycobacteriaceae","Mycolicibacterium","Mycolicibacterium farcinogenes"
"Bacteria","Bacteria_none","Firmicutes","Bacilli","Bacillales","Staphylococcaceae","Salinicoccus","Salinicoccus roseus"
"Bacteria","Bacteria_none","Actinobacteria","Actinomycetia","Corynebacteriales","Mycobacteriaceae","Mycolicibacterium","Mycolicibacterium fallax"
"Bacteria","Bacteria_none","Firmicutes","Bacilli","Bacillales","Staphylococcaceae","Staphylococcus","Staphylococcus agnetis"
"Bacteria","Bacteria_none","Bacteroidota","Bacteroidia","Bacteroidales","Bacteroidaceae","Bacteroides","Bacteroides eggerthii"
"Bacteria","Bacteria_none","Actinobacteria","Actinomycetia","Corynebacteriales","Mycobacteriaceae","Mycolicibacterium","Mycolicibacterium confluentis"
"Bacteria","Bacteria_none","Actinobacteria","Actinomycetia","Corynebacteriales","Mycobacteriaceae","Mycolicibacterium","Mycolicibacterium brumae"
"Bacteria","Bacteria_none","Firmicutes","Bacilli","Bacillales","Staphylococcaceae","Macrococcus","Macrococcus equipercicus"
"Bacteria","Bacteria_none","Firmicutes","Bacilli","Bacillales","Staphylococcaceae","Macrococcus","Macrococcus canis"
"Bacteria","Bacteria_none","Firmicutes","Bacilli","Bacillales","Planococcaceae","Kurthia","Kurthia huakuii"
"Bacteria","Bacteria_none","Firmicutes","Bacilli","Bacillales","Planococcaceae","Sporosarcina","Sporosarcina terrae"
"Bacteria","Bacteria_none","Firmicutes","Bacilli","Bacillales","Planococcaceae","Kurthia","Kurthia zopfii"
"Bacteria","Bacteria_none","Firmicutes","Bacilli","Bacillales","Planococcaceae","Planomicrobium","Planomicrobium soli"
"Bacteria","Bacteria_none","Firmicutes","Bacilli","Bacillales","Planococcaceae","Savagea","Savagea faecisuis"
"Bacteria","Bacteria_none","Firmicutes","Bacilli","Bacillales","Planococcaceae","Solibacillus","Solibacillus isronensis"
"Bacteria","Bacteria_none","Firmicutes","Bacilli","Bacillales","Planococcaceae","Sporosarcina","Sporosarcina beigongshangi"
"Bacteria","Bacteria_none","Firmicutes","Bacilli","Bacillales","Planococcaceae","Sporosarcina","Sporosarcina globispora"
"Bacteria","Bacteria_none","Bacteroidota","Bacteroidia","Bacteroidales","Odoribacteraceae","Butyricimonas","Butyricimonas virosa"
"Bacteria","Bacteria_none","Firmicutes","Bacilli","Bacillales","Planococcaceae","Ureibacillus","Ureibacillus acetophenoni"
"Bacteria","Bacteria_none","Bacteroidota","Bacteroidia","Bacteroidales","Bacteroidaceae","Bacteroides","Bacteroides xylanisolvens"
"Bacteria","Bacteria_none","Firmicutes","Bacilli","Bacillales","Planococcaceae","Ureibacillus","Ureibacillus manganicus"
"Bacteria","Bacteria_none","Firmicutes","Bacilli","Bacillales","Planococcaceae","Ureibacillus","Ureibacillus massiliensis"
"Bacteria","Bacteria_none","Firmicutes","Bacilli","Bacillales","Sporolactobacillaceae","Pullulanibacillus","Pullulanibacillus naganoensis"
"Bacteria","Bacteria_none","Actinobacteria","Actinomycetia","Corynebacteriales","Nocardiaceae","Prescottella","Prescottella equi"
"Bacteria","Bacteria_none","Actinobacteria","Actinomycetia","Corynebacteriales","Nocardiaceae","Nocardia","Nocardia niigatensis"
"Bacteria","Bacteria_none","Actinobacteria","Actinomycetia","Corynebacteriales","Nocardiaceae","Nocardia","Nocardia mikamii"
"Bacteria","Bacteria_none","Actinobacteria","Actinomycetia","Corynebacteriales","Nocardiaceae","Nocardia","Nocardia inohanensis"
"Bacteria","Bacteria_none","Firmicutes","Bacilli","Bacillales","Listeriaceae","Listeria","Listeria fleischmannii"
"Bacteria","Bacteria_none","Actinobacteria","Actinomycetia","Corynebacteriales","Nocardiaceae","Rhodococcus","Rhodococcus wratislaviensis"
"Bacteria","Bacteria_none","Actinobacteria","Actinomycetia","Micromonosporales","Micromonosporaceae","Micromonospora","Micromonospora andamanensis"
"Bacteria","Bacteria_none","Bacteroidota","Chitinophagia","Chitinophagales","Chitinophagaceae","Flavitalea","Flavitalea flava"
"Bacteria","Bacteria_none","Firmicutes","Bacilli","Bacillales","Bacillaceae","Cytobacillus","Cytobacillus solani"
"Bacteria","Bacteria_none","Firmicutes","Bacilli","Bacillales","Bacillaceae","Desertibacillus","Desertibacillus haloalkaliphilus"
"Bacteria","Bacteria_none","Firmicutes","Bacilli","Bacillales","Bacillaceae","Ectobacillus","Ectobacillus panaciterrae"
"Bacteria","Bacteria_none","Firmicutes","Bacilli","Bacillales","Bacillaceae","Edaphobacillus","Edaphobacillus lindanitolerans"
"Bacteria","Bacteria_none","Firmicutes","Bacilli","Bacillales","Bacillaceae","Fermentibacillus","Fermentibacillus polygoni"
"Bacteria","Bacteria_none","Firmicutes","Bacilli","Bacillales","Bacillaceae","Bacillus","Bacillus massiliglaciei"
"Bacteria","Bacteria_none","Firmicutes","Bacilli","Bacillales","Bacillaceae","Geobacillus","Geobacillus kaustophilus"
"Bacteria","Bacteria_none","Firmicutes","Bacilli","Bacillales","Bacillaceae","Gottfriedia","Gottfriedia endophyticus"
"Bacteria","Bacteria_none","Firmicutes","Bacilli","Bacillales","Bacillaceae","Gottfriedia","Gottfriedia luciferensis"
"Bacteria","Bacteria_none","Firmicutes","Bacilli","Bacillales","Bacillaceae","Bacillus","Bacillus infernus"
"Bacteria","Bacteria_none","Firmicutes","Bacilli","Bacillales","Bacillaceae","Bacillus","Bacillus cytotoxicus"
"Bacteria","Bacteria_none","Firmicutes","Bacilli","Bacillales","Bacillaceae","Bacillus","Bacillus coahuilensis"
"Bacteria","Bacteria_none","Firmicutes","Bacilli","Bacillales","Bacillaceae","Bacillus","Bacillus cihuensis"
"Bacteria","Bacteria_none","Firmicutes","Bacilli","Bacillales","Bacillaceae","Lysinibacillus","Lysinibacillus alkaliphilus"
"Bacteria","Bacteria_none","Firmicutes","Bacilli","Bacillales","Bacillaceae","Lysinibacillus","Lysinibacillus odysseyi"
"Bacteria","Bacteria_none","Firmicutes","Bacilli","Bacillales","Bacillaceae","Lysinibacillus","Lysinibacillus pakistanensis"
"Bacteria","Bacteria_none","Firmicutes","Bacilli","Bacillales","Bacillaceae","Lysinibacillus","Lysinibacillus xylanilyticus"
"Bacteria","Bacteria_none","Firmicutes","Bacilli","Bacillales","Bacillaceae","Cytobacillus","Cytobacillus purgationiresistens"
"Bacteria","Bacteria_none","Firmicutes","Bacilli","Bacillales","Bacillaceae","Cytobacillus","Cytobacillus oceanisediminis"
"Bacteria","Bacteria_none","Firmicutes","Bacilli","Bacillales","Bacillaceae","Cytobacillus","Cytobacillus kochii"
"Bacteria","Bacteria_none","Firmicutes","Bacilli","Bacillales","Bacillaceae","Bacillus","Bacillus thuringiensis"
"Bacteria","Bacteria_none","Firmicutes","Bacilli","Bacillales","Bacillaceae","Bacillus","Bacillus pseudomycoides"
"Bacteria","Bacteria_none","Firmicutes","Bacilli","Bacillales","Bacillaceae","Bacillus","Bacillus rugosus"
"Bacteria","Bacteria_none","Firmicutes","Bacilli","Bacillales","Bacillaceae","Bacillus","Bacillus sanguinis"
"Bacteria","Bacteria_none","Firmicutes","Bacilli","Bacillales","Bacillaceae","Bacillus","Bacillus sonorensis"
"Bacteria","Bacteria_none","Firmicutes","Bacilli","Bacillales","Bacillaceae","Bacillus","Bacillus stratosphericus"
"Bacteria","Bacteria_none","Firmicutes","Bacilli","Bacillales","Bacillaceae","Bacillus","Bacillus nematocida"
"Bacteria","Bacteria_none","Firmicutes","Bacilli","Bacillales","Bacillaceae","Bacillus","Bacillus swezeyi"
"Bacteria","Bacteria_none","Firmicutes","Bacilli","Bacillales","Bacillaceae","Bacillus","Bacillus toyonensis"
"Bacteria","Bacteria_none","Firmicutes","Bacilli","Bacillales","Bacillaceae","Cytobacillus","Cytobacillus firmus"
"Bacteria","Bacteria_none","Firmicutes","Bacilli","Bacillales","Bacillaceae","Bacillus","Bacillus tropicus"
"Bacteria","Bacteria_none","Firmicutes","Bacilli","Bacillales","Bacillaceae","Bacillus","Bacillus nakamurai"
"Bacteria","Bacteria_none","Firmicutes","Bacilli","Bacillales","Bacillaceae","Bacillus","Bacillus wiedmannii"
"Bacteria","Bacteria_none","Firmicutes","Bacilli","Bacillales","Bacillaceae","Bacillus","Bacillus zhangzhouensis"
"Bacteria","Bacteria_none","Firmicutes","Bacilli","Bacillales","Bacillaceae","Bacillus","Bacillus mojavensis"
"Bacteria","Bacteria_none","Firmicutes","Bacilli","Bacillales","Bacillaceae","Bacillus","Bacillus massilionigeriensis"
"Bacteria","Bacteria_none","Firmicutes","Bacilli","Bacillales","Bacillaceae","Compostibacillus","Compostibacillus humi"
"Bacteria","Bacteria_none","Firmicutes","Bacilli","Bacillales","Bacillaceae","Margalitia","Margalitia camelliae"
"Bacteria","Bacteria_none","Firmicutes","Bacilli","Bacillales","Bacillaceae","Mesobacillus","Mesobacillus jeotgali"
"Bacteria","Bacteria_none","Firmicutes","Bacilli","Bacillales","Bacillaceae","Mesobacillus","Mesobacillus thioparans"
"Bacteria","Bacteria_none","Bacteroidota","Sphingobacteriia","Sphingobacteriales","Sphingobacteriaceae","Parapedobacter","Parapedobacter lycopersici"
"Bacteria","Bacteria_none","Actinobacteria","Actinomycetia","Geodermatophilales","Geodermatophilaceae","Cumulibacter","Cumulibacter manganitolerans"
"Bacteria","Bacteria_none","Actinobacteria","Actinomycetia","Geodermatophilales","Geodermatophilaceae","Blastococcus","Blastococcus tunisiensis"
"Bacteria","Bacteria_none","Firmicutes","Bacilli","Bacillales","Bacillaceae","Robertmurraya","Robertmurraya crescens"
"Bacteria","Bacteria_none","Chloroflexi","Thermomicrobia","Sphaerobacterales","Sphaerobacteraceae","Sphaerobacter","Sphaerobacter thermophilus"
"Bacteria","Bacteria_none","Chloroflexi","Ktedonobacteria","Ktedonobacterales","Dictyobacteraceae","Dictyobacter","Dictyobacter arantiisoli"
"Bacteria","Bacteria_none","Firmicutes","Bacilli","Bacillales","Bacillaceae","Virgibacillus","Virgibacillus ainsalahensis"
"Bacteria","Bacteria_none","Actinobacteria","Actinomycetia","Corynebacteriales","Tsukamurellaceae","Tsukamurella","Tsukamurella tyrosinosolvens"
"Bacteria","Bacteria_none","Bacteroidota","Flavobacteriia","Flavobacteriales","Weeksellaceae","Kaistella","Kaistella treverensis"
"Bacteria","Bacteria_none","Firmicutes","Bacilli","Bacillales","Bacillaceae","Peribacillus","Peribacillus frigoritolerans"
"Bacteria","Bacteria_none","Bacteroidota","Flavobacteriia","Flavobacteriales","Flavobacteriaceae","Myroides","Myroides aquimaris"
"Bacteria","Bacteria_none","Firmicutes","Bacilli","Bacillales","Bacillaceae","Virgibacillus","Virgibacillus ihumii"
"Bacteria","Bacteria_none","Bacteroidota","Flavobacteriia","Flavobacteriales","Flavobacteriaceae","Gelidibacter","Gelidibacter pelagius"
"Bacteria","Bacteria_none","Bacteroidota","Flavobacteriia","Flavobacteriales","Crocinitomicaceae","Brumimicrobium","Brumimicrobium aurantiacum"
"Bacteria","Bacteria_none","Bacteroidota","Cytophagia","Cytophagales","Hymenobacteraceae","Pontibacter","Pontibacter virosus"
"Bacteria","Bacteria_none","Bacteroidota","Cytophagia","Cytophagales","Hymenobacteraceae","Pontibacter","Pontibacter flavimaris"
"Bacteria","Bacteria_none","Actinobacteria","Actinomycetia","Corynebacteriales","Nocardiaceae","Rhodococcus","Rhodococcus zopfii"
"Bacteria","Bacteria_none","Firmicutes","Bacilli","Bacillales","Bacillaceae","Peribacillus","Peribacillus loiseleuriae"
"Bacteria","Bacteria_none","Deinococcus-Thermus","Deinococci","Deinococcales","Deinococcaceae","Deinococcus","Deinococcus aerolatus"
"Bacteria","Bacteria_none","Firmicutes","Bacilli","Bacillales","Bacillaceae","Bacillus","Bacillus cabrialesii"
"Bacteria","Bacteria_none","Actinobacteria","Actinomycetia","Glycomycetales","Glycomycetaceae","Glycomyces","Glycomyces tenuis"
"Bacteria","Bacteria_none","Firmicutes","Bacilli","Bacillales","Bacillaceae","Neobacillus","Neobacillus piezotolerans"
"Bacteria","Bacteria_none","Firmicutes","Bacilli","Bacillales","Bacillaceae","Bacillus","Bacillus badius"
"Bacteria","Bacteria_none","Firmicutes","Bacilli","Bacillales","Bacillaceae","Niallia","Niallia nealsonii"
"Bacteria","Bacteria_none","Firmicutes","Bacilli","Bacillales","Bacillaceae","Oceanobacillus","Oceanobacillus aidingensis"
"Bacteria","Bacteria_none","Firmicutes","Bacilli","Bacillales","Bacillaceae","Oceanobacillus","Oceanobacillus arenosus"
"Bacteria","Bacteria_none","Firmicutes","Bacilli","Bacillales","Bacillaceae","Bacillus","Bacillus andreraoultii"
"Bacteria","Bacteria_none","Firmicutes","Bacilli","Bacillales","Bacillaceae","Aquibacillus","Aquibacillus salifodinae"
"Bacteria","Bacteria_none","Firmicutes","Bacilli","Bacillales","Bacillaceae","Amphibacillus","Amphibacillus xylanus"
"Bacteria","Bacteria_none","Firmicutes","Bacilli","Bacillales","Bacillaceae","Paraliobacillus","Paraliobacillus ryukyuensis"
"Bacteria","Bacteria_none","Firmicutes","Bacilli","Bacillales","Bacillaceae","Oceanobacillus","Oceanobacillus manasiensis"
"Bacteria","Bacteria_none","Firmicutes","Bacilli","Bacillales","Bacillaceae","Oceanobacillus","Oceanobacillus neutriphilus"
"Bacteria","Bacteria_none","Firmicutes","Bacilli","Bacillales","Bacillaceae","Alkalihalobacterium","Alkalihalobacterium elongatum"
"Bacteria","Bacteria_none","Firmicutes","Bacilli","Bacillales","Bacillaceae","Oceanobacillus","Oceanobacillus piezotolerans"
"Bacteria","Bacteria_none","Firmicutes","Bacilli","Bacillales","Bacillaceae","Alkalihalobacillus","Alkalihalobacillus rhizosphaerae"
"Bacteria","Bacteria_none","Firmicutes","Bacilli","Bacillales","Alicyclobacillaceae","Effusibacillus","Effusibacillus consociatus"
"Bacteria","Bacteria_none","Firmicutes","Bacilli","Bacillales","Alicyclobacillaceae","Alicyclobacillus","Alicyclobacillus sacchari"
"Bacteria","Bacteria_none","Actinobacteria","Thermoleophilia","Solirubrobacterales","Solirubrobacteraceae","Solirubrobacter","Solirubrobacter soli"
"Bacteria","Bacteria_none","Actinobacteria","Thermoleophilia","Solirubrobacterales","Solirubrobacteraceae","Solirubrobacter","Solirubrobacter ginsenosidimutans"
"Bacteria","Bacteria_none","Actinobacteria","Rubrobacteria","Rubrobacterales","Baekduiaceae","Baekduia","Baekduia soli"
"Bacteria","Bacteria_none","Actinobacteria","Coriobacteriia","Coriobacteriales","Atopobiaceae","Thermophilibacter","Thermophilibacter provencensis"
"Bacteria","Bacteria_none","Firmicutes","Clostridia","Eubacteriales","Clostridiaceae","Alkaliphilus","Alkaliphilus halophilus"
"Bacteria","Bacteria_none","Actinobacteria","Actinomycetia","Pseudonocardiales","Pseudonocardiaceae","Pseudonocardia","Pseudonocardia ammonioxydans"
"Bacteria","Bacteria_none","Firmicutes","Clostridia","Eubacteriales","Clostridiaceae","Clostridium","Clostridium carboxidivorans"
"Bacteria","Bacteria_none","Actinobacteria","Actinomycetia","Pseudonocardiales","Pseudonocardiaceae","Pseudonocardia","Pseudonocardia adelaidensis"
"Bacteria","Bacteria_none","Actinobacteria","Actinomycetia","Pseudonocardiales","Pseudonocardiaceae","Pseudonocardia","Pseudonocardia acaciae"
"Bacteria","Bacteria_none","Firmicutes","Clostridia","Eubacteriales","Clostridiaceae","Clostridium","Clostridium hydrogenum"
"Bacteria","Bacteria_none","Firmicutes","Clostridia","Eubacteriales","Clostridiaceae","Clostridium","Clostridium kogasense"
"Bacteria","Bacteria_none","Actinobacteria","Actinomycetia","Pseudonocardiales","Pseudonocardiaceae","Prauserella","Prauserella flavalba"
"Bacteria","Bacteria_none","Firmicutes","Clostridia","Eubacteriales","Clostridiaceae","Clostridium","Clostridium pascui"
"Bacteria","Bacteria_none","Actinobacteria","Actinomycetia","Pseudonocardiales","Pseudonocardiaceae","Goodfellowiella","Goodfellowiella coeruleoviolacea"
"Bacteria","Bacteria_none","Firmicutes","Clostridia","Eubacteriales","Clostridiaceae","Clostridium","Clostridium polyendosporum"
"Bacteria","Bacteria_none","Firmicutes","Clostridia","Eubacteriales","Clostridiaceae","Clostridium","Clostridium rectalis"
"Bacteria","Bacteria_none","Firmicutes","Clostridia","Eubacteriales","Clostridiaceae","Clostridium","Clostridium saccharoperbutylacetonicum"
"Bacteria","Bacteria_none","Actinobacteria","Actinomycetia","Pseudonocardiales","Pseudonocardiaceae","Amycolatopsis","Amycolatopsis lexingtonensis"
"Bacteria","Bacteria_none","Firmicutes","Clostridia","Eubacteriales","Clostridiaceae","Clostridium","Clostridium sporogenes"
"Bacteria","Bacteria_none","Firmicutes","Clostridia","Eubacteriales","Clostridiaceae","Clostridium","Clostridium subterminale"
"Bacteria","Bacteria_none","Actinobacteria","Actinomycetia","Pseudonocardiales","Pseudonocardiaceae","Amycolatopsis","Amycolatopsis helveola"
"Bacteria","Bacteria_none","Firmicutes","Clostridia","Eubacteriales","Christensenellaceae","Gehongia","Gehongia tenuis"
"Bacteria","Bacteria_none","Actinobacteria","Actinomycetia","Pseudonocardiales","Pseudonocardiaceae","Pseudonocardia","Pseudonocardia eucalypti"
"Bacteria","Bacteria_none","Actinobacteria","Actinomycetia","Pseudonocardiales","Pseudonocardiaceae","Pseudonocardia","Pseudonocardia mangrovi"
"Bacteria","Bacteria_none","Firmicutes","Bacilli","Lactobacillales","Lactobacillaceae","Limosilactobacillus","Limosilactobacillus rudii"
"Bacteria","Bacteria_none","Actinobacteria","Actinomycetia","Streptomycetales","Streptomycetaceae","Streptomyces","Streptomyces bluensis"
"Bacteria","Bacteria_none","Firmicutes","Bacilli","Lactobacillales","Lactobacillaceae","Limosilactobacillus","Limosilactobacillus alvi"
"Bacteria","Bacteria_none","Actinobacteria","Actinomycetia","Streptomycetales","Streptomycetaceae","Streptomyces","Streptomyces anandii"
"Bacteria","Bacteria_none","Actinobacteria","Actinomycetia","Streptomycetales","Streptomycetaceae","Streptomyces","Streptomyces albus"
"Bacteria","Bacteria_none","Actinobacteria","Actinomycetia","Streptomycetales","Streptomycetaceae","Streptomyces","Streptomyces alanosinicus"
"Bacteria","Bacteria_none","Actinobacteria","Actinomycetia","Streptomycetales","Streptomycetaceae","Streptomyces","'Streptomyces viridis' (Lombardo-Pellegrino 1903) Waksman 1953"
"Bacteria","Bacteria_none","Actinobacteria","Actinomycetia","Streptomycetales","Streptomycetaceae","Actinacidiphila","Actinacidiphila rubida"
"Bacteria","Bacteria_none","Actinobacteria","Actinomycetia","Sporichthyales","Sporichthyaceae","Epidermidibacterium","Epidermidibacterium keratini"
"Bacteria","Bacteria_none","Firmicutes","Bacilli","Lactobacillales","Streptococcaceae","Streptococcus","Streptococcus hyovaginalis"
"Bacteria","Bacteria_none","Actinobacteria","Actinomycetia","Pseudonocardiales","Pseudonocardiaceae","Saccharopolyspora","Saccharopolyspora taberi"
"Bacteria","Bacteria_none","Firmicutes","Bacilli","Lactobacillales","Lactobacillaceae","Loigolactobacillus","Loigolactobacillus bifermentans"
"Bacteria","Bacteria_none","Actinobacteria","Actinomycetia","Pseudonocardiales","Pseudonocardiaceae","Saccharopolyspora","Saccharopolyspora maritima"
"Bacteria","Bacteria_none","Actinobacteria","Actinomycetia","Pseudonocardiales","Pseudonocardiaceae","Saccharopolyspora","Saccharopolyspora karakumensis"
"Bacteria","Bacteria_none","Actinobacteria","Actinomycetia","Pseudonocardiales","Pseudonocardiaceae","Saccharopolyspora","Saccharopolyspora flava"
"Bacteria","Bacteria_none","Actinobacteria","Actinomycetia","Pseudonocardiales","Pseudonocardiaceae","Saccharopolyspora","Saccharopolyspora endophytica"
"Bacteria","Bacteria_none","Actinobacteria","Actinomycetia","Pseudonocardiales","Pseudonocardiaceae","Saccharopolyspora","Saccharopolyspora aridisoli"
"Bacteria","Bacteria_none","Firmicutes","Clostridia","Eubacteriales","Clostridiaceae","Clostridium","Clostridium tetani"
"Bacteria","Bacteria_none","Firmicutes","Clostridia","Eubacteriales","Clostridiaceae","Clostridium","Clostridium thermarum"
"Bacteria","Bacteria_none","Firmicutes","Clostridia","Eubacteriales","Clostridiaceae","Clostridium","Clostridium thiosulfatireducens"
"Bacteria","Bacteria_none","Firmicutes","Clostridia","Eubacteriales","Lachnospiraceae","Mediterraneibacter","Mediterraneibacter butyricigenes"
"Bacteria","Bacteria_none","Actinobacteria","Actinomycetia","Propionibacteriales","Actinopolymorphaceae","Actinopolymorpha","Actinopolymorpha cephalotaxi"
"Bacteria","Bacteria_none","Firmicutes","Clostridia","Eubacteriales","Lachnospiraceae","Cellulosilyticum","Cellulosilyticum lentocellum"
"Bacteria","Bacteria_none","Firmicutes","Clostridia","Eubacteriales","Lachnospiraceae","Faecalicatena","Faecalicatena fissicatena"
"Bacteria","Bacteria_none","Actinobacteria","Actinomycetia","Nakamurellales","Nakamurellaceae","Nakamurella","Nakamurella flava"
"Bacteria","Bacteria_none","Firmicutes","Clostridia","Eubacteriales","Lachnospiraceae","Kineothrix","Kineothrix alysoides"
"Bacteria","Bacteria_none","Actinobacteria","Actinomycetia","Micromonosporales","Micromonosporaceae","Rugosimonospora","Rugosimonospora acidiphila"
"Bacteria","Bacteria_none","Firmicutes","Clostridia","Eubacteriales","Lachnospiraceae","Lacrimispora","Lacrimispora xylanolytica"
"Bacteria","Bacteria_none","Actinobacteria","Actinomycetia","Micromonosporales","Micromonosporaceae","Micromonospora","Micromonospora yasonensis"
"Bacteria","Bacteria_none","Firmicutes","Clostridia","Eubacteriales","Lachnospiraceae","Blautia","Blautia faecis"
"Bacteria","Bacteria_none","Actinobacteria","Actinomycetia","Micromonosporales","Micromonosporaceae","Micromonospora","Micromonospora sonneratiae"
"Bacteria","Bacteria_none","Actinobacteria","Actinomycetia","Micromonosporales","Micromonosporaceae","Micromonospora","Micromonospora pelagivivens"
"Bacteria","Bacteria_none","Firmicutes","Clostridia","Eubacteriales","Lachnospiraceae","Mobilitalea","Mobilitalea sibirica"
"Bacteria","Bacteria_none","Firmicutes","Clostridia","Eubacteriales","Lachnospiraceae","Qiania","Qiania dongpingensis"
"Bacteria","Bacteria_none","Firmicutes","Clostridia","Eubacteriales","Lachnospiraceae","Roseburia","Roseburia intestinalis"
"Bacteria","Bacteria_none","Actinobacteria","Actinomycetia","Micromonosporales","Micromonosporaceae","Micromonospora","Micromonospora ovatispora"
"Bacteria","Bacteria_none","Actinobacteria","Actinomycetia","Micromonosporales","Micromonosporaceae","Micromonospora","Micromonospora fluminis"
"Bacteria","Bacteria_none","Firmicutes","Clostridia","Eubacteriales","Lachnospiraceae","Blautia","Blautia schinkii"
"Bacteria","Bacteria_none","Actinobacteria","Actinomycetia","Propionibacteriales","Nocardioidaceae","Marmoricola","Marmoricola solisilvae"
"Bacteria","Bacteria_none","Firmicutes","Clostridia","Eubacteriales","Clostridiaceae","Clostridium","Clostridium vincentii"
"Bacteria","Bacteria_none","Actinobacteria","Actinomycetia","Propionibacteriales","Nocardioidaceae","Nocardioides","Nocardioides mesophilus"
"Bacteria","Bacteria_none","Actinobacteria","Actinomycetia","Pseudonocardiales","Pseudonocardiaceae","Actinomycetospora","Actinomycetospora straminea"
"Bacteria","Bacteria_none","Firmicutes","Clostridia","Eubacteriales","Clostridiaceae","Oxobacter","Oxobacter pfennigii"
"Bacteria","Bacteria_none","Firmicutes","Clostridia","Eubacteriales","Desulfitobacteriaceae","Desulfosporosinus","Desulfosporosinus hippei"
"Bacteria","Bacteria_none","Actinobacteria","Actinomycetia","Propionibacteriales","Propionibacteriaceae","Tessaracoccus","Tessaracoccus terricola"
"Bacteria","Bacteria_none","Actinobacteria","Actinomycetia","Propionibacteriales","Propionibacteriaceae","Tessaracoccus","Tessaracoccus oleiagri"
"Bacteria","Bacteria_none","Actinobacteria","Actinomycetia","Propionibacteriales","Propionibacteriaceae","Tessaracoccus","Tessaracoccus flavescens"
"Bacteria","Bacteria_none","Actinobacteria","Actinomycetia","Propionibacteriales","Propionibacteriaceae","Mariniluteicoccus","Mariniluteicoccus endophyticus"
"Bacteria","Bacteria_none","Firmicutes","Clostridia","Eubacteriales","Lachnospiraceae","Anaerocolumna","Anaerocolumna chitinilytica"
"Bacteria","Bacteria_none","Firmicutes","Clostridia","Eubacteriales","Lachnospiraceae","Bariatricus","Bariatricus massiliensis"
"Bacteria","Bacteria_none","Firmicutes","Clostridia","Eubacteriales","Lachnospiraceae","Anaerocolumna","Anaerocolumna jejuensis"
"Bacteria","Bacteria_none","Actinobacteria","Actinomycetia","Propionibacteriales","Nocardioidaceae","Nocardioides","Nocardioides glacieisoli"
"Bacteria","Bacteria_none","Firmicutes","Clostridia","Eubacteriales","Lachnospiraceae","Anaerostipes","Anaerostipes faecis"
"Bacteria","Bacteria_none","Firmicutes","Clostridia","Eubacteriales","Lachnospiraceae","Anaerostipes","Anaerostipes hominis"
"Bacteria","Bacteria_none","Firmicutes","Clostridia","Eubacteriales","Lachnospiraceae","Anaerostipes","Anaerostipes rhamnosivorans"
"Bacteria","Bacteria_none","Firmicutes","Clostridia","Eubacteriales","Lachnospiraceae","Anaerotignum","Anaerotignum faecicola"
"Bacteria","Bacteria_none","Actinobacteria","Actinomycetia","Propionibacteriales","Nocardioidaceae","Nocardioides","Nocardioides cavernae"
"Bacteria","Bacteria_none","Actinobacteria","Actinomycetia","Streptomycetales","Streptomycetaceae","Streptomyces","Streptomyces camponoticapitis"
"Bacteria","Bacteria_none","Firmicutes","Bacilli","Lactobacillales","Lactobacillaceae","Ligilactobacillus","Ligilactobacillus hayakitensis"
"Bacteria","Bacteria_none","Firmicutes","Bacilli","Bacillales","Bacillaceae","Bacillus","Bacillus proteolyticus"
"Bacteria","Bacteria_none","Firmicutes","Bacilli","Lactobacillales","Carnobacteriaceae","Jeotgalibaca","Jeotgalibaca dankookensis"
"Bacteria","Bacteria_none","Actinobacteria","Actinomycetia","Corynebacteriales","Mycobacteriaceae","Mycobacterium","Mycobacterium virginiense"
"Bacteria","Bacteria_none","Actinobacteria","Actinomycetia","Streptosporangiales","Streptosporangiaceae","Microbispora","Microbispora corallina"
"Bacteria","Bacteria_none","Actinobacteria","Actinomycetia","Corynebacteriales","Mycobacteriaceae","Mycobacterium","Mycobacterium saskatchewanense"
"Bacteria","Bacteria_none","Firmicutes","Bacilli","Lactobacillales","Carnobacteriaceae","Alkalibacterium","Alkalibacterium subtropicum"
"Bacteria","Bacteria_none","Actinobacteria","Actinomycetia","Streptosporangiales","Nocardiopsaceae","Spiractinospora","Spiractinospora alimapuensis"
"Bacteria","Bacteria_none","Actinobacteria","Actinomycetia","Corynebacteriales","Mycobacteriaceae","Mycobacterium","Mycobacterium pallens"
"Bacteria","Bacteria_none","Actinobacteria","Actinomycetia","Kineosporiales","Kineosporiaceae","Angustibacter","Angustibacter aerolatus"
"Bacteria","Bacteria_none","Firmicutes","Bacilli","Lactobacillales","Carnobacteriaceae","Jeotgalibaca","Jeotgalibaca porci"
"Bacteria","Bacteria_none","Firmicutes","Bacilli","Bacillales","Thermoactinomycetaceae","Shimazuella","Shimazuella alba"
"Bacteria","Bacteria_none","Actinobacteria","Actinomycetia","Corynebacteriales","Mycobacteriaceae","Mycobacterium","Mycobacterium barrassiae"
"Bacteria","Bacteria_none","Firmicutes","Bacilli","Lactobacillales","Enterococcaceae","Enterococcus","Enterococcus alcedinis"
"Bacteria","Bacteria_none","Firmicutes","Bacilli","Lactobacillales","Enterococcaceae","Enterococcus","Enterococcus camelliae"
"Bacteria","Bacteria_none","Actinobacteria","Actinomycetia","Corynebacteriales","Mycobacteriaceae","Mycobacterium","Mycobacterium aquiterrae"
"Bacteria","Bacteria_none","Actinobacteria","Actinomycetia","Corynebacteriales","Lawsonellaceae","Lawsonella","Lawsonella clevelandensis"
"Bacteria","Bacteria_none","Actinobacteria","Actinomycetia","Corynebacteriales","Gordoniaceae","Gordonia","Gordonia phthalatica"
"Bacteria","Bacteria_none","Firmicutes","Bacilli","Lactobacillales","Enterococcaceae","Enterococcus","Enterococcus eurekensis"
"Bacteria","Bacteria_none","Firmicutes","Bacilli","Bacillales","Thermoactinomycetaceae","Thermoactinomyces","Thermoactinomyces khenchelensis"
"Bacteria","Bacteria_none","Firmicutes","Bacilli","Bacillales","Thermoactinomycetaceae","Kroppenstedtia","Kroppenstedtia eburnea"
"Bacteria","Bacteria_none","Actinobacteria","Actinomycetia","Corynebacteriales","Gordoniaceae","Gordonia","Gordonia hydrophobica"
"Bacteria","Bacteria_none","Firmicutes","Bacilli","Bacillales","Staphylococcaceae","Staphylococcus","Staphylococcus muscae"
"Bacteria","Bacteria_none","Actinobacteria","Actinomycetia","Streptosporangiales","Treboniaceae","Trebonia","Trebonia kvetii"
"Bacteria","Bacteria_none","Actinobacteria","Actinomycetia","Streptosporangiales","Thermomonosporaceae","Actinomadura","Actinomadura sporangiiformans"
"Bacteria","Bacteria_none","Actinobacteria","Actinomycetia","Streptosporangiales","Thermomonosporaceae","Actinomadura","Actinomadura rudentiformis"
"Bacteria","Bacteria_none","Actinobacteria","Actinomycetia","Streptosporangiales","Thermomonosporaceae","Actinomadura","Actinomadura physcomitrii"
"Bacteria","Bacteria_none","Actinobacteria","Actinomycetia","Streptosporangiales","Thermomonosporaceae","Actinomadura","Actinomadura nitritigenes"
"Bacteria","Bacteria_none","Firmicutes","Bacilli","Bacillales","Staphylococcaceae","Staphylococcus","Staphylococcus massiliensis"
"Bacteria","Bacteria_none","Firmicutes","Bacilli","Bacillales","Staphylococcaceae","Staphylococcus","Staphylococcus microti"
"Bacteria","Bacteria_none","Actinobacteria","Actinomycetia","Corynebacteriales","Mycobacteriaceae","Mycolicibacter","Mycolicibacter longobardus"
"Bacteria","Bacteria_none","Actinobacteria","Actinomycetia","Streptosporangiales","Streptosporangiaceae","Sphaerimonospora","Sphaerimonospora thailandensis"
"Bacteria","Bacteria_none","Actinobacteria","Actinomycetia","Streptosporangiales","Thermomonosporaceae","Actinomadura","Actinomadura keratinilytica"
"Bacteria","Bacteria_none","Actinobacteria","Actinomycetia","Streptosporangiales","Thermomonosporaceae","Actinomadura","Actinomadura bangladeshensis"
"Bacteria","Bacteria_none","Actinobacteria","Actinomycetia","Streptosporangiales","Thermomonosporaceae","Actinoallomurus","Actinoallomurus yoronensis"
"Bacteria","Bacteria_none","Actinobacteria","Actinomycetia","Streptosporangiales","Thermomonosporaceae","Actinoallomurus","Actinoallomurus radicium"
"Bacteria","Bacteria_none","Actinobacteria","Actinomycetia","Streptosporangiales","Thermomonosporaceae","Actinoallomurus","Actinoallomurus coprocola"
"Bacteria","Bacteria_none","Actinobacteria","Actinomycetia","Streptosporangiales","Thermomonosporaceae","Actinoallomurus","Actinoallomurus amamiensis"
"Bacteria","Bacteria_none","Actinobacteria","Actinomycetia","Streptosporangiales","Thermomonosporaceae","Actinoallomurus","Actinoallomurus acanthiterrae"
"Bacteria","Bacteria_none","Actinobacteria","Actinomycetia","Micrococcales","Bogoriellaceae","Georgenia","Georgenia deserti"
"Bacteria","Bacteria_none","Firmicutes","Bacilli","Lactobacillales","Enterococcaceae","Enterococcus","Enterococcus malodoratus"
"Bacteria","Bacteria_none","Actinobacteria","Actinomycetia","Corynebacteriales","Corynebacteriaceae","Corynebacterium","Corynebacterium tapiri"
"Bacteria","Bacteria_none","Actinobacteria","Actinomycetia","Streptomycetales","Streptomycetaceae","Streptomyces","Streptomyces lopnurensis"
"Bacteria","Bacteria_none","Actinobacteria","Actinomycetia","Streptomycetales","Streptomycetaceae","Streptomyces","Streptomyces qinglanensis"
"Bacteria","Bacteria_none","Actinobacteria","Actinomycetia","Streptomycetales","Streptomycetaceae","Streptomyces","Streptomyces pseudogriseolus"
"Bacteria","Bacteria_none","Actinobacteria","Actinomycetia","Streptomycetales","Streptomycetaceae","Streptomyces","Streptomyces prasinosporus"
"Bacteria","Bacteria_none","Actinobacteria","Actinomycetia","Streptomycetales","Streptomycetaceae","Streptomyces","Streptomyces parmotrematis"
"Bacteria","Bacteria_none","Firmicutes","Bacilli","Lactobacillales","Lactobacillaceae","Lactobacillus","Lactobacillus kefiranofaciens"
"Bacteria","Bacteria_none","Actinobacteria","Actinomycetia","Streptomycetales","Streptomycetaceae","Streptomyces","Streptomyces oryzae"
"Bacteria","Bacteria_none","Actinobacteria","Actinomycetia","Streptomycetales","Streptomycetaceae","Streptomyces","Streptomyces nigra"
"Bacteria","Bacteria_none","Actinobacteria","Actinomycetia","Streptomycetales","Streptomycetaceae","Streptomyces","Streptomyces lannensis"
"Bacteria","Bacteria_none","Actinobacteria","Actinomycetia","Corynebacteriales","Dietziaceae","Dietzia","Dietzia natronolimnaea"
"Bacteria","Bacteria_none","Firmicutes","Bacilli","Lactobacillales","Lactobacillaceae","Levilactobacillus","Levilactobacillus cerevisiae"
"Bacteria","Bacteria_none","Actinobacteria","Actinomycetia","Corynebacteriales","Corynebacteriales_Incertae_sedis","Tomitella","Tomitella fengzijianii"
"Bacteria","Bacteria_none","Actinobacteria","Actinomycetia","Streptomycetales","Streptomycetaceae","Streptomyces","Streptomyces indonesiensis"
"Bacteria","Bacteria_none","Actinobacteria","Actinomycetia","Streptomycetales","Streptomycetaceae","Streptomyces","Streptomyces hirsutus"
"Bacteria","Bacteria_none","Actinobacteria","Actinomycetia","Streptomycetales","Streptomycetaceae","Streptomyces","Streptomyces harenosi"
"Bacteria","Bacteria_none","Actinobacteria","Actinomycetia","Streptomycetales","Streptomycetaceae","Streptomyces","Streptomyces gobiensis"
"Bacteria","Bacteria_none","Actinobacteria","Actinomycetia","Streptomycetales","Streptomycetaceae","Streptomyces","Streptomyces glycovorans"
"Bacteria","Bacteria_none","Actinobacteria","Actinomycetia","Streptomycetales","Streptomycetaceae","Streptomyces","Streptomyces rubrisoli"
"Bacteria","Bacteria_none","Firmicutes","Bacilli","Lactobacillales","Lactobacillaceae","Lactobacillus","Lactobacillus corticis"
"Bacteria","Bacteria_none","Firmicutes","Bacilli","Lactobacillales","Enterococcaceae","Enterococcus","Enterococcus mundtii"
"Bacteria","Bacteria_none","Firmicutes","Bacilli","Lactobacillales","Lactobacillaceae","Companilactobacillus","Companilactobacillus hulinensis"
"Bacteria","Bacteria_none","Actinobacteria","Actinomycetia","Streptosporangiales","Nocardiopsaceae","Nocardiopsis","Nocardiopsis nanhaiensis"
"Bacteria","Bacteria_none","Actinobacteria","Actinomycetia","Corynebacteriales","Gordoniaceae","Gordonia","Gordonia effusa"
"Bacteria","Bacteria_none","Firmicutes","Bacilli","Lactobacillales","Enterococcaceae","Enterococcus","Enterococcus saigonensis"
"Bacteria","Bacteria_none","Firmicutes","Bacilli","Lactobacillales","Enterococcaceae","Enterococcus","Enterococcus timonensis"
"Bacteria","Bacteria_none","Firmicutes","Bacilli","Lactobacillales","Enterococcaceae","Enterococcus","Enterococcus viikkiensis"
"Bacteria","Bacteria_none","Actinobacteria","Actinomycetia","Corynebacteriales","Gordoniaceae","Gordonia","Gordonia caeni"
"Bacteria","Bacteria_none","Firmicutes","Bacilli","Lactobacillales","Lactobacillaceae","Companilactobacillus","Companilactobacillus furfuricola"
"Bacteria","Bacteria_none","Firmicutes","Bacilli","Lactobacillales","Lactobacillaceae","Companilactobacillus","Companilactobacillus keshanensis"
"Bacteria","Bacteria_none","Actinobacteria","Actinomycetia","Streptomycetales","Streptomycetaceae","Streptomyces","Streptomyces rutgersensis"
"Bacteria","Bacteria_none","Actinobacteria","Actinomycetia","Streptosporangiales","Nocardiopsaceae","Marinitenerispora","Marinitenerispora sediminis"
"Bacteria","Bacteria_none","Actinobacteria","Actinomycetia","Streptomycetales","Streptomycetaceae","Streptomyces","Streptomyces variabilis"
"Bacteria","Bacteria_none","Firmicutes","Bacilli","Lactobacillales","Lactobacillaceae","Companilactobacillus","Companilactobacillus paralimentarius"
"Bacteria","Bacteria_none","Actinobacteria","Actinomycetia","Streptomycetales","Streptomycetaceae","Streptomyces","Streptomyces tateyamensis"
"Bacteria","Bacteria_none","Firmicutes","Bacilli","Lactobacillales","Lactobacillaceae","Lactiplantibacillus","Lactiplantibacillus garii"
"Bacteria","Bacteria_none","Actinobacteria","Actinomycetia","Streptomycetales","Streptomycetaceae","Streptomyces","Streptomyces sodiiphilus"
"Bacteria","Bacteria_none","Actinobacteria","Actinomycetia","Streptomycetales","Streptomycetaceae","Streptomyces","Streptomyces samsunensis"
"Bacteria","Bacteria_none","Firmicutes","Bacilli","Lactobacillales","Lactobacillaceae","Ligilactobacillus","Ligilactobacillus equi"
