species,genus,phylum,gene_target,hit_count,best_accession,best_title,query
Atopostipes suicloacalis,Atopostipes,Firmicutes,ureC,0,,,"(""ureC""[Title] OR ""urease subunit alpha""[Title] OR ""urease alpha subunit""[Title]) AND ""Atopostipes suicloacalis""[Organism]"
Brachybacterium faecium,Brachybacterium,Actinobacteria,ureC,1,SLN05474.1,Urease alpha subunit [Brachybacterium faecium],"(""ureC""[Title] OR ""urease subunit alpha""[Title] OR ""urease alpha subunit""[Title]) AND ""Brachybacterium faecium""[Organism]"
Yaniella halotolerans,Yaniella,Actinobacteria,ureC,1,WP_022870117.1,urease subunit alpha [Yaniella halotolerans],"(""ureC""[Title] OR ""urease subunit alpha""[Title] OR ""urease alpha subunit""[Title]) AND ""Yaniella halotolerans""[Organism]"
Nocardiopsis algeriensis,Nocardiopsis,Actinobacteria,ureC,0,,,"(""ureC""[Title] OR ""urease subunit alpha""[Title] OR ""urease alpha subunit""[Title]) AND ""Nocardiopsis algeriensis""[Organism]"
Nosocomiicoccus ampullae,Nosocomiicoccus,Firmicutes,ureC,0,,,"(""ureC""[Title] OR ""urease subunit alpha""[Title] OR ""urease alpha subunit""[Title]) AND ""Nosocomiicoccus ampullae""[Organism]"
Ligilactobacillus pobuzihii,Ligilactobacillus,Firmicutes,ureC,0,,,"(""ureC""[Title] OR ""urease subunit alpha""[Title] OR ""urease alpha subunit""[Title]) AND ""Ligilactobacillus pobuzihii""[Organism]"
Staphylococcus ureilyticus,Staphylococcus,Firmicutes,ureC,15,WP_397610351.1,MULTISPECIES: urease subunit alpha [Staphylococcus cohnii species complex],"(""ureC""[Title] OR ""urease subunit alpha""[Title] OR ""urease alpha subunit""[Title]) AND ""Staphylococcus ureilyticus""[Organism]"
Pseudogracilibacillus auburnensis,Pseudogracilibacillus,Firmicutes,ureC,0,,,"(""ureC""[Title] OR ""urease subunit alpha""[Title] OR ""urease alpha subunit""[Title]) AND ""Pseudogracilibacillus auburnensis""[Organism]"
Ligilactobacillus salivarius,Ligilactobacillus,Firmicutes,ureC,0,,,"(""ureC""[Title] OR ""urease subunit alpha""[Title] OR ""urease alpha subunit""[Title]) AND ""Ligilactobacillus salivarius""[Organism]"
Jeotgalicoccus meleagridis,Jeotgalicoccus,Firmicutes,ureC,0,,,"(""ureC""[Title] OR ""urease subunit alpha""[Title] OR ""urease alpha subunit""[Title]) AND ""Jeotgalicoccus meleagridis""[Organism]"
Corynebacterium stationis,Corynebacterium,Actinobacteria,ureC,14,WP_304411118.1,urease subunit alpha [Corynebacterium stationis],"(""ureC""[Title] OR ""urease subunit alpha""[Title] OR ""urease alpha subunit""[Title]) AND ""Corynebacterium stationis""[Organism]"
Nocardiopsis lucentensis,Nocardiopsis,Actinobacteria,ureC,0,,,"(""ureC""[Title] OR ""urease subunit alpha""[Title] OR ""urease alpha subunit""[Title]) AND ""Nocardiopsis lucentensis""[Organism]"
Jeotgalicoccus halotolerans,Jeotgalicoccus,Firmicutes,ureC,2,BFY01355.1,urease subunit alpha [Jeotgalicoccus halotolerans],"(""ureC""[Title] OR ""urease subunit alpha""[Title] OR ""urease alpha subunit""[Title]) AND ""Jeotgalicoccus halotolerans""[Organism]"
Brachybacterium saurashtrense,Brachybacterium,Actinobacteria,ureC,3,WP_115411982.1,urease subunit alpha [Brachybacterium saurashtrense],"(""ureC""[Title] OR ""urease subunit alpha""[Title] OR ""urease alpha subunit""[Title]) AND ""Brachybacterium saurashtrense""[Organism]"
Ornithinibacillus gellani,Ornithinibacillus,Firmicutes,ureC,0,,,"(""ureC""[Title] OR ""urease subunit alpha""[Title] OR ""urease alpha subunit""[Title]) AND ""Ornithinibacillus gellani""[Organism]"
Salinicoccus kunmingensis,Salinicoccus,Firmicutes,ureC,0,,,"(""ureC""[Title] OR ""urease subunit alpha""[Title] OR ""urease alpha subunit""[Title]) AND ""Salinicoccus kunmingensis""[Organism]"
Mammaliicoccus lentus,Mammaliicoccus,Firmicutes,ureC,11,XXL53704.1,urease subunit alpha [Mammaliicoccus lentus],"(""ureC""[Title] OR ""urease subunit alpha""[Title] OR ""urease alpha subunit""[Title]) AND ""Mammaliicoccus lentus""[Organism]"
Nocardiopsis nikkonensis,Nocardiopsis,Actinobacteria,ureC,0,,,"(""ureC""[Title] OR ""urease subunit alpha""[Title] OR ""urease alpha subunit""[Title]) AND ""Nocardiopsis nikkonensis""[Organism]"
Lactobacillus crispatus,Lactobacillus,Firmicutes,ureC,0,,,"(""ureC""[Title] OR ""urease subunit alpha""[Title] OR ""urease alpha subunit""[Title]) AND ""Lactobacillus crispatus""[Organism]"
Nocardiopsis halotolerans,Nocardiopsis,Actinobacteria,ureC,0,,,"(""ureC""[Title] OR ""urease subunit alpha""[Title] OR ""urease alpha subunit""[Title]) AND ""Nocardiopsis halotolerans""[Organism]"
Pseudogracilibacillus marinus,Pseudogracilibacillus,Firmicutes,ureC,0,,,"(""ureC""[Title] OR ""urease subunit alpha""[Title] OR ""urease alpha subunit""[Title]) AND ""Pseudogracilibacillus marinus""[Organism]"
Lactobacillus gallinarum,Lactobacillus,Firmicutes,ureC,0,,,"(""ureC""[Title] OR ""urease subunit alpha""[Title] OR ""urease alpha subunit""[Title]) AND ""Lactobacillus gallinarum""[Organism]"
Romboutsia ilealis,Romboutsia,Firmicutes,ureC,8,WP_290459970.1,urease subunit alpha [Romboutsia ilealis],"(""ureC""[Title] OR ""urease subunit alpha""[Title] OR ""urease alpha subunit""[Title]) AND ""Romboutsia ilealis""[Organism]"
Lactobacillus johnsonii,Lactobacillus,Firmicutes,ureC,0,,,"(""ureC""[Title] OR ""urease subunit alpha""[Title] OR ""urease alpha subunit""[Title]) AND ""Lactobacillus johnsonii""[Organism]"
Nocardiopsis salina,Nocardiopsis,Actinobacteria,ureC,1,WP_017614278.1,urease subunit alpha [Nocardiopsis salina],"(""ureC""[Title] OR ""urease subunit alpha""[Title] OR ""urease alpha subunit""[Title]) AND ""Nocardiopsis salina""[Organism]"
Salinicoccus carnicancri,Salinicoccus,Firmicutes,ureC,1,WP_017549533.1,urease subunit alpha [Salinicoccus carnicancri],"(""ureC""[Title] OR ""urease subunit alpha""[Title] OR ""urease alpha subunit""[Title]) AND ""Salinicoccus carnicancri""[Organism]"
Anaerococcus obesiensis,Anaerococcus,Firmicutes,ureC,0,,,"(""ureC""[Title] OR ""urease subunit alpha""[Title] OR ""urease alpha subunit""[Title]) AND ""Anaerococcus obesiensis""[Organism]"
Weissella jogaejeotgali,Weissella,Firmicutes,ureC,0,,,"(""ureC""[Title] OR ""urease subunit alpha""[Title] OR ""urease alpha subunit""[Title]) AND ""Weissella jogaejeotgali""[Organism]"
Brevibacterium avium,Brevibacterium,Actinobacteria,ureC,0,,,"(""ureC""[Title] OR ""urease subunit alpha""[Title] OR ""urease alpha subunit""[Title]) AND ""Brevibacterium avium""[Organism]"
Anaerococcus porci,Anaerococcus,Firmicutes,ureC,0,,,"(""ureC""[Title] OR ""urease subunit alpha""[Title] OR ""urease alpha subunit""[Title]) AND ""Anaerococcus porci""[Organism]"
Brachybacterium conglomeratum,Brachybacterium,Actinobacteria,ureC,2,WP_259880605.1,MULTISPECIES: urease subunit alpha [Brachybacterium],"(""ureC""[Title] OR ""urease subunit alpha""[Title] OR ""urease alpha subunit""[Title]) AND ""Brachybacterium conglomeratum""[Organism]"
Romboutsia timonensis,Romboutsia,Firmicutes,ureC,11,WP_496198004.1,urease subunit alpha [Romboutsia timonensis],"(""ureC""[Title] OR ""urease subunit alpha""[Title] OR ""urease alpha subunit""[Title]) AND ""Romboutsia timonensis""[Organism]"
Brachybacterium squillarum,Brachybacterium,Actinobacteria,ureC,2,WP_264451091.1,urease subunit alpha [Brachybacterium squillarum],"(""ureC""[Title] OR ""urease subunit alpha""[Title] OR ""urease alpha subunit""[Title]) AND ""Brachybacterium squillarum""[Organism]"
Jeotgalicoccus aerolatus,Jeotgalicoccus,Firmicutes,ureC,0,,,"(""ureC""[Title] OR ""urease subunit alpha""[Title] OR ""urease alpha subunit""[Title]) AND ""Jeotgalicoccus aerolatus""[Organism]"
Staphylococcus simulans,Staphylococcus,Firmicutes,ureC,89,YDZ39980.1,urease subunit alpha [Staphylococcus simulans],"(""ureC""[Title] OR ""urease subunit alpha""[Title] OR ""urease alpha subunit""[Title]) AND ""Staphylococcus simulans""[Organism]"
Ruoffia tabacinasalis,Ruoffia,Firmicutes,ureC,0,,,"(""ureC""[Title] OR ""urease subunit alpha""[Title] OR ""urease alpha subunit""[Title]) AND ""Ruoffia tabacinasalis""[Organism]"
Enterococcus cecorum,Enterococcus,Firmicutes,ureC,0,,,"(""ureC""[Title] OR ""urease subunit alpha""[Title] OR ""urease alpha subunit""[Title]) AND ""Enterococcus cecorum""[Organism]"
Enteractinococcus fodinae,Enteractinococcus,Actinobacteria,ureC,0,,,"(""ureC""[Title] OR ""urease subunit alpha""[Title] OR ""urease alpha subunit""[Title]) AND ""Enteractinococcus fodinae""[Organism]"
Brachybacterium epidermidis,Brachybacterium,Actinobacteria,ureC,0,,,"(""ureC""[Title] OR ""urease subunit alpha""[Title] OR ""urease alpha subunit""[Title]) AND ""Brachybacterium epidermidis""[Organism]"
Corynebacterium urealyticum,Corynebacterium,Actinobacteria,ureC,18,WP_284781203.1,MULTISPECIES: urease subunit alpha [Corynebacterium],"(""ureC""[Title] OR ""urease subunit alpha""[Title] OR ""urease alpha subunit""[Title]) AND ""Corynebacterium urealyticum""[Organism]"
Virgibacillus alimentarius,Virgibacillus,Firmicutes,ureC,0,,,"(""ureC""[Title] OR ""urease subunit alpha""[Title] OR ""urease alpha subunit""[Title]) AND ""Virgibacillus alimentarius""[Organism]"
Yaniella soli,Yaniella,Actinobacteria,ureC,0,,,"(""ureC""[Title] OR ""urease subunit alpha""[Title] OR ""urease alpha subunit""[Title]) AND ""Yaniella soli""[Organism]"
Ruania albidiflava,Ruania,Actinobacteria,ureC,0,,,"(""ureC""[Title] OR ""urease subunit alpha""[Title] OR ""urease alpha subunit""[Title]) AND ""Ruania albidiflava""[Organism]"
Staphylococcus cohnii,Staphylococcus,Firmicutes,ureC,77,WP_397610351.1,MULTISPECIES: urease subunit alpha [Staphylococcus cohnii species complex],"(""ureC""[Title] OR ""urease subunit alpha""[Title] OR ""urease alpha subunit""[Title]) AND ""Staphylococcus cohnii""[Organism]"
Pseudogracilibacillus endophyticus,Pseudogracilibacillus,Firmicutes,ureC,0,,,"(""ureC""[Title] OR ""urease subunit alpha""[Title] OR ""urease alpha subunit""[Title]) AND ""Pseudogracilibacillus endophyticus""[Organism]"
Staphylococcus nepalensis,Staphylococcus,Firmicutes,ureC,23,CAQ0299995.1,urease subunit alpha [Staphylococcus nepalensis],"(""ureC""[Title] OR ""urease subunit alpha""[Title] OR ""urease alpha subunit""[Title]) AND ""Staphylococcus nepalensis""[Organism]"
Yaniella flava,Yaniella,Actinobacteria,ureC,0,,,"(""ureC""[Title] OR ""urease subunit alpha""[Title] OR ""urease alpha subunit""[Title]) AND ""Yaniella flava""[Organism]"
Brachybacterium timonense,Brachybacterium,Actinobacteria,ureC,0,,,"(""ureC""[Title] OR ""urease subunit alpha""[Title] OR ""urease alpha subunit""[Title]) AND ""Brachybacterium timonense""[Organism]"
Corynebacterium ammoniagenes,Corynebacterium,Actinobacteria,ureC,7,GJN43229.1,urease subunit alpha [Corynebacterium ammoniagenes],"(""ureC""[Title] OR ""urease subunit alpha""[Title] OR ""urease alpha subunit""[Title]) AND ""Corynebacterium ammoniagenes""[Organism]"
Lipingzhangella halophila,Lipingzhangella,Actinobacteria,ureC,1,WP_184575279.1,urease subunit alpha [Lipingzhangella halophila],"(""ureC""[Title] OR ""urease subunit alpha""[Title] OR ""urease alpha subunit""[Title]) AND ""Lipingzhangella halophila""[Organism]"
Limosilactobacillus reuteri,Limosilactobacillus,Firmicutes,ureC,102,YDX35997.1,urease subunit alpha [Limosilactobacillus reuteri],"(""ureC""[Title] OR ""urease subunit alpha""[Title] OR ""urease alpha subunit""[Title]) AND ""Limosilactobacillus reuteri""[Organism]"
Brachybacterium rhamnosum,Brachybacterium,Actinobacteria,ureC,3,WP_462589769.1,urease subunit alpha [Brachybacterium rhamnosum],"(""ureC""[Title] OR ""urease subunit alpha""[Title] OR ""urease alpha subunit""[Title]) AND ""Brachybacterium rhamnosum""[Organism]"
Nocardiopsis rhizosphaerae,Nocardiopsis,Actinobacteria,ureC,0,,,"(""ureC""[Title] OR ""urease subunit alpha""[Title] OR ""urease alpha subunit""[Title]) AND ""Nocardiopsis rhizosphaerae""[Organism]"
Streptococcus alactolyticus,Streptococcus,Firmicutes,ureC,35,WP_154455307.1,MULTISPECIES: urease subunit alpha [Streptococcus],"(""ureC""[Title] OR ""urease subunit alpha""[Title] OR ""urease alpha subunit""[Title]) AND ""Streptococcus alactolyticus""[Organism]"
Cerasibacillus terrae,Cerasibacillus,Firmicutes,ureC,0,,,"(""ureC""[Title] OR ""urease subunit alpha""[Title] OR ""urease alpha subunit""[Title]) AND ""Cerasibacillus terrae""[Organism]"
Brachybacterium halotolerans,Brachybacterium,Actinobacteria,ureC,1,WP_200502149.1,urease subunit alpha [Brachybacterium halotolerans],"(""ureC""[Title] OR ""urease subunit alpha""[Title] OR ""urease alpha subunit""[Title]) AND ""Brachybacterium halotolerans""[Organism]"
Enteractinococcus lamae,Enteractinococcus,Actinobacteria,ureC,0,,,"(""ureC""[Title] OR ""urease subunit alpha""[Title] OR ""urease alpha subunit""[Title]) AND ""Enteractinococcus lamae""[Organism]"
Brachybacterium muris,Brachybacterium,Actinobacteria,ureC,0,,,"(""ureC""[Title] OR ""urease subunit alpha""[Title] OR ""urease alpha subunit""[Title]) AND ""Brachybacterium muris""[Organism]"
Nocardiopsis kunsanensis,Nocardiopsis,Actinobacteria,ureC,3,WP_193518750.1,urease subunit alpha [Nocardiopsis kunsanensis],"(""ureC""[Title] OR ""urease subunit alpha""[Title] OR ""urease alpha subunit""[Title]) AND ""Nocardiopsis kunsanensis""[Organism]"
Enteractinococcus viverrae,Enteractinococcus,Actinobacteria,ureC,0,,,"(""ureC""[Title] OR ""urease subunit alpha""[Title] OR ""urease alpha subunit""[Title]) AND ""Enteractinococcus viverrae""[Organism]"
Brevibacterium oceani,Brevibacterium,Actinobacteria,ureC,2,WP_210603387.1,urease subunit alpha [Brevibacterium oceani],"(""ureC""[Title] OR ""urease subunit alpha""[Title] OR ""urease alpha subunit""[Title]) AND ""Brevibacterium oceani""[Organism]"
Tomitella biformata,Tomitella,Actinobacteria,ureC,0,,,"(""ureC""[Title] OR ""urease subunit alpha""[Title] OR ""urease alpha subunit""[Title]) AND ""Tomitella biformata""[Organism]"
Brevibacterium anseongense,Brevibacterium,Actinobacteria,ureC,0,,,"(""ureC""[Title] OR ""urease subunit alpha""[Title] OR ""urease alpha subunit""[Title]) AND ""Brevibacterium anseongense""[Organism]"
Jeotgalicoccus coquinae,Jeotgalicoccus,Firmicutes,ureC,0,,,"(""ureC""[Title] OR ""urease subunit alpha""[Title] OR ""urease alpha subunit""[Title]) AND ""Jeotgalicoccus coquinae""[Organism]"
Anaerococcus lactolyticus,Anaerococcus,Firmicutes,ureC,6,WP_311376786.1,urease subunit alpha [Anaerococcus lactolyticus],"(""ureC""[Title] OR ""urease subunit alpha""[Title] OR ""urease alpha subunit""[Title]) AND ""Anaerococcus lactolyticus""[Organism]"
Aerococcus viridans,Aerococcus,Firmicutes,ureC,0,,,"(""ureC""[Title] OR ""urease subunit alpha""[Title] OR ""urease alpha subunit""[Title]) AND ""Aerococcus viridans""[Organism]"
Jeotgalicoccus nanhaiensis,Jeotgalicoccus,Firmicutes,ureC,0,,,"(""ureC""[Title] OR ""urease subunit alpha""[Title] OR ""urease alpha subunit""[Title]) AND ""Jeotgalicoccus nanhaiensis""[Organism]"
Lactobacillus taiwanensis,Lactobacillus,Firmicutes,ureC,0,,,"(""ureC""[Title] OR ""urease subunit alpha""[Title] OR ""urease alpha subunit""[Title]) AND ""Lactobacillus taiwanensis""[Organism]"
Salinicoccus sediminis,Salinicoccus,Firmicutes,ureC,0,,,"(""ureC""[Title] OR ""urease subunit alpha""[Title] OR ""urease alpha subunit""[Title]) AND ""Salinicoccus sediminis""[Organism]"
Corynebacterium casei,Corynebacterium,Actinobacteria,ureC,1,BFX99512.1,urease subunit alpha [Corynebacterium casei],"(""ureC""[Title] OR ""urease subunit alpha""[Title] OR ""urease alpha subunit""[Title]) AND ""Corynebacterium casei""[Organism]"
Glycomyces sediminimaris,Glycomyces,Actinobacteria,ureC,0,,,"(""ureC""[Title] OR ""urease subunit alpha""[Title] OR ""urease alpha subunit""[Title]) AND ""Glycomyces sediminimaris""[Organism]"
Virgibacillus ndiopensis,Virgibacillus,Firmicutes,ureC,0,,,"(""ureC""[Title] OR ""urease subunit alpha""[Title] OR ""urease alpha subunit""[Title]) AND ""Virgibacillus ndiopensis""[Organism]"
Brachybacterium paraconglomeratum,Brachybacterium,Actinobacteria,ureC,9,WP_259880605.1,MULTISPECIES: urease subunit alpha [Brachybacterium],"(""ureC""[Title] OR ""urease subunit alpha""[Title] OR ""urease alpha subunit""[Title]) AND ""Brachybacterium paraconglomeratum""[Organism]"
Anaerococcus prevotii,Anaerococcus,Firmicutes,ureC,3,WP_015777663.1,urease subunit alpha [Anaerococcus prevotii],"(""ureC""[Title] OR ""urease subunit alpha""[Title] OR ""urease alpha subunit""[Title]) AND ""Anaerococcus prevotii""[Organism]"
Limosilactobacillus portuensis,Limosilactobacillus,Firmicutes,ureC,0,,,"(""ureC""[Title] OR ""urease subunit alpha""[Title] OR ""urease alpha subunit""[Title]) AND ""Limosilactobacillus portuensis""[Organism]"
Ruoffia halotolerans,Ruoffia,Firmicutes,ureC,0,,,"(""ureC""[Title] OR ""urease subunit alpha""[Title] OR ""urease alpha subunit""[Title]) AND ""Ruoffia halotolerans""[Organism]"
Lactobacillus gasseri,Lactobacillus,Firmicutes,ureC,0,,,"(""ureC""[Title] OR ""urease subunit alpha""[Title] OR ""urease alpha subunit""[Title]) AND ""Lactobacillus gasseri""[Organism]"
Aerococcus urinaeequi,Aerococcus,Firmicutes,ureC,0,,,"(""ureC""[Title] OR ""urease subunit alpha""[Title] OR ""urease alpha subunit""[Title]) AND ""Aerococcus urinaeequi""[Organism]"
Brevibacterium metallicus,Brevibacterium,Actinobacteria,ureC,0,,,"(""ureC""[Title] OR ""urease subunit alpha""[Title] OR ""urease alpha subunit""[Title]) AND ""Brevibacterium metallicus""[Organism]"
Enterococcus innesii,Enterococcus,Firmicutes,ureC,0,,,"(""ureC""[Title] OR ""urease subunit alpha""[Title] OR ""urease alpha subunit""[Title]) AND ""Enterococcus innesii""[Organism]"
Ligilactobacillus aviarius,Ligilactobacillus,Firmicutes,ureC,1,WP_407455517.1,urease subunit alpha [Ligilactobacillus aviarius],"(""ureC""[Title] OR ""urease subunit alpha""[Title] OR ""urease alpha subunit""[Title]) AND ""Ligilactobacillus aviarius""[Organism]"
Jeotgalicoccus schoeneichii,Jeotgalicoccus,Firmicutes,ureC,0,,,"(""ureC""[Title] OR ""urease subunit alpha""[Title] OR ""urease alpha subunit""[Title]) AND ""Jeotgalicoccus schoeneichii""[Organism]"
Anaerococcus marasmi,Anaerococcus,Firmicutes,ureC,0,,,"(""ureC""[Title] OR ""urease subunit alpha""[Title] OR ""urease alpha subunit""[Title]) AND ""Anaerococcus marasmi""[Organism]"
Companilactobacillus farciminis,Companilactobacillus,Firmicutes,ureC,0,,,"(""ureC""[Title] OR ""urease subunit alpha""[Title] OR ""urease alpha subunit""[Title]) AND ""Companilactobacillus farciminis""[Organism]"
Limosilactobacillus balticus,Limosilactobacillus,Firmicutes,ureC,3,WP_231824359.1,urease subunit alpha [Limosilactobacillus balticus],"(""ureC""[Title] OR ""urease subunit alpha""[Title] OR ""urease alpha subunit""[Title]) AND ""Limosilactobacillus balticus""[Organism]"
Ornithinibacillus caprae,Ornithinibacillus,Firmicutes,ureC,0,,,"(""ureC""[Title] OR ""urease subunit alpha""[Title] OR ""urease alpha subunit""[Title]) AND ""Ornithinibacillus caprae""[Organism]"
Anaerococcus mediterraneensis,Anaerococcus,Firmicutes,ureC,0,,,"(""ureC""[Title] OR ""urease subunit alpha""[Title] OR ""urease alpha subunit""[Title]) AND ""Anaerococcus mediterraneensis""[Organism]"
Ligilactobacillus agilis,Ligilactobacillus,Firmicutes,ureC,0,,,"(""ureC""[Title] OR ""urease subunit alpha""[Title] OR ""urease alpha subunit""[Title]) AND ""Ligilactobacillus agilis""[Organism]"
Salinicoccus qingdaonensis,Salinicoccus,Firmicutes,ureC,0,,,"(""ureC""[Title] OR ""urease subunit alpha""[Title] OR ""urease alpha subunit""[Title]) AND ""Salinicoccus qingdaonensis""[Organism]"
Lentibacillus massiliensis,Lentibacillus,Firmicutes,ureC,0,,,"(""ureC""[Title] OR ""urease subunit alpha""[Title] OR ""urease alpha subunit""[Title]) AND ""Lentibacillus massiliensis""[Organism]"
Ammoniphilus oxalivorans,Ammoniphilus,Firmicutes,ureC,0,,,"(""ureC""[Title] OR ""urease subunit alpha""[Title] OR ""urease alpha subunit""[Title]) AND ""Ammoniphilus oxalivorans""[Organism]"
Mammaliicoccus sciuri,Mammaliicoccus,Firmicutes,ureC,3,RIO67798.1,"urease subunit alpha, partial [Mammaliicoccus sciuri]","(""ureC""[Title] OR ""urease subunit alpha""[Title] OR ""urease alpha subunit""[Title]) AND ""Mammaliicoccus sciuri""[Organism]"
Limosilactobacillus urinaemulieris,Limosilactobacillus,Firmicutes,ureC,0,,,"(""ureC""[Title] OR ""urease subunit alpha""[Title] OR ""urease alpha subunit""[Title]) AND ""Limosilactobacillus urinaemulieris""[Organism]"
Nocardiopsis flavescens,Nocardiopsis,Actinobacteria,ureC,0,,,"(""ureC""[Title] OR ""urease subunit alpha""[Title] OR ""urease alpha subunit""[Title]) AND ""Nocardiopsis flavescens""[Organism]"
Brachybacterium kimchii,Brachybacterium,Actinobacteria,ureC,0,,,"(""ureC""[Title] OR ""urease subunit alpha""[Title] OR ""urease alpha subunit""[Title]) AND ""Brachybacterium kimchii""[Organism]"
Salinicoccus salitudinis,Salinicoccus,Firmicutes,ureC,0,,,"(""ureC""[Title] OR ""urease subunit alpha""[Title] OR ""urease alpha subunit""[Title]) AND ""Salinicoccus salitudinis""[Organism]"
Virgibacillus oceani,Virgibacillus,Firmicutes,ureC,0,,,"(""ureC""[Title] OR ""urease subunit alpha""[Title] OR ""urease alpha subunit""[Title]) AND ""Virgibacillus oceani""[Organism]"
Brachybacterium zhongshanense,Brachybacterium,Actinobacteria,ureC,2,BGZ94640.1,urease subunit alpha [Brachybacterium zhongshanense],"(""ureC""[Title] OR ""urease subunit alpha""[Title] OR ""urease alpha subunit""[Title]) AND ""Brachybacterium zhongshanense""[Organism]"
Staphylococcus saprophyticus,Staphylococcus,Firmicutes,ureC,116,WP_483371784.1,urease subunit alpha [Staphylococcus saprophyticus],"(""ureC""[Title] OR ""urease subunit alpha""[Title] OR ""urease alpha subunit""[Title]) AND ""Staphylococcus saprophyticus""[Organism]"
Limosilactobacillus oris,Limosilactobacillus,Firmicutes,ureC,0,,,"(""ureC""[Title] OR ""urease subunit alpha""[Title] OR ""urease alpha subunit""[Title]) AND ""Limosilactobacillus oris""[Organism]"
Mammaliicoccus stepanovicii,Mammaliicoccus,Firmicutes,ureC,5,BFY05136.1,urease subunit alpha [Mammaliicoccus stepanovicii],"(""ureC""[Title] OR ""urease subunit alpha""[Title] OR ""urease alpha subunit""[Title]) AND ""Mammaliicoccus stepanovicii""[Organism]"
Limosilactobacillus agrestis,Limosilactobacillus,Firmicutes,ureC,2,WP_182578309.1,urease subunit alpha [Limosilactobacillus agrestis],"(""ureC""[Title] OR ""urease subunit alpha""[Title] OR ""urease alpha subunit""[Title]) AND ""Limosilactobacillus agrestis""[Organism]"
Anaerococcus faecalis,Anaerococcus,Firmicutes,ureC,0,,,"(""ureC""[Title] OR ""urease subunit alpha""[Title] OR ""urease alpha subunit""[Title]) AND ""Anaerococcus faecalis""[Organism]"
Ligilactobacillus acidipiscis,Ligilactobacillus,Firmicutes,ureC,0,,,"(""ureC""[Title] OR ""urease subunit alpha""[Title] OR ""urease alpha subunit""[Title]) AND ""Ligilactobacillus acidipiscis""[Organism]"
Aeromicrobium yanjiei,Aeromicrobium,Actinobacteria,ureC,0,,,"(""ureC""[Title] OR ""urease subunit alpha""[Title] OR ""urease alpha subunit""[Title]) AND ""Aeromicrobium yanjiei""[Organism]"
Corynebacterium xerosis,Corynebacterium,Actinobacteria,ureC,5,PMC62878.1,MAG: urease subunit alpha [Corynebacterium xerosis],"(""ureC""[Title] OR ""urease subunit alpha""[Title] OR ""urease alpha subunit""[Title]) AND ""Corynebacterium xerosis""[Organism]"
Pusillimonas caeni,Pusillimonas,Proteobacteria,ureC,0,,,"(""ureC""[Title] OR ""urease subunit alpha""[Title] OR ""urease alpha subunit""[Title]) AND ""Pusillimonas caeni""[Organism]"
Nocardiopsis alba,Nocardiopsis,Actinobacteria,ureC,9,WP_378716375.1,urease subunit alpha [Nocardiopsis alba],"(""ureC""[Title] OR ""urease subunit alpha""[Title] OR ""urease alpha subunit""[Title]) AND ""Nocardiopsis alba""[Organism]"
Pisciglobus halotolerans,Pisciglobus,Firmicutes,ureC,0,,,"(""ureC""[Title] OR ""urease subunit alpha""[Title] OR ""urease alpha subunit""[Title]) AND ""Pisciglobus halotolerans""[Organism]"
Lactobacillus helveticus,Lactobacillus,Firmicutes,ureC,0,,,"(""ureC""[Title] OR ""urease subunit alpha""[Title] OR ""urease alpha subunit""[Title]) AND ""Lactobacillus helveticus""[Organism]"
Corynebacterium amycolatum,Corynebacterium,Actinobacteria,ureC,11,GAB6964245.1,urease subunit alpha [Corynebacterium amycolatum],"(""ureC""[Title] OR ""urease subunit alpha""[Title] OR ""urease alpha subunit""[Title]) AND ""Corynebacterium amycolatum""[Organism]"
Brachybacterium avium,Brachybacterium,Actinobacteria,ureC,0,,,"(""ureC""[Title] OR ""urease subunit alpha""[Title] OR ""urease alpha subunit""[Title]) AND ""Brachybacterium avium""[Organism]"
Actinotalea ferrariae,Actinotalea,Actinobacteria,ureC,0,,,"(""ureC""[Title] OR ""urease subunit alpha""[Title] OR ""urease alpha subunit""[Title]) AND ""Actinotalea ferrariae""[Organism]"
Georgenia muralis,Georgenia,Actinobacteria,ureC,2,WP_123915050.1,urease subunit alpha [Georgenia muralis],"(""ureC""[Title] OR ""urease subunit alpha""[Title] OR ""urease alpha subunit""[Title]) AND ""Georgenia muralis""[Organism]"
Enterococcus saccharolyticus,Enterococcus,Firmicutes,ureC,0,,,"(""ureC""[Title] OR ""urease subunit alpha""[Title] OR ""urease alpha subunit""[Title]) AND ""Enterococcus saccharolyticus""[Organism]"
Dietzia maris,Dietzia,Actinobacteria,ureC,25,WP_487940879.1,urease subunit alpha [Dietzia maris],"(""ureC""[Title] OR ""urease subunit alpha""[Title] OR ""urease alpha subunit""[Title]) AND ""Dietzia maris""[Organism]"
Corynebacterium frankenforstense,Corynebacterium,Actinobacteria,ureC,0,,,"(""ureC""[Title] OR ""urease subunit alpha""[Title] OR ""urease alpha subunit""[Title]) AND ""Corynebacterium frankenforstense""[Organism]"
Sporosarcina pasteurii,Sporosarcina,Firmicutes,ureC,44,WP_495482249.1,urease subunit alpha [Sporosarcina pasteurii],"(""ureC""[Title] OR ""urease subunit alpha""[Title] OR ""urease alpha subunit""[Title]) AND ""Sporosarcina pasteurii""[Organism]"
Nosocomiicoccus massiliensis,Nosocomiicoccus,Firmicutes,ureC,0,,,"(""ureC""[Title] OR ""urease subunit alpha""[Title] OR ""urease alpha subunit""[Title]) AND ""Nosocomiicoccus massiliensis""[Organism]"
Staphylococcus caeli,Staphylococcus,Firmicutes,ureC,4,WP_436854335.1,urease subunit alpha [Staphylococcus caeli],"(""ureC""[Title] OR ""urease subunit alpha""[Title] OR ""urease alpha subunit""[Title]) AND ""Staphylococcus caeli""[Organism]"
Amphibacillus iburiensis,Amphibacillus,Firmicutes,ureC,0,,,"(""ureC""[Title] OR ""urease subunit alpha""[Title] OR ""urease alpha subunit""[Title]) AND ""Amphibacillus iburiensis""[Organism]"
Lactobacillus paragasseri,Lactobacillus,Firmicutes,ureC,0,,,"(""ureC""[Title] OR ""urease subunit alpha""[Title] OR ""urease alpha subunit""[Title]) AND ""Lactobacillus paragasseri""[Organism]"
Limosilactobacillus ingluviei,Limosilactobacillus,Firmicutes,ureC,0,,,"(""ureC""[Title] OR ""urease subunit alpha""[Title] OR ""urease alpha subunit""[Title]) AND ""Limosilactobacillus ingluviei""[Organism]"
Brevibacterium renqingii,Brevibacterium,Actinobacteria,ureC,0,,,"(""ureC""[Title] OR ""urease subunit alpha""[Title] OR ""urease alpha subunit""[Title]) AND ""Brevibacterium renqingii""[Organism]"
Brachybacterium massiliense,Brachybacterium,Actinobacteria,ureC,0,,,"(""ureC""[Title] OR ""urease subunit alpha""[Title] OR ""urease alpha subunit""[Title]) AND ""Brachybacterium massiliense""[Organism]"
Enterococcus canintestini,Enterococcus,Firmicutes,ureC,0,,,"(""ureC""[Title] OR ""urease subunit alpha""[Title] OR ""urease alpha subunit""[Title]) AND ""Enterococcus canintestini""[Organism]"
Nocardiopsis fildesensis,Nocardiopsis,Actinobacteria,ureC,0,,,"(""ureC""[Title] OR ""urease subunit alpha""[Title] OR ""urease alpha subunit""[Title]) AND ""Nocardiopsis fildesensis""[Organism]"
Levilactobacillus hammesii,Levilactobacillus,Firmicutes,ureC,0,,,"(""ureC""[Title] OR ""urease subunit alpha""[Title] OR ""urease alpha subunit""[Title]) AND ""Levilactobacillus hammesii""[Organism]"
Limosilactobacillus pontis,Limosilactobacillus,Firmicutes,ureC,0,,,"(""ureC""[Title] OR ""urease subunit alpha""[Title] OR ""urease alpha subunit""[Title]) AND ""Limosilactobacillus pontis""[Organism]"
Oceanobacillus salinisoli,Oceanobacillus,Firmicutes,ureC,0,,,"(""ureC""[Title] OR ""urease subunit alpha""[Title] OR ""urease alpha subunit""[Title]) AND ""Oceanobacillus salinisoli""[Organism]"
Anaerococcus degeneri,Anaerococcus,Firmicutes,ureC,0,,,"(""ureC""[Title] OR ""urease subunit alpha""[Title] OR ""urease alpha subunit""[Title]) AND ""Anaerococcus degeneri""[Organism]"
Luteimonas dalianensis,Luteimonas,Proteobacteria,ureC,0,,,"(""ureC""[Title] OR ""urease subunit alpha""[Title] OR ""urease alpha subunit""[Title]) AND ""Luteimonas dalianensis""[Organism]"
Salinicoccus halodurans,Salinicoccus,Firmicutes,ureC,2,WP_046790898.1,urease subunit alpha [Salinicoccus halodurans],"(""ureC""[Title] OR ""urease subunit alpha""[Title] OR ""urease alpha subunit""[Title]) AND ""Salinicoccus halodurans""[Organism]"
Brachybacterium vulturis,Brachybacterium,Actinobacteria,ureC,3,WP_394216163.1,urease subunit alpha [Brachybacterium vulturis],"(""ureC""[Title] OR ""urease subunit alpha""[Title] OR ""urease alpha subunit""[Title]) AND ""Brachybacterium vulturis""[Organism]"
Peptoniphilus nemausensis,Peptoniphilus,Firmicutes,ureC,0,,,"(""ureC""[Title] OR ""urease subunit alpha""[Title] OR ""urease alpha subunit""[Title]) AND ""Peptoniphilus nemausensis""[Organism]"
Peptoniphilus harei,Peptoniphilus,Firmicutes,ureC,0,,,"(""ureC""[Title] OR ""urease subunit alpha""[Title] OR ""urease alpha subunit""[Title]) AND ""Peptoniphilus harei""[Organism]"
Brachybacterium nesterenkovii,Brachybacterium,Actinobacteria,ureC,0,,,"(""ureC""[Title] OR ""urease subunit alpha""[Title] OR ""urease alpha subunit""[Title]) AND ""Brachybacterium nesterenkovii""[Organism]"
Levilactobacillus namurensis,Levilactobacillus,Firmicutes,ureC,0,,,"(""ureC""[Title] OR ""urease subunit alpha""[Title] OR ""urease alpha subunit""[Title]) AND ""Levilactobacillus namurensis""[Organism]"
Virgibacillus pantothenticus,Virgibacillus,Firmicutes,ureC,0,,,"(""ureC""[Title] OR ""urease subunit alpha""[Title] OR ""urease alpha subunit""[Title]) AND ""Virgibacillus pantothenticus""[Organism]"
Brachybacterium huguangmaarense,Brachybacterium,Actinobacteria,ureC,0,,,"(""ureC""[Title] OR ""urease subunit alpha""[Title] OR ""urease alpha subunit""[Title]) AND ""Brachybacterium huguangmaarense""[Organism]"
Urinicoccus timonensis,Urinicoccus,Firmicutes,ureC,0,,,"(""ureC""[Title] OR ""urease subunit alpha""[Title] OR ""urease alpha subunit""[Title]) AND ""Urinicoccus timonensis""[Organism]"
Brevibacterium senegalense,Brevibacterium,Actinobacteria,ureC,0,,,"(""ureC""[Title] OR ""urease subunit alpha""[Title] OR ""urease alpha subunit""[Title]) AND ""Brevibacterium senegalense""[Organism]"
Enteractinococcus coprophilus,Enteractinococcus,Actinobacteria,ureC,3,GAA4113967.1,urease subunit alpha [Enteractinococcus coprophilus],"(""ureC""[Title] OR ""urease subunit alpha""[Title] OR ""urease alpha subunit""[Title]) AND ""Enteractinococcus coprophilus""[Organism]"
Halomonas pellis,Halomonas,Proteobacteria,ureC,2,WP_149327256.1,urease subunit alpha [Billgrantia pellis],"(""ureC""[Title] OR ""urease subunit alpha""[Title] OR ""urease alpha subunit""[Title]) AND ""Halomonas pellis""[Organism]"
Virgibacillus marseillensis,Virgibacillus,Firmicutes,ureC,0,,,"(""ureC""[Title] OR ""urease subunit alpha""[Title] OR ""urease alpha subunit""[Title]) AND ""Virgibacillus marseillensis""[Organism]"
Dietzia aerolata,Dietzia,Actinobacteria,ureC,0,,,"(""ureC""[Title] OR ""urease subunit alpha""[Title] OR ""urease alpha subunit""[Title]) AND ""Dietzia aerolata""[Organism]"
Brevibacterium atlanticum,Brevibacterium,Actinobacteria,ureC,1,WP_166974257.1,urease subunit alpha [Brevibacterium atlanticum],"(""ureC""[Title] OR ""urease subunit alpha""[Title] OR ""urease alpha subunit""[Title]) AND ""Brevibacterium atlanticum""[Organism]"
Mediterraneibacter catenae,Mediterraneibacter,Firmicutes,ureC,0,,,"(""ureC""[Title] OR ""urease subunit alpha""[Title] OR ""urease alpha subunit""[Title]) AND ""Mediterraneibacter catenae""[Organism]"
Dietzia lutea,Dietzia,Actinobacteria,ureC,0,,,"(""ureC""[Title] OR ""urease subunit alpha""[Title] OR ""urease alpha subunit""[Title]) AND ""Dietzia lutea""[Organism]"
Staphylococcus arlettae,Staphylococcus,Firmicutes,ureC,6,YFY63537.1,urease subunit alpha [Staphylococcus arlettae],"(""ureC""[Title] OR ""urease subunit alpha""[Title] OR ""urease alpha subunit""[Title]) AND ""Staphylococcus arlettae""[Organism]"
Staphylococcus borealis,Staphylococcus,Firmicutes,ureC,9,WP_415426460.1,urease subunit alpha [Staphylococcus borealis],"(""ureC""[Title] OR ""urease subunit alpha""[Title] OR ""urease alpha subunit""[Title]) AND ""Staphylococcus borealis""[Organism]"
Nocardiopsis coralli,Nocardiopsis,Actinobacteria,ureC,1,WP_193120873.1,urease subunit alpha [Nocardiopsis coralli],"(""ureC""[Title] OR ""urease subunit alpha""[Title] OR ""urease alpha subunit""[Title]) AND ""Nocardiopsis coralli""[Organism]"
Brevibacterium profundi,Brevibacterium,Actinobacteria,ureC,0,,,"(""ureC""[Title] OR ""urease subunit alpha""[Title] OR ""urease alpha subunit""[Title]) AND ""Brevibacterium profundi""[Organism]"
Dietzia psychralcaliphila,Dietzia,Actinobacteria,ureC,7,WP_216694724.1,urease subunit alpha [Dietzia psychralcaliphila],"(""ureC""[Title] OR ""urease subunit alpha""[Title] OR ""urease alpha subunit""[Title]) AND ""Dietzia psychralcaliphila""[Organism]"
Limosilactobacillus vaginalis,Limosilactobacillus,Firmicutes,ureC,0,,,"(""ureC""[Title] OR ""urease subunit alpha""[Title] OR ""urease alpha subunit""[Title]) AND ""Limosilactobacillus vaginalis""[Organism]"
Brevibacterium yomogidense,Brevibacterium,Actinobacteria,ureC,2,WP_087003385.1,urease subunit alpha [Brevibacterium yomogidense],"(""ureC""[Title] OR ""urease subunit alpha""[Title] OR ""urease alpha subunit""[Title]) AND ""Brevibacterium yomogidense""[Organism]"
Gallicola barnesae,Gallicola,Firmicutes,ureC,0,,,"(""ureC""[Title] OR ""urease subunit alpha""[Title] OR ""urease alpha subunit""[Title]) AND ""Gallicola barnesae""[Organism]"
Georgenia satyanarayanai,Georgenia,Actinobacteria,ureC,0,,,"(""ureC""[Title] OR ""urease subunit alpha""[Title] OR ""urease alpha subunit""[Title]) AND ""Georgenia satyanarayanai""[Organism]"
Actinomadura livida,Actinomadura,Actinobacteria,ureC,6,GAA0550818.1,urease subunit alpha [Actinomadura livida],"(""ureC""[Title] OR ""urease subunit alpha""[Title] OR ""urease alpha subunit""[Title]) AND ""Actinomadura livida""[Organism]"
Aerococcus suis,Aerococcus,Firmicutes,ureC,0,,,"(""ureC""[Title] OR ""urease subunit alpha""[Title] OR ""urease alpha subunit""[Title]) AND ""Aerococcus suis""[Organism]"
Oceanobacillus indicireducens,Oceanobacillus,Firmicutes,ureC,0,,,"(""ureC""[Title] OR ""urease subunit alpha""[Title] OR ""urease alpha subunit""[Title]) AND ""Oceanobacillus indicireducens""[Organism]"
Companilactobacillus suantsaicola,Companilactobacillus,Firmicutes,ureC,0,,,"(""ureC""[Title] OR ""urease subunit alpha""[Title] OR ""urease alpha subunit""[Title]) AND ""Companilactobacillus suantsaicola""[Organism]"
Limosilactobacillus coleohominis,Limosilactobacillus,Firmicutes,ureC,0,,,"(""ureC""[Title] OR ""urease subunit alpha""[Title] OR ""urease alpha subunit""[Title]) AND ""Limosilactobacillus coleohominis""[Organism]"
Aquihabitans daechungensis,Aquihabitans,Actinobacteria,ureC,0,,,"(""ureC""[Title] OR ""urease subunit alpha""[Title] OR ""urease alpha subunit""[Title]) AND ""Aquihabitans daechungensis""[Organism]"
Limosilactobacillus panis,Limosilactobacillus,Firmicutes,ureC,0,,,"(""ureC""[Title] OR ""urease subunit alpha""[Title] OR ""urease alpha subunit""[Title]) AND ""Limosilactobacillus panis""[Organism]"
Dietzia kunjamensis,Dietzia,Actinobacteria,ureC,12,WP_413956719.1,urease subunit alpha [Dietzia kunjamensis],"(""ureC""[Title] OR ""urease subunit alpha""[Title] OR ""urease alpha subunit""[Title]) AND ""Dietzia kunjamensis""[Organism]"
Alloiococcus otitis,Alloiococcus,Firmicutes,ureC,0,,,"(""ureC""[Title] OR ""urease subunit alpha""[Title] OR ""urease alpha subunit""[Title]) AND ""Alloiococcus otitis""[Organism]"
Oceanobacillus limi,Oceanobacillus,Firmicutes,ureC,0,,,"(""ureC""[Title] OR ""urease subunit alpha""[Title] OR ""urease alpha subunit""[Title]) AND ""Oceanobacillus limi""[Organism]"
Enterococcus columbae,Enterococcus,Firmicutes,ureC,0,,,"(""ureC""[Title] OR ""urease subunit alpha""[Title] OR ""urease alpha subunit""[Title]) AND ""Enterococcus columbae""[Organism]"
Tetragenococcus koreensis,Tetragenococcus,Firmicutes,ureC,0,,,"(""ureC""[Title] OR ""urease subunit alpha""[Title] OR ""urease alpha subunit""[Title]) AND ""Tetragenococcus koreensis""[Organism]"
Jeotgalicoccus marinus,Jeotgalicoccus,Firmicutes,ureC,0,,,"(""ureC""[Title] OR ""urease subunit alpha""[Title] OR ""urease alpha subunit""[Title]) AND ""Jeotgalicoccus marinus""[Organism]"
Nocardiopsis xinjiangensis,Nocardiopsis,Actinobacteria,ureC,0,,,"(""ureC""[Title] OR ""urease subunit alpha""[Title] OR ""urease alpha subunit""[Title]) AND ""Nocardiopsis xinjiangensis""[Organism]"
Amphibacillus indicireducens,Amphibacillus,Firmicutes,ureC,0,,,"(""ureC""[Title] OR ""urease subunit alpha""[Title] OR ""urease alpha subunit""[Title]) AND ""Amphibacillus indicireducens""[Organism]"
Virgibacillus salarius,Virgibacillus,Firmicutes,ureC,0,,,"(""ureC""[Title] OR ""urease subunit alpha""[Title] OR ""urease alpha subunit""[Title]) AND ""Virgibacillus salarius""[Organism]"
Virgibacillus marismortui,Virgibacillus,Firmicutes,ureC,0,,,"(""ureC""[Title] OR ""urease subunit alpha""[Title] OR ""urease alpha subunit""[Title]) AND ""Virgibacillus marismortui""[Organism]"
Occultella kanbiaonis,Occultella,Actinobacteria,ureC,1,WP_154796083.1,urease subunit alpha [Occultella kanbiaonis],"(""ureC""[Title] OR ""urease subunit alpha""[Title] OR ""urease alpha subunit""[Title]) AND ""Occultella kanbiaonis""[Organism]"
Georgenia subflava,Georgenia,Actinobacteria,ureC,1,WP_152196699.1,urease subunit alpha [Georgenia subflava],"(""ureC""[Title] OR ""urease subunit alpha""[Title] OR ""urease alpha subunit""[Title]) AND ""Georgenia subflava""[Organism]"
Aeromicrobium alkaliterrae,Aeromicrobium,Actinobacteria,ureC,0,,,"(""ureC""[Title] OR ""urease subunit alpha""[Title] OR ""urease alpha subunit""[Title]) AND ""Aeromicrobium alkaliterrae""[Organism]"
Lederbergia graminis,Lederbergia,Firmicutes,ureC,0,,,"(""ureC""[Title] OR ""urease subunit alpha""[Title] OR ""urease alpha subunit""[Title]) AND ""Lederbergia graminis""[Organism]"
Ligilactobacillus saerimneri,Ligilactobacillus,Firmicutes,ureC,0,,,"(""ureC""[Title] OR ""urease subunit alpha""[Title] OR ""urease alpha subunit""[Title]) AND ""Ligilactobacillus saerimneri""[Organism]"
Lactobacillus amylovorus,Lactobacillus,Firmicutes,ureC,0,,,"(""ureC""[Title] OR ""urease subunit alpha""[Title] OR ""urease alpha subunit""[Title]) AND ""Lactobacillus amylovorus""[Organism]"
Peptoniphilus stercorisuis,Peptoniphilus,Firmicutes,ureC,0,,,"(""ureC""[Title] OR ""urease subunit alpha""[Title] OR ""urease alpha subunit""[Title]) AND ""Peptoniphilus stercorisuis""[Organism]"
Jeotgalicoccus huakuii,Jeotgalicoccus,Firmicutes,ureC,0,,,"(""ureC""[Title] OR ""urease subunit alpha""[Title] OR ""urease alpha subunit""[Title]) AND ""Jeotgalicoccus huakuii""[Organism]"
Mammaliicoccus vitulinus,Mammaliicoccus,Firmicutes,ureC,0,,,"(""ureC""[Title] OR ""urease subunit alpha""[Title] OR ""urease alpha subunit""[Title]) AND ""Mammaliicoccus vitulinus""[Organism]"
Oceanobacillus chironomi,Oceanobacillus,Firmicutes,ureC,0,,,"(""ureC""[Title] OR ""urease subunit alpha""[Title] OR ""urease alpha subunit""[Title]) AND ""Oceanobacillus chironomi""[Organism]"
Peptostreptococcus russellii,Peptostreptococcus,Firmicutes,ureC,0,,,"(""ureC""[Title] OR ""urease subunit alpha""[Title] OR ""urease alpha subunit""[Title]) AND ""Peptostreptococcus russellii""[Organism]"
Dietzia papillomatosis,Dietzia,Actinobacteria,ureC,1,WP_083961794.1,urease subunit alpha [Dietzia papillomatosis],"(""ureC""[Title] OR ""urease subunit alpha""[Title] OR ""urease alpha subunit""[Title]) AND ""Dietzia papillomatosis""[Organism]"
Brachybacterium sacelli,Brachybacterium,Actinobacteria,ureC,2,WP_209900975.1,urease subunit alpha [Brachybacterium sacelli],"(""ureC""[Title] OR ""urease subunit alpha""[Title] OR ""urease alpha subunit""[Title]) AND ""Brachybacterium sacelli""[Organism]"
Aeromicrobium ginsengisoli,Aeromicrobium,Actinobacteria,ureC,0,,,"(""ureC""[Title] OR ""urease subunit alpha""[Title] OR ""urease alpha subunit""[Title]) AND ""Aeromicrobium ginsengisoli""[Organism]"
Gemmiger formicilis,Gemmiger,Firmicutes,ureC,0,,,"(""ureC""[Title] OR ""urease subunit alpha""[Title] OR ""urease alpha subunit""[Title]) AND ""Gemmiger formicilis""[Organism]"
Companilactobacillus pabuli,Companilactobacillus,Firmicutes,ureC,0,,,"(""ureC""[Title] OR ""urease subunit alpha""[Title] OR ""urease alpha subunit""[Title]) AND ""Companilactobacillus pabuli""[Organism]"
Oceanobacillus massiliensis,Oceanobacillus,Firmicutes,ureC,0,,,"(""ureC""[Title] OR ""urease subunit alpha""[Title] OR ""urease alpha subunit""[Title]) AND ""Oceanobacillus massiliensis""[Organism]"
Corynebacterium freneyi,Corynebacterium,Actinobacteria,ureC,0,,,"(""ureC""[Title] OR ""urease subunit alpha""[Title] OR ""urease alpha subunit""[Title]) AND ""Corynebacterium freneyi""[Organism]"
Ornithinimicrobium murale,Ornithinimicrobium,Actinobacteria,ureC,0,,,"(""ureC""[Title] OR ""urease subunit alpha""[Title] OR ""urease alpha subunit""[Title]) AND ""Ornithinimicrobium murale""[Organism]"
Anaerosalibacter bizertensis,Anaerosalibacter,Firmicutes,ureC,0,,,"(""ureC""[Title] OR ""urease subunit alpha""[Title] OR ""urease alpha subunit""[Title]) AND ""Anaerosalibacter bizertensis""[Organism]"
Ornithinibacillus halophilus,Ornithinibacillus,Firmicutes,ureC,0,,,"(""ureC""[Title] OR ""urease subunit alpha""[Title] OR ""urease alpha subunit""[Title]) AND ""Ornithinibacillus halophilus""[Organism]"
Tomitella gaofuii,Tomitella,Actinobacteria,ureC,2,WP_182359681.1,urease subunit alpha [Tomitella gaofuii],"(""ureC""[Title] OR ""urease subunit alpha""[Title] OR ""urease alpha subunit""[Title]) AND ""Tomitella gaofuii""[Organism]"
Ornithinibacillus salinisoli,Ornithinibacillus,Firmicutes,ureC,0,,,"(""ureC""[Title] OR ""urease subunit alpha""[Title] OR ""urease alpha subunit""[Title]) AND ""Ornithinibacillus salinisoli""[Organism]"
Staphylococcus edaphicus,Staphylococcus,Firmicutes,ureC,3,UQW81823.1,urease subunit alpha [Staphylococcus edaphicus],"(""ureC""[Title] OR ""urease subunit alpha""[Title] OR ""urease alpha subunit""[Title]) AND ""Staphylococcus edaphicus""[Organism]"
Lactobacillus acidophilus,Lactobacillus,Firmicutes,ureC,0,,,"(""ureC""[Title] OR ""urease subunit alpha""[Title] OR ""urease alpha subunit""[Title]) AND ""Lactobacillus acidophilus""[Organism]"
Enterococcus faecium,Enterococcus,Firmicutes,ureC,14,WP_482869857.1,"urease subunit alpha, partial [Enterococcus faecium]","(""ureC""[Title] OR ""urease subunit alpha""[Title] OR ""urease alpha subunit""[Title]) AND ""Enterococcus faecium""[Organism]"
Aliicoccus persicus,Aliicoccus,Firmicutes,ureC,0,,,"(""ureC""[Title] OR ""urease subunit alpha""[Title] OR ""urease alpha subunit""[Title]) AND ""Aliicoccus persicus""[Organism]"
Virgibacillus kimchii,Virgibacillus,Firmicutes,ureC,0,,,"(""ureC""[Title] OR ""urease subunit alpha""[Title] OR ""urease alpha subunit""[Title]) AND ""Virgibacillus kimchii""[Organism]"
Staphylococcus petrasii,Staphylococcus,Firmicutes,ureC,6,WP_438500054.1,urease subunit alpha [Staphylococcus petrasii],"(""ureC""[Title] OR ""urease subunit alpha""[Title] OR ""urease alpha subunit""[Title]) AND ""Staphylococcus petrasii""[Organism]"
Anaerococcus hydrogenalis,Anaerococcus,Firmicutes,ureC,5,WP_276773448.1,urease subunit alpha [Anaerococcus hydrogenalis],"(""ureC""[Title] OR ""urease subunit alpha""[Title] OR ""urease alpha subunit""[Title]) AND ""Anaerococcus hydrogenalis""[Organism]"
Ruania zhangjianzhongii,Ruania,Actinobacteria,ureC,2,WP_148239520.1,urease subunit alpha [Ruania zhangjianzhongii],"(""ureC""[Title] OR ""urease subunit alpha""[Title] OR ""urease alpha subunit""[Title]) AND ""Ruania zhangjianzhongii""[Organism]"
Corynebacterium hansenii,Corynebacterium,Actinobacteria,ureC,2,WP_290288357.1,urease subunit alpha [Corynebacterium hansenii],"(""ureC""[Title] OR ""urease subunit alpha""[Title] OR ""urease alpha subunit""[Title]) AND ""Corynebacterium hansenii""[Organism]"
Butyricicoccus pullicaecorum,Butyricicoccus,Firmicutes,ureC,0,,,"(""ureC""[Title] OR ""urease subunit alpha""[Title] OR ""urease alpha subunit""[Title]) AND ""Butyricicoccus pullicaecorum""[Organism]"
Enterococcus hirae,Enterococcus,Firmicutes,ureC,11,WP_491821111.1,urease subunit alpha [Enterococcus hirae],"(""ureC""[Title] OR ""urease subunit alpha""[Title] OR ""urease alpha subunit""[Title]) AND ""Enterococcus hirae""[Organism]"
[Ruminococcus] torques,Mediterraneibacter,Firmicutes,ureC,0,,,"(""ureC""[Title] OR ""urease subunit alpha""[Title] OR ""urease alpha subunit""[Title]) AND ""[Ruminococcus] torques""[Organism]"
Peptoniphilus coxii,Peptoniphilus,Firmicutes,ureC,0,,,"(""ureC""[Title] OR ""urease subunit alpha""[Title] OR ""urease alpha subunit""[Title]) AND ""Peptoniphilus coxii""[Organism]"
Ligilactobacillus araffinosus,Ligilactobacillus,Firmicutes,ureC,2,WP_057906012.1,urease subunit alpha [Ligilactobacillus araffinosus],"(""ureC""[Title] OR ""urease subunit alpha""[Title] OR ""urease alpha subunit""[Title]) AND ""Ligilactobacillus araffinosus""[Organism]"
Lederbergia lenta,Lederbergia,Firmicutes,ureC,3,CAM4148711.1,urease subunit alpha [Lederbergia lenta],"(""ureC""[Title] OR ""urease subunit alpha""[Title] OR ""urease alpha subunit""[Title]) AND ""Lederbergia lenta""[Organism]"
Virgibacillus necropolis,Virgibacillus,Firmicutes,ureC,2,WP_089533948.1,urease subunit alpha [Virgibacillus necropolis],"(""ureC""[Title] OR ""urease subunit alpha""[Title] OR ""urease alpha subunit""[Title]) AND ""Virgibacillus necropolis""[Organism]"
Faecalibacterium hattorii,Faecalibacterium,Firmicutes,ureC,0,,,"(""ureC""[Title] OR ""urease subunit alpha""[Title] OR ""urease alpha subunit""[Title]) AND ""Faecalibacterium hattorii""[Organism]"
Natronosporangium hydrolyticum,Natronosporangium,Actinobacteria,ureC,2,WP_239675387.1,urease subunit alpha [Natronosporangium hydrolyticum],"(""ureC""[Title] OR ""urease subunit alpha""[Title] OR ""urease alpha subunit""[Title]) AND ""Natronosporangium hydrolyticum""[Organism]"
Negativibacillus massiliensis,Negativibacillus,Firmicutes,ureC,0,,,"(""ureC""[Title] OR ""urease subunit alpha""[Title] OR ""urease alpha subunit""[Title]) AND ""Negativibacillus massiliensis""[Organism]"
Brachybacterium hainanense,Brachybacterium,Actinobacteria,ureC,1,WP_376981044.1,urease subunit alpha [Brachybacterium hainanense],"(""ureC""[Title] OR ""urease subunit alpha""[Title] OR ""urease alpha subunit""[Title]) AND ""Brachybacterium hainanense""[Organism]"
Oceanobacillus halotolerans,Oceanobacillus,Firmicutes,ureC,0,,,"(""ureC""[Title] OR ""urease subunit alpha""[Title] OR ""urease alpha subunit""[Title]) AND ""Oceanobacillus halotolerans""[Organism]"
Staphylococcus gallinarum,Staphylococcus,Firmicutes,ureC,44,WP_496243312.1,urease subunit alpha [Staphylococcus gallinarum],"(""ureC""[Title] OR ""urease subunit alpha""[Title] OR ""urease alpha subunit""[Title]) AND ""Staphylococcus gallinarum""[Organism]"
Companilactobacillus futsaii,Companilactobacillus,Firmicutes,ureC,0,,,"(""ureC""[Title] OR ""urease subunit alpha""[Title] OR ""urease alpha subunit""[Title]) AND ""Companilactobacillus futsaii""[Organism]"
Anaerococcus urinomassiliensis,Anaerococcus,Firmicutes,ureC,0,,,"(""ureC""[Title] OR ""urease subunit alpha""[Title] OR ""urease alpha subunit""[Title]) AND ""Anaerococcus urinomassiliensis""[Organism]"
Wenzhouxiangella salilacus,Wenzhouxiangella,Proteobacteria,ureC,0,,,"(""ureC""[Title] OR ""urease subunit alpha""[Title] OR ""urease alpha subunit""[Title]) AND ""Wenzhouxiangella salilacus""[Organism]"
Alkalihalobacillus alcalophilus,Alkalihalobacillus,Firmicutes,ureC,0,,,"(""ureC""[Title] OR ""urease subunit alpha""[Title] OR ""urease alpha subunit""[Title]) AND ""Alkalihalobacillus alcalophilus""[Organism]"
Nocardiopsis listeri,Nocardiopsis,Actinobacteria,ureC,1,WP_304077634.1,urease subunit alpha [Nocardiopsis listeri],"(""ureC""[Title] OR ""urease subunit alpha""[Title] OR ""urease alpha subunit""[Title]) AND ""Nocardiopsis listeri""[Organism]"
Loigolactobacillus rennini,Loigolactobacillus,Firmicutes,ureC,0,,,"(""ureC""[Title] OR ""urease subunit alpha""[Title] OR ""urease alpha subunit""[Title]) AND ""Loigolactobacillus rennini""[Organism]"
Anaerococcus octavius,Anaerococcus,Firmicutes,ureC,0,,,"(""ureC""[Title] OR ""urease subunit alpha""[Title] OR ""urease alpha subunit""[Title]) AND ""Anaerococcus octavius""[Organism]"
Rhodococcus coprophilus,Rhodococcus,Actinobacteria,ureC,3,WP_358473115.1,urease subunit alpha [Rhodococcus coprophilus],"(""ureC""[Title] OR ""urease subunit alpha""[Title] OR ""urease alpha subunit""[Title]) AND ""Rhodococcus coprophilus""[Organism]"
Limosilactobacillus antri,Limosilactobacillus,Firmicutes,ureC,0,,,"(""ureC""[Title] OR ""urease subunit alpha""[Title] OR ""urease alpha subunit""[Title]) AND ""Limosilactobacillus antri""[Organism]"
Georgenia yuyongxinii,Georgenia,Actinobacteria,ureC,0,,,"(""ureC""[Title] OR ""urease subunit alpha""[Title] OR ""urease alpha subunit""[Title]) AND ""Georgenia yuyongxinii""[Organism]"
Phocaeicola dorei,Phocaeicola,Bacteroidota,ureC,0,,,"(""ureC""[Title] OR ""urease subunit alpha""[Title] OR ""urease alpha subunit""[Title]) AND ""Phocaeicola dorei""[Organism]"
Staphylococcus caledonicus,Staphylococcus,Firmicutes,ureC,4,WP_107507270.1,MULTISPECIES: urease subunit alpha [Staphylococcus],"(""ureC""[Title] OR ""urease subunit alpha""[Title] OR ""urease alpha subunit""[Title]) AND ""Staphylococcus caledonicus""[Organism]"
Luteimicrobium album,Luteimicrobium,Actinobacteria,ureC,0,,,"(""ureC""[Title] OR ""urease subunit alpha""[Title] OR ""urease alpha subunit""[Title]) AND ""Luteimicrobium album""[Organism]"
Staphylococcus schweitzeri,Staphylococcus,Firmicutes,ureC,11,CAM4154585.1,urease subunit alpha [Staphylococcus schweitzeri],"(""ureC""[Title] OR ""urease subunit alpha""[Title] OR ""urease alpha subunit""[Title]) AND ""Staphylococcus schweitzeri""[Organism]"
Brachybacterium fresconis,Brachybacterium,Actinobacteria,ureC,4,WP_209893869.1,urease subunit alpha [Brachybacterium fresconis],"(""ureC""[Title] OR ""urease subunit alpha""[Title] OR ""urease alpha subunit""[Title]) AND ""Brachybacterium fresconis""[Organism]"
Lederbergia galactosidilytica,Lederbergia,Firmicutes,ureC,2,WP_057987045.1,MULTISPECIES: urease subunit alpha [Lederbergia],"(""ureC""[Title] OR ""urease subunit alpha""[Title] OR ""urease alpha subunit""[Title]) AND ""Lederbergia galactosidilytica""[Organism]"
Shigella flexneri,Shigella,Proteobacteria,ureC,1,EIQ80234.1,"urease, alpha subunit [Shigella flexneri 1235-66]","(""ureC""[Title] OR ""urease subunit alpha""[Title] OR ""urease alpha subunit""[Title]) AND ""Shigella flexneri""[Organism]"
Staphylococcus succinus,Staphylococcus,Firmicutes,ureC,30,WP_437272299.1,urease subunit alpha [Staphylococcus succinus],"(""ureC""[Title] OR ""urease subunit alpha""[Title] OR ""urease alpha subunit""[Title]) AND ""Staphylococcus succinus""[Organism]"
Virgibacillus carmonensis,Virgibacillus,Firmicutes,ureC,0,,,"(""ureC""[Title] OR ""urease subunit alpha""[Title] OR ""urease alpha subunit""[Title]) AND ""Virgibacillus carmonensis""[Organism]"
Allofustis seminis,Allofustis,Firmicutes,ureC,0,,,"(""ureC""[Title] OR ""urease subunit alpha""[Title] OR ""urease alpha subunit""[Title]) AND ""Allofustis seminis""[Organism]"
Staphylococcus hominis,Staphylococcus,Firmicutes,ureC,84,YEU77637.1,urease subunit alpha [Staphylococcus hominis],"(""ureC""[Title] OR ""urease subunit alpha""[Title] OR ""urease alpha subunit""[Title]) AND ""Staphylococcus hominis""[Organism]"
Brachybacterium endophyticum,Brachybacterium,Actinobacteria,ureC,0,,,"(""ureC""[Title] OR ""urease subunit alpha""[Title] OR ""urease alpha subunit""[Title]) AND ""Brachybacterium endophyticum""[Organism]"
Brevibacterium epidermidis,Brevibacterium,Actinobacteria,ureC,0,,,"(""ureC""[Title] OR ""urease subunit alpha""[Title] OR ""urease alpha subunit""[Title]) AND ""Brevibacterium epidermidis""[Organism]"
Staphylococcus pasteuri,Staphylococcus,Firmicutes,ureC,33,WP_490662929.1,urease subunit alpha [Staphylococcus pasteuri],"(""ureC""[Title] OR ""urease subunit alpha""[Title] OR ""urease alpha subunit""[Title]) AND ""Staphylococcus pasteuri""[Organism]"
Mycolicibacterium smegmatis,Mycolicibacterium,Actinobacteria,ureC,85,WP_158168247.1,MULTISPECIES: urease subunit alpha [Mycolicibacterium],"(""ureC""[Title] OR ""urease subunit alpha""[Title] OR ""urease alpha subunit""[Title]) AND ""Mycolicibacterium smegmatis""[Organism]"
Brevibacterium casei,Brevibacterium,Actinobacteria,ureC,20,WP_095376389.1,MULTISPECIES: urease subunit alpha [Brevibacterium],"(""ureC""[Title] OR ""urease subunit alpha""[Title] OR ""urease alpha subunit""[Title]) AND ""Brevibacterium casei""[Organism]"
Pseudactinotalea terrae,Pseudactinotalea,Actinobacteria,ureC,0,,,"(""ureC""[Title] OR ""urease subunit alpha""[Title] OR ""urease alpha subunit""[Title]) AND ""Pseudactinotalea terrae""[Organism]"
Ligilactobacillus salitolerans,Ligilactobacillus,Firmicutes,ureC,0,,,"(""ureC""[Title] OR ""urease subunit alpha""[Title] OR ""urease alpha subunit""[Title]) AND ""Ligilactobacillus salitolerans""[Organism]"
Oceanobacillus luteolus,Oceanobacillus,Firmicutes,ureC,0,,,"(""ureC""[Title] OR ""urease subunit alpha""[Title] OR ""urease alpha subunit""[Title]) AND ""Oceanobacillus luteolus""[Organism]"
Streptomyces triticirhizae,Streptomyces,Actinobacteria,ureC,2,WP_122399502.1,urease subunit alpha [Streptomyces triticirhizae],"(""ureC""[Title] OR ""urease subunit alpha""[Title] OR ""urease alpha subunit""[Title]) AND ""Streptomyces triticirhizae""[Organism]"
Paracoccus jeotgali,Paracoccus,Proteobacteria,ureC,0,,,"(""ureC""[Title] OR ""urease subunit alpha""[Title] OR ""urease alpha subunit""[Title]) AND ""Paracoccus jeotgali""[Organism]"
Pseudoflavonifractor capillosus,Pseudoflavonifractor,Firmicutes,ureC,0,,,"(""ureC""[Title] OR ""urease subunit alpha""[Title] OR ""urease alpha subunit""[Title]) AND ""Pseudoflavonifractor capillosus""[Organism]"
Staphylococcus casei,Staphylococcus,Firmicutes,ureC,5,WP_103267055.1,MULTISPECIES: urease subunit alpha [Staphylococcus],"(""ureC""[Title] OR ""urease subunit alpha""[Title] OR ""urease alpha subunit""[Title]) AND ""Staphylococcus casei""[Organism]"
Ruania alba,Ruania,Actinobacteria,ureC,0,,,"(""ureC""[Title] OR ""urease subunit alpha""[Title] OR ""urease alpha subunit""[Title]) AND ""Ruania alba""[Organism]"
Gemmiger gallinarum,Gemmiger,Firmicutes,ureC,0,,,"(""ureC""[Title] OR ""urease subunit alpha""[Title] OR ""urease alpha subunit""[Title]) AND ""Gemmiger gallinarum""[Organism]"
Gallibacterium anatis,Gallibacterium,Proteobacteria,ureC,0,,,"(""ureC""[Title] OR ""urease subunit alpha""[Title] OR ""urease alpha subunit""[Title]) AND ""Gallibacterium anatis""[Organism]"
Levilactobacillus angrenensis,Levilactobacillus,Firmicutes,ureC,0,,,"(""ureC""[Title] OR ""urease subunit alpha""[Title] OR ""urease alpha subunit""[Title]) AND ""Levilactobacillus angrenensis""[Organism]"
Subdoligranulum variabile,Subdoligranulum,Firmicutes,ureC,0,,,"(""ureC""[Title] OR ""urease subunit alpha""[Title] OR ""urease alpha subunit""[Title]) AND ""Subdoligranulum variabile""[Organism]"
Oceanobacillus damuensis,Oceanobacillus,Firmicutes,ureC,1,WP_067730666.1,urease subunit alpha [Oceanobacillus damuensis],"(""ureC""[Title] OR ""urease subunit alpha""[Title] OR ""urease alpha subunit""[Title]) AND ""Oceanobacillus damuensis""[Organism]"
Escherichia fergusonii,Escherichia,Proteobacteria,ureC,0,,,"(""ureC""[Title] OR ""urease subunit alpha""[Title] OR ""urease alpha subunit""[Title]) AND ""Escherichia fergusonii""[Organism]"
Romboutsia hominis,Romboutsia,Firmicutes,ureC,0,,,"(""ureC""[Title] OR ""urease subunit alpha""[Title] OR ""urease alpha subunit""[Title]) AND ""Romboutsia hominis""[Organism]"
Staphylococcus roterodami,Staphylococcus,Firmicutes,ureC,3,UMT80321.1,urease subunit alpha [Staphylococcus roterodami],"(""ureC""[Title] OR ""urease subunit alpha""[Title] OR ""urease alpha subunit""[Title]) AND ""Staphylococcus roterodami""[Organism]"
Virgibacillus natechei,Virgibacillus,Firmicutes,ureC,4,WP_449354493.1,urease subunit alpha [Virgibacillus natechei],"(""ureC""[Title] OR ""urease subunit alpha""[Title] OR ""urease alpha subunit""[Title]) AND ""Virgibacillus natechei""[Organism]"
Oceanobacillus polygoni,Oceanobacillus,Firmicutes,ureC,1,WP_149476260.1,urease subunit alpha [Oceanobacillus polygoni],"(""ureC""[Title] OR ""urease subunit alpha""[Title] OR ""urease alpha subunit""[Title]) AND ""Oceanobacillus polygoni""[Organism]"
Microbacterium faecale,Microbacterium,Actinobacteria,ureC,0,,,"(""ureC""[Title] OR ""urease subunit alpha""[Title] OR ""urease alpha subunit""[Title]) AND ""Microbacterium faecale""[Organism]"
Aeromicrobium erythreum,Aeromicrobium,Actinobacteria,ureC,0,,,"(""ureC""[Title] OR ""urease subunit alpha""[Title] OR ""urease alpha subunit""[Title]) AND ""Aeromicrobium erythreum""[Organism]"
Enterococcus durans,Enterococcus,Firmicutes,ureC,0,,,"(""ureC""[Title] OR ""urease subunit alpha""[Title] OR ""urease alpha subunit""[Title]) AND ""Enterococcus durans""[Organism]"
Alistipes dispar,Alistipes,Bacteroidota,ureC,0,,,"(""ureC""[Title] OR ""urease subunit alpha""[Title] OR ""urease alpha subunit""[Title]) AND ""Alistipes dispar""[Organism]"
Enterococcus faecalis,Enterococcus,Firmicutes,ureC,0,,,"(""ureC""[Title] OR ""urease subunit alpha""[Title] OR ""urease alpha subunit""[Title]) AND ""Enterococcus faecalis""[Organism]"
Mediterraneibacter glycyrrhizinilyticus,Mediterraneibacter,Firmicutes,ureC,0,,,"(""ureC""[Title] OR ""urease subunit alpha""[Title] OR ""urease alpha subunit""[Title]) AND ""Mediterraneibacter glycyrrhizinilyticus""[Organism]"
Staphylococcus carnosus,Staphylococcus,Firmicutes,ureC,26,WP_442242978.1,"urease subunit alpha, partial [Staphylococcus carnosus]","(""ureC""[Title] OR ""urease subunit alpha""[Title] OR ""urease alpha subunit""[Title]) AND ""Staphylococcus carnosus""[Organism]"
Corynebacterium aurimucosum,Corynebacterium,Actinobacteria,ureC,0,,,"(""ureC""[Title] OR ""urease subunit alpha""[Title] OR ""urease alpha subunit""[Title]) AND ""Corynebacterium aurimucosum""[Organism]"
Nocardiopsis alkaliphila,Nocardiopsis,Actinobacteria,ureC,0,,,"(""ureC""[Title] OR ""urease subunit alpha""[Title] OR ""urease alpha subunit""[Title]) AND ""Nocardiopsis alkaliphila""[Organism]"
Staphylococcus equorum,Staphylococcus,Firmicutes,ureC,99,WP_490663354.1,urease subunit alpha [Staphylococcus equorum],"(""ureC""[Title] OR ""urease subunit alpha""[Title] OR ""urease alpha subunit""[Title]) AND ""Staphylococcus equorum""[Organism]"
Blautia glucerasea,Blautia,Firmicutes,ureC,0,,,"(""ureC""[Title] OR ""urease subunit alpha""[Title] OR ""urease alpha subunit""[Title]) AND ""Blautia glucerasea""[Organism]"
Clostridium haemolyticum,Clostridium,Firmicutes,ureC,0,,,"(""ureC""[Title] OR ""urease subunit alpha""[Title] OR ""urease alpha subunit""[Title]) AND ""Clostridium haemolyticum""[Organism]"
Oceanisphaera avium,Oceanisphaera,Proteobacteria,ureC,0,,,"(""ureC""[Title] OR ""urease subunit alpha""[Title] OR ""urease alpha subunit""[Title]) AND ""Oceanisphaera avium""[Organism]"
Falsochrobactrum ovis,Falsochrobactrum,Proteobacteria,ureC,2,WP_111575764.1,urease subunit alpha [Falsochrobactrum ovis],"(""ureC""[Title] OR ""urease subunit alpha""[Title] OR ""urease alpha subunit""[Title]) AND ""Falsochrobactrum ovis""[Organism]"
Weissella paramesenteroides,Weissella,Firmicutes,ureC,0,,,"(""ureC""[Title] OR ""urease subunit alpha""[Title] OR ""urease alpha subunit""[Title]) AND ""Weissella paramesenteroides""[Organism]"
Brachybacterium subflavum,Brachybacterium,Actinobacteria,ureC,0,,,"(""ureC""[Title] OR ""urease subunit alpha""[Title] OR ""urease alpha subunit""[Title]) AND ""Brachybacterium subflavum""[Organism]"
Companilactobacillus baiquanensis,Companilactobacillus,Firmicutes,ureC,0,,,"(""ureC""[Title] OR ""urease subunit alpha""[Title] OR ""urease alpha subunit""[Title]) AND ""Companilactobacillus baiquanensis""[Organism]"
Merdimonas faecis,Merdimonas,Firmicutes,ureC,0,,,"(""ureC""[Title] OR ""urease subunit alpha""[Title] OR ""urease alpha subunit""[Title]) AND ""Merdimonas faecis""[Organism]"
Dietzia alimentaria,Dietzia,Actinobacteria,ureC,1,ODQ85602.1,urease subunit alpha [Dietzia alimentaria],"(""ureC""[Title] OR ""urease subunit alpha""[Title] OR ""urease alpha subunit""[Title]) AND ""Dietzia alimentaria""[Organism]"
Fusicatenibacter saccharivorans,Fusicatenibacter,Firmicutes,ureC,5,WP_022462945.1,MULTISPECIES: urease subunit alpha [Lachnospiraceae],"(""ureC""[Title] OR ""urease subunit alpha""[Title] OR ""urease alpha subunit""[Title]) AND ""Fusicatenibacter saccharivorans""[Organism]"
Staphylococcus aureus,Staphylococcus,Firmicutes,ureC,14306,WP_495479468.1,urease subunit alpha [Staphylococcus aureus],"(""ureC""[Title] OR ""urease subunit alpha""[Title] OR ""urease alpha subunit""[Title]) AND ""Staphylococcus aureus""[Organism]"
Rothia koreensis,Rothia,Actinobacteria,ureC,4,WP_443094542.1,urease subunit alpha [Rothia koreensis],"(""ureC""[Title] OR ""urease subunit alpha""[Title] OR ""urease alpha subunit""[Title]) AND ""Rothia koreensis""[Organism]"
Staphylococcus pseudoxylosus,Staphylococcus,Firmicutes,ureC,18,XVL49122.1,urease subunit alpha [Staphylococcus pseudoxylosus],"(""ureC""[Title] OR ""urease subunit alpha""[Title] OR ""urease alpha subunit""[Title]) AND ""Staphylococcus pseudoxylosus""[Organism]"
Pseudothauera rhizosphaerae,Pseudothauera,Proteobacteria,ureC,2,WP_136383754.1,urease subunit alpha [Pseudothauera rhizosphaerae],"(""ureC""[Title] OR ""urease subunit alpha""[Title] OR ""urease alpha subunit""[Title]) AND ""Pseudothauera rhizosphaerae""[Organism]"
Staphylococcus capitis,Staphylococcus,Firmicutes,ureC,134,WP_493290766.1,urease subunit alpha [Staphylococcus capitis],"(""ureC""[Title] OR ""urease subunit alpha""[Title] OR ""urease alpha subunit""[Title]) AND ""Staphylococcus capitis""[Organism]"
Levilactobacillus tujiorum,Levilactobacillus,Firmicutes,ureC,0,,,"(""ureC""[Title] OR ""urease subunit alpha""[Title] OR ""urease alpha subunit""[Title]) AND ""Levilactobacillus tujiorum""[Organism]"
Lapidilactobacillus wuchangensis,Lapidilactobacillus,Firmicutes,ureC,0,,,"(""ureC""[Title] OR ""urease subunit alpha""[Title] OR ""urease alpha subunit""[Title]) AND ""Lapidilactobacillus wuchangensis""[Organism]"
Peptoniphilus timonensis,Peptoniphilus,Firmicutes,ureC,0,,,"(""ureC""[Title] OR ""urease subunit alpha""[Title] OR ""urease alpha subunit""[Title]) AND ""Peptoniphilus timonensis""[Organism]"
Virgibacillus dokdonensis,Virgibacillus,Firmicutes,ureC,0,,,"(""ureC""[Title] OR ""urease subunit alpha""[Title] OR ""urease alpha subunit""[Title]) AND ""Virgibacillus dokdonensis""[Organism]"
Anaerococcus rubeinfantis,Anaerococcus,Firmicutes,ureC,0,,,"(""ureC""[Title] OR ""urease subunit alpha""[Title] OR ""urease alpha subunit""[Title]) AND ""Anaerococcus rubeinfantis""[Organism]"
Corynebacterium sputi,Corynebacterium,Actinobacteria,ureC,1,WP_027019563.1,urease subunit alpha [Corynebacterium sputi],"(""ureC""[Title] OR ""urease subunit alpha""[Title] OR ""urease alpha subunit""[Title]) AND ""Corynebacterium sputi""[Organism]"
Staphylococcus xylosus,Staphylococcus,Firmicutes,ureC,81,WP_452671486.1,urease subunit alpha [Staphylococcus xylosus],"(""ureC""[Title] OR ""urease subunit alpha""[Title] OR ""urease alpha subunit""[Title]) AND ""Staphylococcus xylosus""[Organism]"
Bacteroides uniformis,Bacteroides,Bacteroidota,ureC,0,,,"(""ureC""[Title] OR ""urease subunit alpha""[Title] OR ""urease alpha subunit""[Title]) AND ""Bacteroides uniformis""[Organism]"
Enterococcus casseliflavus,Enterococcus,Firmicutes,ureC,11,WP_483540342.1,urease subunit alpha [Enterococcus casseliflavus],"(""ureC""[Title] OR ""urease subunit alpha""[Title] OR ""urease alpha subunit""[Title]) AND ""Enterococcus casseliflavus""[Organism]"
Niallia oryzisoli,Niallia,Firmicutes,ureC,3,WP_394234393.1,urease subunit alpha [Niallia oryzisoli],"(""ureC""[Title] OR ""urease subunit alpha""[Title] OR ""urease alpha subunit""[Title]) AND ""Niallia oryzisoli""[Organism]"
Oscillibacter massiliensis,Oscillibacter,Firmicutes,ureC,0,,,"(""ureC""[Title] OR ""urease subunit alpha""[Title] OR ""urease alpha subunit""[Title]) AND ""Oscillibacter massiliensis""[Organism]"
Hathewaya limosa,Hathewaya,Firmicutes,ureC,0,,,"(""ureC""[Title] OR ""urease subunit alpha""[Title] OR ""urease alpha subunit""[Title]) AND ""Hathewaya limosa""[Organism]"
Lactobacillus psittaci,Lactobacillus,Firmicutes,ureC,0,,,"(""ureC""[Title] OR ""urease subunit alpha""[Title] OR ""urease alpha subunit""[Title]) AND ""Lactobacillus psittaci""[Organism]"
Georgenia soli,Georgenia,Actinobacteria,ureC,3,WP_098484839.1,urease subunit alpha [Georgenia soli],"(""ureC""[Title] OR ""urease subunit alpha""[Title] OR ""urease alpha subunit""[Title]) AND ""Georgenia soli""[Organism]"
Lentibacillus saliphilus,Lentibacillus,Firmicutes,ureC,0,,,"(""ureC""[Title] OR ""urease subunit alpha""[Title] OR ""urease alpha subunit""[Title]) AND ""Lentibacillus saliphilus""[Organism]"
Bacillus ferrooxidans,Bacillus,Firmicutes,ureC,0,,,"(""ureC""[Title] OR ""urease subunit alpha""[Title] OR ""urease alpha subunit""[Title]) AND ""Bacillus ferrooxidans""[Organism]"
Tidjanibacter massiliensis,Tidjanibacter,Bacteroidota,ureC,0,,,"(""ureC""[Title] OR ""urease subunit alpha""[Title] OR ""urease alpha subunit""[Title]) AND ""Tidjanibacter massiliensis""[Organism]"
Mammaliicoccus fleurettii,Mammaliicoccus,Firmicutes,ureC,3,QPA34838.1,urease subunit alpha [Mammaliicoccus fleurettii],"(""ureC""[Title] OR ""urease subunit alpha""[Title] OR ""urease alpha subunit""[Title]) AND ""Mammaliicoccus fleurettii""[Organism]"
Staphylococcus lugdunensis,Staphylococcus,Firmicutes,ureC,61,WP_491624228.1,urease subunit alpha [Staphylococcus lugdunensis],"(""ureC""[Title] OR ""urease subunit alpha""[Title] OR ""urease alpha subunit""[Title]) AND ""Staphylococcus lugdunensis""[Organism]"
Fournierella massiliensis,Fournierella,Firmicutes,ureC,0,,,"(""ureC""[Title] OR ""urease subunit alpha""[Title] OR ""urease alpha subunit""[Title]) AND ""Fournierella massiliensis""[Organism]"
Clostridium phoceensis,Clostridium,Firmicutes,ureC,0,,,"(""ureC""[Title] OR ""urease subunit alpha""[Title] OR ""urease alpha subunit""[Title]) AND ""Clostridium phoceensis""[Organism]"
Nocardiopsis sinuspersici,Nocardiopsis,Actinobacteria,ureC,0,,,"(""ureC""[Title] OR ""urease subunit alpha""[Title] OR ""urease alpha subunit""[Title]) AND ""Nocardiopsis sinuspersici""[Organism]"
Fastidiosipila sanguinis,Fastidiosipila,Firmicutes,ureC,0,,,"(""ureC""[Title] OR ""urease subunit alpha""[Title] OR ""urease alpha subunit""[Title]) AND ""Fastidiosipila sanguinis""[Organism]"
Pseudoglutamicibacter cumminsii,Pseudoglutamicibacter,Actinobacteria,ureC,0,,,"(""ureC""[Title] OR ""urease subunit alpha""[Title] OR ""urease alpha subunit""[Title]) AND ""Pseudoglutamicibacter cumminsii""[Organism]"
Virgibacillus indicus,Virgibacillus,Firmicutes,ureC,0,,,"(""ureC""[Title] OR ""urease subunit alpha""[Title] OR ""urease alpha subunit""[Title]) AND ""Virgibacillus indicus""[Organism]"
Staphylococcus lloydii,Staphylococcus,Firmicutes,ureC,0,,,"(""ureC""[Title] OR ""urease subunit alpha""[Title] OR ""urease alpha subunit""[Title]) AND ""Staphylococcus lloydii""[Organism]"
Staphylococcus pragensis,Staphylococcus,Firmicutes,ureC,0,,,"(""ureC""[Title] OR ""urease subunit alpha""[Title] OR ""urease alpha subunit""[Title]) AND ""Staphylococcus pragensis""[Organism]"
Anaerococcus murdochii,Anaerococcus,Firmicutes,ureC,0,,,"(""ureC""[Title] OR ""urease subunit alpha""[Title] OR ""urease alpha subunit""[Title]) AND ""Anaerococcus murdochii""[Organism]"
Brevibacterium sediminis,Brevibacterium,Actinobacteria,ureC,4,WP_458311793.1,urease subunit alpha [Brevibacterium sediminis],"(""ureC""[Title] OR ""urease subunit alpha""[Title] OR ""urease alpha subunit""[Title]) AND ""Brevibacterium sediminis""[Organism]"
Tetragenococcus halophilus,Tetragenococcus,Firmicutes,ureC,0,,,"(""ureC""[Title] OR ""urease subunit alpha""[Title] OR ""urease alpha subunit""[Title]) AND ""Tetragenococcus halophilus""[Organism]"
Staphylococcus durrellii,Staphylococcus,Firmicutes,ureC,0,,,"(""ureC""[Title] OR ""urease subunit alpha""[Title] OR ""urease alpha subunit""[Title]) AND ""Staphylococcus durrellii""[Organism]"
Nocardiopsis terrae,Nocardiopsis,Actinobacteria,ureC,0,,,"(""ureC""[Title] OR ""urease subunit alpha""[Title] OR ""urease alpha subunit""[Title]) AND ""Nocardiopsis terrae""[Organism]"
Staphylococcus taiwanensis,Staphylococcus,Firmicutes,ureC,1,UDI77251.1,urease subunit alpha [Staphylococcus taiwanensis],"(""ureC""[Title] OR ""urease subunit alpha""[Title] OR ""urease alpha subunit""[Title]) AND ""Staphylococcus taiwanensis""[Organism]"
Staphylococcus croceilyticus,Staphylococcus,Firmicutes,ureC,3,WP_103328966.1,urease subunit alpha [Staphylococcus croceilyticus],"(""ureC""[Title] OR ""urease subunit alpha""[Title] OR ""urease alpha subunit""[Title]) AND ""Staphylococcus croceilyticus""[Organism]"
Pusillimonas noertemannii,Pusillimonas,Proteobacteria,ureC,0,,,"(""ureC""[Title] OR ""urease subunit alpha""[Title] OR ""urease alpha subunit""[Title]) AND ""Pusillimonas noertemannii""[Organism]"
Phocaeicola vulgatus,Phocaeicola,Bacteroidota,ureC,0,,,"(""ureC""[Title] OR ""urease subunit alpha""[Title] OR ""urease alpha subunit""[Title]) AND ""Phocaeicola vulgatus""[Organism]"
Globicatella sanguinis,Globicatella,Firmicutes,ureC,0,,,"(""ureC""[Title] OR ""urease subunit alpha""[Title] OR ""urease alpha subunit""[Title]) AND ""Globicatella sanguinis""[Organism]"
Enterococcus olivae,Enterococcus,Firmicutes,ureC,0,,,"(""ureC""[Title] OR ""urease subunit alpha""[Title] OR ""urease alpha subunit""[Title]) AND ""Enterococcus olivae""[Organism]"
Saccharomonospora xinjiangensis,Saccharomonospora,Actinobacteria,ureC,0,,,"(""ureC""[Title] OR ""urease subunit alpha""[Title] OR ""urease alpha subunit""[Title]) AND ""Saccharomonospora xinjiangensis""[Organism]"
Staphylococcus condimenti,Staphylococcus,Firmicutes,ureC,9,QRP95894.1,urease subunit alpha [Staphylococcus condimenti],"(""ureC""[Title] OR ""urease subunit alpha""[Title] OR ""urease alpha subunit""[Title]) AND ""Staphylococcus condimenti""[Organism]"
Salinicoccus alkaliphilus,Salinicoccus,Firmicutes,ureC,0,,,"(""ureC""[Title] OR ""urease subunit alpha""[Title] OR ""urease alpha subunit""[Title]) AND ""Salinicoccus alkaliphilus""[Organism]"
Anaerostipes butyraticus,Anaerostipes,Firmicutes,ureC,0,,,"(""ureC""[Title] OR ""urease subunit alpha""[Title] OR ""urease alpha subunit""[Title]) AND ""Anaerostipes butyraticus""[Organism]"
Bifidobacterium pullorum,Bifidobacterium,Actinobacteria,ureC,3,WP_029680231.1,MULTISPECIES: urease subunit alpha [Bifidobacterium],"(""ureC""[Title] OR ""urease subunit alpha""[Title] OR ""urease alpha subunit""[Title]) AND ""Bifidobacterium pullorum""[Organism]"
Blautia hominis,Blautia,Firmicutes,ureC,1,WP_095173489.1,MULTISPECIES: urease subunit alpha [Blautia],"(""ureC""[Title] OR ""urease subunit alpha""[Title] OR ""urease alpha subunit""[Title]) AND ""Blautia hominis""[Organism]"
Sellimonas intestinalis,Sellimonas,Firmicutes,ureC,0,,,"(""ureC""[Title] OR ""urease subunit alpha""[Title] OR ""urease alpha subunit""[Title]) AND ""Sellimonas intestinalis""[Organism]"
Prauserella oleivorans,Prauserella,Actinobacteria,ureC,1,WP_377388546.1,urease subunit alpha [Prauserella oleivorans],"(""ureC""[Title] OR ""urease subunit alpha""[Title] OR ""urease alpha subunit""[Title]) AND ""Prauserella oleivorans""[Organism]"
Niallia endozanthoxylica,Niallia,Firmicutes,ureC,2,WP_150438585.1,urease subunit alpha [Niallia endozanthoxylica],"(""ureC""[Title] OR ""urease subunit alpha""[Title] OR ""urease alpha subunit""[Title]) AND ""Niallia endozanthoxylica""[Organism]"
Sutterella timonensis,Sutterella,Proteobacteria,ureC,0,,,"(""ureC""[Title] OR ""urease subunit alpha""[Title] OR ""urease alpha subunit""[Title]) AND ""Sutterella timonensis""[Organism]"
Nocardiopsis aegyptia,Nocardiopsis,Actinobacteria,ureC,0,,,"(""ureC""[Title] OR ""urease subunit alpha""[Title] OR ""urease alpha subunit""[Title]) AND ""Nocardiopsis aegyptia""[Organism]"
Niallia circulans,Niallia,Firmicutes,ureC,1,WP_235250911.1,urease subunit alpha [Niallia circulans],"(""ureC""[Title] OR ""urease subunit alpha""[Title] OR ""urease alpha subunit""[Title]) AND ""Niallia circulans""[Organism]"
Lederbergia panacisoli,Lederbergia,Firmicutes,ureC,1,WP_257581105.1,urease subunit alpha [Lederbergia panacisoli],"(""ureC""[Title] OR ""urease subunit alpha""[Title] OR ""urease alpha subunit""[Title]) AND ""Lederbergia panacisoli""[Organism]"
Alkalihalobacillus lindianensis,Alkalihalobacillus,Firmicutes,ureC,1,WP_317123309.1,urease subunit alpha [Alkalihalophilus lindianensis],"(""ureC""[Title] OR ""urease subunit alpha""[Title] OR ""urease alpha subunit""[Title]) AND ""Alkalihalobacillus lindianensis""[Organism]"
Ammoniphilus oxalaticus,Ammoniphilus,Firmicutes,ureC,0,,,"(""ureC""[Title] OR ""urease subunit alpha""[Title] OR ""urease alpha subunit""[Title]) AND ""Ammoniphilus oxalaticus""[Organism]"
Agathobaculum butyriciproducens,Agathobaculum,Firmicutes,ureC,1,GAA6504179.1,urease subunit alpha [Agathobaculum butyriciproducens],"(""ureC""[Title] OR ""urease subunit alpha""[Title] OR ""urease alpha subunit""[Title]) AND ""Agathobaculum butyriciproducens""[Organism]"
Levilactobacillus senmaizukei,Levilactobacillus,Firmicutes,ureC,0,,,"(""ureC""[Title] OR ""urease subunit alpha""[Title] OR ""urease alpha subunit""[Title]) AND ""Levilactobacillus senmaizukei""[Organism]"
Actinomadura sputi,Actinomadura,Actinobacteria,ureC,0,,,"(""ureC""[Title] OR ""urease subunit alpha""[Title] OR ""urease alpha subunit""[Title]) AND ""Actinomadura sputi""[Organism]"
Actinotalea caeni,Actinotalea,Actinobacteria,ureC,0,,,"(""ureC""[Title] OR ""urease subunit alpha""[Title] OR ""urease alpha subunit""[Title]) AND ""Actinotalea caeni""[Organism]"
Halomonas gudaonensis,Halomonas,Proteobacteria,ureC,2,WP_089685352.1,urease subunit alpha [Billgrantia gudaonensis],"(""ureC""[Title] OR ""urease subunit alpha""[Title] OR ""urease alpha subunit""[Title]) AND ""Halomonas gudaonensis""[Organism]"
Massilistercora timonensis,Massilistercora,Firmicutes,ureC,0,,,"(""ureC""[Title] OR ""urease subunit alpha""[Title] OR ""urease alpha subunit""[Title]) AND ""Massilistercora timonensis""[Organism]"
Allosalinactinospora lopnorensis,Allosalinactinospora,Actinobacteria,ureC,0,,,"(""ureC""[Title] OR ""urease subunit alpha""[Title] OR ""urease alpha subunit""[Title]) AND ""Allosalinactinospora lopnorensis""[Organism]"
Saccharomonospora amisosensis,Saccharomonospora,Actinobacteria,ureC,0,,,"(""ureC""[Title] OR ""urease subunit alpha""[Title] OR ""urease alpha subunit""[Title]) AND ""Saccharomonospora amisosensis""[Organism]"
Blautia intestinalis,Blautia,Firmicutes,ureC,0,,,"(""ureC""[Title] OR ""urease subunit alpha""[Title] OR ""urease alpha subunit""[Title]) AND ""Blautia intestinalis""[Organism]"
Anaerococcus jeddahensis,Anaerococcus,Firmicutes,ureC,0,,,"(""ureC""[Title] OR ""urease subunit alpha""[Title] OR ""urease alpha subunit""[Title]) AND ""Anaerococcus jeddahensis""[Organism]"
Corynebacterium phoceense,Corynebacterium,Actinobacteria,ureC,0,,,"(""ureC""[Title] OR ""urease subunit alpha""[Title] OR ""urease alpha subunit""[Title]) AND ""Corynebacterium phoceense""[Organism]"
Pseudoflavonifractor gallinarum,Pseudoflavonifractor,Firmicutes,ureC,0,,,"(""ureC""[Title] OR ""urease subunit alpha""[Title] OR ""urease alpha subunit""[Title]) AND ""Pseudoflavonifractor gallinarum""[Organism]"
Clostridium perfringens,Clostridium,Firmicutes,ureC,25,XZN70946.1,urease subunit alpha (plasmid) [Clostridium perfringens],"(""ureC""[Title] OR ""urease subunit alpha""[Title] OR ""urease alpha subunit""[Title]) AND ""Clostridium perfringens""[Organism]"
Caecibacterium sporoformans,Caecibacterium,Firmicutes,ureC,0,,,"(""ureC""[Title] OR ""urease subunit alpha""[Title] OR ""urease alpha subunit""[Title]) AND ""Caecibacterium sporoformans""[Organism]"
Janibacter massiliensis,Janibacter,Actinobacteria,ureC,0,,,"(""ureC""[Title] OR ""urease subunit alpha""[Title] OR ""urease alpha subunit""[Title]) AND ""Janibacter massiliensis""[Organism]"
Levilactobacillus suantsaiihabitans,Levilactobacillus,Firmicutes,ureC,0,,,"(""ureC""[Title] OR ""urease subunit alpha""[Title] OR ""urease alpha subunit""[Title]) AND ""Levilactobacillus suantsaiihabitans""[Organism]"
Saccharomonospora marina,Saccharomonospora,Actinobacteria,ureC,0,,,"(""ureC""[Title] OR ""urease subunit alpha""[Title] OR ""urease alpha subunit""[Title]) AND ""Saccharomonospora marina""[Organism]"
Corynebacterium glyciniphilum,Corynebacterium,Actinobacteria,ureC,6,WP_443405381.1,urease subunit alpha [Corynebacterium glyciniphilum],"(""ureC""[Title] OR ""urease subunit alpha""[Title] OR ""urease alpha subunit""[Title]) AND ""Corynebacterium glyciniphilum""[Organism]"
Turicibacter bilis,Turicibacter,Firmicutes,ureC,0,,,"(""ureC""[Title] OR ""urease subunit alpha""[Title] OR ""urease alpha subunit""[Title]) AND ""Turicibacter bilis""[Organism]"
Anaerococcus tetradius,Anaerococcus,Firmicutes,ureC,4,WP_276881439.1,urease subunit alpha [Anaerococcus tetradius],"(""ureC""[Title] OR ""urease subunit alpha""[Title] OR ""urease alpha subunit""[Title]) AND ""Anaerococcus tetradius""[Organism]"
Weissella thailandensis,Weissella,Firmicutes,ureC,0,,,"(""ureC""[Title] OR ""urease subunit alpha""[Title] OR ""urease alpha subunit""[Title]) AND ""Weissella thailandensis""[Organism]"
Pseudonocardia asaccharolytica,Pseudonocardia,Actinobacteria,ureC,2,GEL18094.1,urease subunit alpha 1 [Pseudonocardia asaccharolytica DSM 44247 = NBRC 16224],"(""ureC""[Title] OR ""urease subunit alpha""[Title] OR ""urease alpha subunit""[Title]) AND ""Pseudonocardia asaccharolytica""[Organism]"
Virgibacillus halophilus,Virgibacillus,Firmicutes,ureC,1,WP_390355706.1,urease subunit alpha [Tigheibacillus halophilus],"(""ureC""[Title] OR ""urease subunit alpha""[Title] OR ""urease alpha subunit""[Title]) AND ""Virgibacillus halophilus""[Organism]"
Dietzia aurantiaca,Dietzia,Actinobacteria,ureC,6,WP_344992434.1,urease subunit alpha [Dietzia aurantiaca],"(""ureC""[Title] OR ""urease subunit alpha""[Title] OR ""urease alpha subunit""[Title]) AND ""Dietzia aurantiaca""[Organism]"
Virgibacillus profundi,Virgibacillus,Firmicutes,ureC,3,WP_095654613.1,urease subunit alpha [Virgibacillus profundi],"(""ureC""[Title] OR ""urease subunit alpha""[Title] OR ""urease alpha subunit""[Title]) AND ""Virgibacillus profundi""[Organism]"
Georgenia wutianyii,Georgenia,Actinobacteria,ureC,2,WP_139071046.1,MULTISPECIES: urease subunit alpha [Georgenia],"(""ureC""[Title] OR ""urease subunit alpha""[Title] OR ""urease alpha subunit""[Title]) AND ""Georgenia wutianyii""[Organism]"
Halomonas antri,Halomonas,Proteobacteria,ureC,4,WP_419974038.1,urease subunit alpha [Billgrantia antri],"(""ureC""[Title] OR ""urease subunit alpha""[Title] OR ""urease alpha subunit""[Title]) AND ""Halomonas antri""[Organism]"
Aeromicrobium choanae,Aeromicrobium,Actinobacteria,ureC,0,,,"(""ureC""[Title] OR ""urease subunit alpha""[Title] OR ""urease alpha subunit""[Title]) AND ""Aeromicrobium choanae""[Organism]"
Staphylococcus warneri,Staphylococcus,Firmicutes,ureC,95,WP_486799493.1,urease subunit alpha [Staphylococcus warneri],"(""ureC""[Title] OR ""urease subunit alpha""[Title] OR ""urease alpha subunit""[Title]) AND ""Staphylococcus warneri""[Organism]"
Aliibacillus thermotolerans,Aliibacillus,Firmicutes,ureC,0,,,"(""ureC""[Title] OR ""urease subunit alpha""[Title] OR ""urease alpha subunit""[Title]) AND ""Aliibacillus thermotolerans""[Organism]"
Drancourtella massiliensis,Drancourtella,Firmicutes,ureC,0,,,"(""ureC""[Title] OR ""urease subunit alpha""[Title] OR ""urease alpha subunit""[Title]) AND ""Drancourtella massiliensis""[Organism]"
Pelagibacterium luteolum,Pelagibacterium,Proteobacteria,ureC,1,WP_090591557.1,urease subunit alpha [Pelagibacterium luteolum],"(""ureC""[Title] OR ""urease subunit alpha""[Title] OR ""urease alpha subunit""[Title]) AND ""Pelagibacterium luteolum""[Organism]"
Alistipes putredinis,Alistipes,Bacteroidota,ureC,2,WP_418673328.1,MULTISPECIES: urease subunit alpha [Alistipes],"(""ureC""[Title] OR ""urease subunit alpha""[Title] OR ""urease alpha subunit""[Title]) AND ""Alistipes putredinis""[Organism]"
Weissella bombi,Weissella,Firmicutes,ureC,0,,,"(""ureC""[Title] OR ""urease subunit alpha""[Title] OR ""urease alpha subunit""[Title]) AND ""Weissella bombi""[Organism]"
Janibacter anophelis,Janibacter,Actinobacteria,ureC,0,,,"(""ureC""[Title] OR ""urease subunit alpha""[Title] OR ""urease alpha subunit""[Title]) AND ""Janibacter anophelis""[Organism]"
Lederbergia wuyishanensis,Lederbergia,Firmicutes,ureC,1,WP_244683363.1,urease subunit alpha [Lederbergia wuyishanensis],"(""ureC""[Title] OR ""urease subunit alpha""[Title] OR ""urease alpha subunit""[Title]) AND ""Lederbergia wuyishanensis""[Organism]"
Virgibacillus kekensis,Virgibacillus,Firmicutes,ureC,0,,,"(""ureC""[Title] OR ""urease subunit alpha""[Title] OR ""urease alpha subunit""[Title]) AND ""Virgibacillus kekensis""[Organism]"
Occultella gossypii,Occultella,Actinobacteria,ureC,1,WP_249423175.1,urease subunit alpha [Occultella gossypii],"(""ureC""[Title] OR ""urease subunit alpha""[Title] OR ""urease alpha subunit""[Title]) AND ""Occultella gossypii""[Organism]"
Nocardioides alcanivorans,Nocardioides,Actinobacteria,ureC,0,,,"(""ureC""[Title] OR ""urease subunit alpha""[Title] OR ""urease alpha subunit""[Title]) AND ""Nocardioides alcanivorans""[Organism]"
Jeotgalibaca arthritidis,Jeotgalibaca,Firmicutes,ureC,0,,,"(""ureC""[Title] OR ""urease subunit alpha""[Title] OR ""urease alpha subunit""[Title]) AND ""Jeotgalibaca arthritidis""[Organism]"
Irregularibacter muris,Irregularibacter,Firmicutes,ureC,0,,,"(""ureC""[Title] OR ""urease subunit alpha""[Title] OR ""urease alpha subunit""[Title]) AND ""Irregularibacter muris""[Organism]"
Companilactobacillus formosensis,Companilactobacillus,Firmicutes,ureC,0,,,"(""ureC""[Title] OR ""urease subunit alpha""[Title] OR ""urease alpha subunit""[Title]) AND ""Companilactobacillus formosensis""[Organism]"
Oceanobacillus endoradicis,Oceanobacillus,Firmicutes,ureC,0,,,"(""ureC""[Title] OR ""urease subunit alpha""[Title] OR ""urease alpha subunit""[Title]) AND ""Oceanobacillus endoradicis""[Organism]"
Staphylococcus canis,Staphylococcus,Firmicutes,ureC,2,WP_198617732.1,urease subunit alpha [Staphylococcus canis],"(""ureC""[Title] OR ""urease subunit alpha""[Title] OR ""urease alpha subunit""[Title]) AND ""Staphylococcus canis""[Organism]"
Peribacillus asahii,Peribacillus,Firmicutes,ureC,12,WP_403152201.1,urease subunit alpha [Peribacillus asahii],"(""ureC""[Title] OR ""urease subunit alpha""[Title] OR ""urease alpha subunit""[Title]) AND ""Peribacillus asahii""[Organism]"
Actinotalea solisilvae,Actinotalea,Actinobacteria,ureC,0,,,"(""ureC""[Title] OR ""urease subunit alpha""[Title] OR ""urease alpha subunit""[Title]) AND ""Actinotalea solisilvae""[Organism]"
Pontibaca methylaminivorans,Pontibaca,Proteobacteria,ureC,5,WP_333684523.1,urease subunit alpha [Pontibaca methylaminivorans],"(""ureC""[Title] OR ""urease subunit alpha""[Title] OR ""urease alpha subunit""[Title]) AND ""Pontibaca methylaminivorans""[Organism]"
Leucobacter triazinivorans,Leucobacter,Actinobacteria,ureC,0,,,"(""ureC""[Title] OR ""urease subunit alpha""[Title] OR ""urease alpha subunit""[Title]) AND ""Leucobacter triazinivorans""[Organism]"
Lentibacillus garicola,Lentibacillus,Firmicutes,ureC,0,,,"(""ureC""[Title] OR ""urease subunit alpha""[Title] OR ""urease alpha subunit""[Title]) AND ""Lentibacillus garicola""[Organism]"
[Clostridium] spiroforme,Erysipelatoclostridium,Firmicutes,ureC,0,,,"(""ureC""[Title] OR ""urease subunit alpha""[Title] OR ""urease alpha subunit""[Title]) AND ""[Clostridium] spiroforme""[Organism]"
Companilactobacillus huachuanensis,Companilactobacillus,Firmicutes,ureC,0,,,"(""ureC""[Title] OR ""urease subunit alpha""[Title] OR ""urease alpha subunit""[Title]) AND ""Companilactobacillus huachuanensis""[Organism]"
Flaviflexus ciconiae,Flaviflexus,Actinobacteria,ureC,0,,,"(""ureC""[Title] OR ""urease subunit alpha""[Title] OR ""urease alpha subunit""[Title]) AND ""Flaviflexus ciconiae""[Organism]"
Romboutsia maritimum,Romboutsia,Firmicutes,ureC,0,,,"(""ureC""[Title] OR ""urease subunit alpha""[Title] OR ""urease alpha subunit""[Title]) AND ""Romboutsia maritimum""[Organism]"
Salinicoccus kekensis,Salinicoccus,Firmicutes,ureC,0,,,"(""ureC""[Title] OR ""urease subunit alpha""[Title] OR ""urease alpha subunit""[Title]) AND ""Salinicoccus kekensis""[Organism]"
Globicatella sulfidifaciens,Globicatella,Firmicutes,ureC,0,,,"(""ureC""[Title] OR ""urease subunit alpha""[Title] OR ""urease alpha subunit""[Title]) AND ""Globicatella sulfidifaciens""[Organism]"
Anaerobutyricum soehngenii,Anaerobutyricum,Firmicutes,ureC,0,,,"(""ureC""[Title] OR ""urease subunit alpha""[Title] OR ""urease alpha subunit""[Title]) AND ""Anaerobutyricum soehngenii""[Organism]"
Luteimicrobium xylanilyticum,Luteimicrobium,Actinobacteria,ureC,0,,,"(""ureC""[Title] OR ""urease subunit alpha""[Title] OR ""urease alpha subunit""[Title]) AND ""Luteimicrobium xylanilyticum""[Organism]"
Neglectibacter timonensis,Neglectibacter,Firmicutes,ureC,0,,,"(""ureC""[Title] OR ""urease subunit alpha""[Title] OR ""urease alpha subunit""[Title]) AND ""Neglectibacter timonensis""[Organism]"
Lachnoclostridium phocaeense,Lachnoclostridium,Firmicutes,ureC,0,,,"(""ureC""[Title] OR ""urease subunit alpha""[Title] OR ""urease alpha subunit""[Title]) AND ""Lachnoclostridium phocaeense""[Organism]"
Barnesiella intestinihominis,Barnesiella,Bacteroidota,ureC,0,,,"(""ureC""[Title] OR ""urease subunit alpha""[Title] OR ""urease alpha subunit""[Title]) AND ""Barnesiella intestinihominis""[Organism]"
Staphylococcus piscifermentans,Staphylococcus,Firmicutes,ureC,4,GEP85148.1,urease subunit alpha [Staphylococcus piscifermentans],"(""ureC""[Title] OR ""urease subunit alpha""[Title] OR ""urease alpha subunit""[Title]) AND ""Staphylococcus piscifermentans""[Organism]"
Serratia marcescens,Serratia,Proteobacteria,ureC,152,WP_476196989.1,urease subunit alpha [Serratia marcescens],"(""ureC""[Title] OR ""urease subunit alpha""[Title] OR ""urease alpha subunit""[Title]) AND ""Serratia marcescens""[Organism]"
Lapidilactobacillus achengensis,Lapidilactobacillus,Firmicutes,ureC,0,,,"(""ureC""[Title] OR ""urease subunit alpha""[Title] OR ""urease alpha subunit""[Title]) AND ""Lapidilactobacillus achengensis""[Organism]"
Nocardiopsis alborubida,Nocardiopsis,Actinobacteria,ureC,0,,,"(""ureC""[Title] OR ""urease subunit alpha""[Title] OR ""urease alpha subunit""[Title]) AND ""Nocardiopsis alborubida""[Organism]"
Paralkalibacillus indicireducens,Paralkalibacillus,Firmicutes,ureC,0,,,"(""ureC""[Title] OR ""urease subunit alpha""[Title] OR ""urease alpha subunit""[Title]) AND ""Paralkalibacillus indicireducens""[Organism]"
Neobacillus massiliamazoniensis,Neobacillus,Firmicutes,ureC,0,,,"(""ureC""[Title] OR ""urease subunit alpha""[Title] OR ""urease alpha subunit""[Title]) AND ""Neobacillus massiliamazoniensis""[Organism]"
Corynebacterium lactis,Corynebacterium,Actinobacteria,ureC,2,WP_082313015.1,urease subunit alpha [Corynebacterium lactis],"(""ureC""[Title] OR ""urease subunit alpha""[Title] OR ""urease alpha subunit""[Title]) AND ""Corynebacterium lactis""[Organism]"
Limosilactobacillus fastidiosus,Limosilactobacillus,Firmicutes,ureC,0,,,"(""ureC""[Title] OR ""urease subunit alpha""[Title] OR ""urease alpha subunit""[Title]) AND ""Limosilactobacillus fastidiosus""[Organism]"
Staphylococcus simiae,Staphylococcus,Firmicutes,ureC,6,WP_207517171.1,urease subunit alpha [Staphylococcus simiae],"(""ureC""[Title] OR ""urease subunit alpha""[Title] OR ""urease alpha subunit""[Title]) AND ""Staphylococcus simiae""[Organism]"
Limosilactobacillus secaliphilus,Limosilactobacillus,Firmicutes,ureC,0,,,"(""ureC""[Title] OR ""urease subunit alpha""[Title] OR ""urease alpha subunit""[Title]) AND ""Limosilactobacillus secaliphilus""[Organism]"
Staphylococcus argenteus,Staphylococcus,Firmicutes,ureC,189,GAC2334681.1,urease subunit alpha [Staphylococcus argenteus],"(""ureC""[Title] OR ""urease subunit alpha""[Title] OR ""urease alpha subunit""[Title]) AND ""Staphylococcus argenteus""[Organism]"
Paludisphaera soli,Paludisphaera,Planctomycetota,ureC,1,WP_165252596.1,urease subunit alpha [Paludisphaera soli],"(""ureC""[Title] OR ""urease subunit alpha""[Title] OR ""urease alpha subunit""[Title]) AND ""Paludisphaera soli""[Organism]"
Halomonas nitroreducens,Halomonas,Proteobacteria,ureC,2,WP_126486060.1,urease subunit alpha [Halomonas nitroreducens],"(""ureC""[Title] OR ""urease subunit alpha""[Title] OR ""urease alpha subunit""[Title]) AND ""Halomonas nitroreducens""[Organism]"
Clostridium tertium,Clostridium,Firmicutes,ureC,3,WP_460294211.1,urease subunit alpha [Clostridium tertium],"(""ureC""[Title] OR ""urease subunit alpha""[Title] OR ""urease alpha subunit""[Title]) AND ""Clostridium tertium""[Organism]"
Lagierella massiliensis,Lagierella,Firmicutes,ureC,0,,,"(""ureC""[Title] OR ""urease subunit alpha""[Title] OR ""urease alpha subunit""[Title]) AND ""Lagierella massiliensis""[Organism]"
Corynebacterium glutamicum,Corynebacterium,Actinobacteria,ureC,70,WP_462551383.1,urease subunit alpha [Corynebacterium glutamicum],"(""ureC""[Title] OR ""urease subunit alpha""[Title] OR ""urease alpha subunit""[Title]) AND ""Corynebacterium glutamicum""[Organism]"
Alkalibacterium iburiense,Alkalibacterium,Firmicutes,ureC,0,,,"(""ureC""[Title] OR ""urease subunit alpha""[Title] OR ""urease alpha subunit""[Title]) AND ""Alkalibacterium iburiense""[Organism]"
Tissierella creatinini,Tissierella,Firmicutes,ureC,1,TJX12938.1,urease subunit alpha [Tissierella creatinini],"(""ureC""[Title] OR ""urease subunit alpha""[Title] OR ""urease alpha subunit""[Title]) AND ""Tissierella creatinini""[Organism]"
Virgibacillus doumboii,Virgibacillus,Firmicutes,ureC,0,,,"(""ureC""[Title] OR ""urease subunit alpha""[Title] OR ""urease alpha subunit""[Title]) AND ""Virgibacillus doumboii""[Organism]"
Parabacteroides johnsonii,Parabacteroides,Bacteroidota,ureC,0,,,"(""ureC""[Title] OR ""urease subunit alpha""[Title] OR ""urease alpha subunit""[Title]) AND ""Parabacteroides johnsonii""[Organism]"
Weissella hellenica,Weissella,Firmicutes,ureC,0,,,"(""ureC""[Title] OR ""urease subunit alpha""[Title] OR ""urease alpha subunit""[Title]) AND ""Weissella hellenica""[Organism]"
Gleimia europaea,Gleimia,Actinobacteria,ureC,0,,,"(""ureC""[Title] OR ""urease subunit alpha""[Title] OR ""urease alpha subunit""[Title]) AND ""Gleimia europaea""[Organism]"
Massilimicrobiota timonensis,Massilimicrobiota,Firmicutes,ureC,0,,,"(""ureC""[Title] OR ""urease subunit alpha""[Title] OR ""urease alpha subunit""[Title]) AND ""Massilimicrobiota timonensis""[Organism]"
Halopseudomonas pertucinogena,Halopseudomonas,Proteobacteria,ureC,0,,,"(""ureC""[Title] OR ""urease subunit alpha""[Title] OR ""urease alpha subunit""[Title]) AND ""Halopseudomonas pertucinogena""[Organism]"
Shigella dysenteriae,Shigella,Proteobacteria,ureC,0,,,"(""ureC""[Title] OR ""urease subunit alpha""[Title] OR ""urease alpha subunit""[Title]) AND ""Shigella dysenteriae""[Organism]"
Actinotalea subterranea,Actinotalea,Actinobacteria,ureC,0,,,"(""ureC""[Title] OR ""urease subunit alpha""[Title] OR ""urease alpha subunit""[Title]) AND ""Actinotalea subterranea""[Organism]"
Gorbachella massiliensis,Gorbachella,Firmicutes,ureC,0,,,"(""ureC""[Title] OR ""urease subunit alpha""[Title] OR ""urease alpha subunit""[Title]) AND ""Gorbachella massiliensis""[Organism]"
Staphylococcus caprae,Staphylococcus,Firmicutes,ureC,21,WP_419991615.1,urease subunit alpha [Staphylococcus caprae],"(""ureC""[Title] OR ""urease subunit alpha""[Title] OR ""urease alpha subunit""[Title]) AND ""Staphylococcus caprae""[Organism]"
Brevibacterium marinum,Brevibacterium,Actinobacteria,ureC,2,WP_167949175.1,urease subunit alpha [Brevibacterium marinum],"(""ureC""[Title] OR ""urease subunit alpha""[Title] OR ""urease alpha subunit""[Title]) AND ""Brevibacterium marinum""[Organism]"
Limosilactobacillus caviae,Limosilactobacillus,Firmicutes,ureC,2,GGI63379.1,urease subunit alpha [Limosilactobacillus caviae],"(""ureC""[Title] OR ""urease subunit alpha""[Title] OR ""urease alpha subunit""[Title]) AND ""Limosilactobacillus caviae""[Organism]"
Streptococcus equinus,Streptococcus,Firmicutes,ureC,1,ARC33683.1,urease subunit alpha [Streptococcus equinus],"(""ureC""[Title] OR ""urease subunit alpha""[Title] OR ""urease alpha subunit""[Title]) AND ""Streptococcus equinus""[Organism]"
Halomonas desiderata,Halomonas,Proteobacteria,ureC,9,WP_481619606.1,urease subunit alpha [Billgrantia desiderata],"(""ureC""[Title] OR ""urease subunit alpha""[Title] OR ""urease alpha subunit""[Title]) AND ""Halomonas desiderata""[Organism]"
Clostridium cylindrosporum,Clostridium,Firmicutes,ureC,0,,,"(""ureC""[Title] OR ""urease subunit alpha""[Title] OR ""urease alpha subunit""[Title]) AND ""Clostridium cylindrosporum""[Organism]"
Anaerotignum lactatifermentans,Anaerotignum,Firmicutes,ureC,0,,,"(""ureC""[Title] OR ""urease subunit alpha""[Title] OR ""urease alpha subunit""[Title]) AND ""Anaerotignum lactatifermentans""[Organism]"
Ruania halotolerans,Ruania,Actinobacteria,ureC,0,,,"(""ureC""[Title] OR ""urease subunit alpha""[Title] OR ""urease alpha subunit""[Title]) AND ""Ruania halotolerans""[Organism]"
Shigella boydii,Shigella,Proteobacteria,ureC,2,WP_139355158.1,urease subunit alpha [Shigella boydii],"(""ureC""[Title] OR ""urease subunit alpha""[Title] OR ""urease alpha subunit""[Title]) AND ""Shigella boydii""[Organism]"
Veillonella magna,Veillonella,Firmicutes,ureC,0,,,"(""ureC""[Title] OR ""urease subunit alpha""[Title] OR ""urease alpha subunit""[Title]) AND ""Veillonella magna""[Organism]"
Enterococcus villorum,Enterococcus,Firmicutes,ureC,0,,,"(""ureC""[Title] OR ""urease subunit alpha""[Title] OR ""urease alpha subunit""[Title]) AND ""Enterococcus villorum""[Organism]"
[Clostridium] dakarense,Romboutsia,Firmicutes,ureC,0,,,"(""ureC""[Title] OR ""urease subunit alpha""[Title] OR ""urease alpha subunit""[Title]) AND ""[Clostridium] dakarense""[Organism]"
Brevibacterium ravenspurgense,Brevibacterium,Actinobacteria,ureC,0,,,"(""ureC""[Title] OR ""urease subunit alpha""[Title] OR ""urease alpha subunit""[Title]) AND ""Brevibacterium ravenspurgense""[Organism]"
Paracoccus alcaliphilus,Paracoccus,Proteobacteria,ureC,3,WCR16687.1,urease subunit alpha [Paracoccus alcaliphilus],"(""ureC""[Title] OR ""urease subunit alpha""[Title] OR ""urease alpha subunit""[Title]) AND ""Paracoccus alcaliphilus""[Organism]"
Aeromicrobium stalagmiti,Aeromicrobium,Actinobacteria,ureC,0,,,"(""ureC""[Title] OR ""urease subunit alpha""[Title] OR ""urease alpha subunit""[Title]) AND ""Aeromicrobium stalagmiti""[Organism]"
Occultella glacieicola,Occultella,Actinobacteria,ureC,0,,,"(""ureC""[Title] OR ""urease subunit alpha""[Title] OR ""urease alpha subunit""[Title]) AND ""Occultella glacieicola""[Organism]"
Companilactobacillus heilongjiangensis,Companilactobacillus,Firmicutes,ureC,0,,,"(""ureC""[Title] OR ""urease subunit alpha""[Title] OR ""urease alpha subunit""[Title]) AND ""Companilactobacillus heilongjiangensis""[Organism]"
Levilactobacillus parabrevis,Levilactobacillus,Firmicutes,ureC,0,,,"(""ureC""[Title] OR ""urease subunit alpha""[Title] OR ""urease alpha subunit""[Title]) AND ""Levilactobacillus parabrevis""[Organism]"
Clostridium disporicum,Clostridium,Firmicutes,ureC,11,WP_221699284.1,MULTISPECIES: urease subunit alpha [Clostridium],"(""ureC""[Title] OR ""urease subunit alpha""[Title] OR ""urease alpha subunit""[Title]) AND ""Clostridium disporicum""[Organism]"
Lactobacillus hominis,Lactobacillus,Firmicutes,ureC,0,,,"(""ureC""[Title] OR ""urease subunit alpha""[Title] OR ""urease alpha subunit""[Title]) AND ""Lactobacillus hominis""[Organism]"
Aeromicrobium massiliense,Aeromicrobium,Actinobacteria,ureC,0,,,"(""ureC""[Title] OR ""urease subunit alpha""[Title] OR ""urease alpha subunit""[Title]) AND ""Aeromicrobium massiliense""[Organism]"
Faecalibacterium gallinarum,Faecalibacterium,Firmicutes,ureC,0,,,"(""ureC""[Title] OR ""urease subunit alpha""[Title] OR ""urease alpha subunit""[Title]) AND ""Faecalibacterium gallinarum""[Organism]"
Lederbergia citrisecundus,Lederbergia,Firmicutes,ureC,2,WP_060203568.1,MULTISPECIES: urease subunit alpha [Caryophanales],"(""ureC""[Title] OR ""urease subunit alpha""[Title] OR ""urease alpha subunit""[Title]) AND ""Lederbergia citrisecundus""[Organism]"
Jeotgalicoccus saudimassiliensis,Jeotgalicoccus,Firmicutes,ureC,0,,,"(""ureC""[Title] OR ""urease subunit alpha""[Title] OR ""urease alpha subunit""[Title]) AND ""Jeotgalicoccus saudimassiliensis""[Organism]"
Enterococcus gallinarum,Enterococcus,Firmicutes,ureC,0,,,"(""ureC""[Title] OR ""urease subunit alpha""[Title] OR ""urease alpha subunit""[Title]) AND ""Enterococcus gallinarum""[Organism]"
Lactiplantibacillus plajomi,Lactiplantibacillus,Firmicutes,ureC,0,,,"(""ureC""[Title] OR ""urease subunit alpha""[Title] OR ""urease alpha subunit""[Title]) AND ""Lactiplantibacillus plajomi""[Organism]"
Clostridium niameyense,Clostridium,Firmicutes,ureC,0,,,"(""ureC""[Title] OR ""urease subunit alpha""[Title] OR ""urease alpha subunit""[Title]) AND ""Clostridium niameyense""[Organism]"
Pusillimonas ginsengisoli,Pusillimonas,Proteobacteria,ureC,2,WP_496255790.1,urease subunit alpha [Allopusillimonas ginsengisoli],"(""ureC""[Title] OR ""urease subunit alpha""[Title] OR ""urease alpha subunit""[Title]) AND ""Pusillimonas ginsengisoli""[Organism]"
Staphylococcus kloosii,Staphylococcus,Firmicutes,ureC,11,WP_493275019.1,"urease subunit alpha, partial [Staphylococcus kloosii]","(""ureC""[Title] OR ""urease subunit alpha""[Title] OR ""urease alpha subunit""[Title]) AND ""Staphylococcus kloosii""[Organism]"
Tissierella pigra,Tissierella,Firmicutes,ureC,0,,,"(""ureC""[Title] OR ""urease subunit alpha""[Title] OR ""urease alpha subunit""[Title]) AND ""Tissierella pigra""[Organism]"
Nesterenkonia alkaliphila,Nesterenkonia,Actinobacteria,ureC,0,,,"(""ureC""[Title] OR ""urease subunit alpha""[Title] OR ""urease alpha subunit""[Title]) AND ""Nesterenkonia alkaliphila""[Organism]"
Pelagibacterium sediminicola,Pelagibacterium,Proteobacteria,ureC,0,,,"(""ureC""[Title] OR ""urease subunit alpha""[Title] OR ""urease alpha subunit""[Title]) AND ""Pelagibacterium sediminicola""[Organism]"
Falsochrobactrum shanghaiense,Falsochrobactrum,Proteobacteria,ureC,0,,,"(""ureC""[Title] OR ""urease subunit alpha""[Title] OR ""urease alpha subunit""[Title]) AND ""Falsochrobactrum shanghaiense""[Organism]"
Saccharomonospora piscinae,Saccharomonospora,Actinobacteria,ureC,0,,,"(""ureC""[Title] OR ""urease subunit alpha""[Title] OR ""urease alpha subunit""[Title]) AND ""Saccharomonospora piscinae""[Organism]"
Bacillus salipaludis,Bacillus,Firmicutes,ureC,2,WP_406579032.1,urease subunit alpha [Bacillus salipaludis],"(""ureC""[Title] OR ""urease subunit alpha""[Title] OR ""urease alpha subunit""[Title]) AND ""Bacillus salipaludis""[Organism]"
Urinicoccus massiliensis,Urinicoccus,Firmicutes,ureC,0,,,"(""ureC""[Title] OR ""urease subunit alpha""[Title] OR ""urease alpha subunit""[Title]) AND ""Urinicoccus massiliensis""[Organism]"
Alistipes communis,Alistipes,Bacteroidota,ureC,0,,,"(""ureC""[Title] OR ""urease subunit alpha""[Title] OR ""urease alpha subunit""[Title]) AND ""Alistipes communis""[Organism]"
Caenimicrobium hargitense,Caenimicrobium,Proteobacteria,ureC,0,,,"(""ureC""[Title] OR ""urease subunit alpha""[Title] OR ""urease alpha subunit""[Title]) AND ""Caenimicrobium hargitense""[Organism]"
[Clostridium] colinum,Tyzzerella,Firmicutes,ureC,0,,,"(""ureC""[Title] OR ""urease subunit alpha""[Title] OR ""urease alpha subunit""[Title]) AND ""[Clostridium] colinum""[Organism]"
Tissierella creatinophila,Tissierella,Firmicutes,ureC,0,,,"(""ureC""[Title] OR ""urease subunit alpha""[Title] OR ""urease alpha subunit""[Title]) AND ""Tissierella creatinophila""[Organism]"
Companilactobacillus tucceti,Companilactobacillus,Firmicutes,ureC,0,,,"(""ureC""[Title] OR ""urease subunit alpha""[Title] OR ""urease alpha subunit""[Title]) AND ""Companilactobacillus tucceti""[Organism]"
Luteimonas fraxinea,Luteimonas,Proteobacteria,ureC,0,,,"(""ureC""[Title] OR ""urease subunit alpha""[Title] OR ""urease alpha subunit""[Title]) AND ""Luteimonas fraxinea""[Organism]"
Vagococcus entomophilus,Vagococcus,Firmicutes,ureC,0,,,"(""ureC""[Title] OR ""urease subunit alpha""[Title] OR ""urease alpha subunit""[Title]) AND ""Vagococcus entomophilus""[Organism]"
Lederbergia citri,Lederbergia,Firmicutes,ureC,1,WP_213126150.1,urease subunit alpha [Lederbergia citri],"(""ureC""[Title] OR ""urease subunit alpha""[Title] OR ""urease alpha subunit""[Title]) AND ""Lederbergia citri""[Organism]"
Brachybacterium alimentarium,Brachybacterium,Actinobacteria,ureC,14,WP_443386152.1,urease subunit alpha [Brachybacterium alimentarium],"(""ureC""[Title] OR ""urease subunit alpha""[Title] OR ""urease alpha subunit""[Title]) AND ""Brachybacterium alimentarium""[Organism]"
Ornithinimicrobium ciconiae,Ornithinimicrobium,Actinobacteria,ureC,0,,,"(""ureC""[Title] OR ""urease subunit alpha""[Title] OR ""urease alpha subunit""[Title]) AND ""Ornithinimicrobium ciconiae""[Organism]"
Leucobacter massiliensis,Leucobacter,Actinobacteria,ureC,0,,,"(""ureC""[Title] OR ""urease subunit alpha""[Title] OR ""urease alpha subunit""[Title]) AND ""Leucobacter massiliensis""[Organism]"
Garicola koreensis,Garicola,Actinobacteria,ureC,0,,,"(""ureC""[Title] OR ""urease subunit alpha""[Title] OR ""urease alpha subunit""[Title]) AND ""Garicola koreensis""[Organism]"
Propionimicrobium lymphophilum,Propionimicrobium,Actinobacteria,ureC,0,,,"(""ureC""[Title] OR ""urease subunit alpha""[Title] OR ""urease alpha subunit""[Title]) AND ""Propionimicrobium lymphophilum""[Organism]"
Sporosarcina luteola,Sporosarcina,Firmicutes,ureC,7,WP_262175597.1,MULTISPECIES: urease subunit alpha [Caryophanales],"(""ureC""[Title] OR ""urease subunit alpha""[Title] OR ""urease alpha subunit""[Title]) AND ""Sporosarcina luteola""[Organism]"
Virgibacillus olivae,Virgibacillus,Firmicutes,ureC,0,,,"(""ureC""[Title] OR ""urease subunit alpha""[Title] OR ""urease alpha subunit""[Title]) AND ""Virgibacillus olivae""[Organism]"
Sanguibacter massiliensis,Sanguibacter,Actinobacteria,ureC,0,,,"(""ureC""[Title] OR ""urease subunit alpha""[Title] OR ""urease alpha subunit""[Title]) AND ""Sanguibacter massiliensis""[Organism]"
Escherichia marmotae,Escherichia,Proteobacteria,ureC,0,,,"(""ureC""[Title] OR ""urease subunit alpha""[Title] OR ""urease alpha subunit""[Title]) AND ""Escherichia marmotae""[Organism]"
Urmitella timonensis,Urmitella,Firmicutes,ureC,0,,,"(""ureC""[Title] OR ""urease subunit alpha""[Title] OR ""urease alpha subunit""[Title]) AND ""Urmitella timonensis""[Organism]"
Companilactobacillus nuruki,Companilactobacillus,Firmicutes,ureC,0,,,"(""ureC""[Title] OR ""urease subunit alpha""[Title] OR ""urease alpha subunit""[Title]) AND ""Companilactobacillus nuruki""[Organism]"
Cellulomonas composti,Cellulomonas,Actinobacteria,ureC,0,,,"(""ureC""[Title] OR ""urease subunit alpha""[Title] OR ""urease alpha subunit""[Title]) AND ""Cellulomonas composti""[Organism]"
Jeotgalicoccus pinnipedialis,Jeotgalicoccus,Firmicutes,ureC,0,,,"(""ureC""[Title] OR ""urease subunit alpha""[Title] OR ""urease alpha subunit""[Title]) AND ""Jeotgalicoccus pinnipedialis""[Organism]"
Rhodohalobacter halophilus,Rhodohalobacter,Balneolaeota,ureC,0,,,"(""ureC""[Title] OR ""urease subunit alpha""[Title] OR ""urease alpha subunit""[Title]) AND ""Rhodohalobacter halophilus""[Organism]"
Nitratireductor aestuarii,Nitratireductor,Proteobacteria,ureC,2,GGA74406.1,urease subunit alpha [Nitratireductor aestuarii],"(""ureC""[Title] OR ""urease subunit alpha""[Title] OR ""urease alpha subunit""[Title]) AND ""Nitratireductor aestuarii""[Organism]"
Mediterraneibacter faecis,Mediterraneibacter,Firmicutes,ureC,0,,,"(""ureC""[Title] OR ""urease subunit alpha""[Title] OR ""urease alpha subunit""[Title]) AND ""Mediterraneibacter faecis""[Organism]"
Bilophila wadsworthia,Bilophila,Proteobacteria,ureC,48,WP_495659961.1,"urease subunit alpha, partial [Bilophila wadsworthia]","(""ureC""[Title] OR ""urease subunit alpha""[Title] OR ""urease alpha subunit""[Title]) AND ""Bilophila wadsworthia""[Organism]"
Rikenella microfusus,Rikenella,Bacteroidota,ureC,0,,,"(""ureC""[Title] OR ""urease subunit alpha""[Title] OR ""urease alpha subunit""[Title]) AND ""Rikenella microfusus""[Organism]"
Stackebrandtia nassauensis,Stackebrandtia,Actinobacteria,ureC,0,,,"(""ureC""[Title] OR ""urease subunit alpha""[Title] OR ""urease alpha subunit""[Title]) AND ""Stackebrandtia nassauensis""[Organism]"
Stackebrandtia albiflava,Stackebrandtia,Actinobacteria,ureC,0,,,"(""ureC""[Title] OR ""urease subunit alpha""[Title] OR ""urease alpha subunit""[Title]) AND ""Stackebrandtia albiflava""[Organism]"
Nocardiopsis synnemataformans,Nocardiopsis,Actinobacteria,ureC,0,,,"(""ureC""[Title] OR ""urease subunit alpha""[Title] OR ""urease alpha subunit""[Title]) AND ""Nocardiopsis synnemataformans""[Organism]"
Staphylococcus debuckii,Staphylococcus,Firmicutes,ureC,2,WP_123145266.1,urease subunit alpha [Staphylococcus debuckii],"(""ureC""[Title] OR ""urease subunit alpha""[Title] OR ""urease alpha subunit""[Title]) AND ""Staphylococcus debuckii""[Organism]"
Cytobacillus depressus,Cytobacillus,Firmicutes,ureC,4,WP_151536712.1,urease subunit alpha [Cytobacillus depressus],"(""ureC""[Title] OR ""urease subunit alpha""[Title] OR ""urease alpha subunit""[Title]) AND ""Cytobacillus depressus""[Organism]"
Alistipes senegalensis,Alistipes,Bacteroidota,ureC,7,WP_472247077.1,urease subunit alpha [Alistipes senegalensis],"(""ureC""[Title] OR ""urease subunit alpha""[Title] OR ""urease alpha subunit""[Title]) AND ""Alistipes senegalensis""[Organism]"
Levilactobacillus zymae,Levilactobacillus,Firmicutes,ureC,0,,,"(""ureC""[Title] OR ""urease subunit alpha""[Title] OR ""urease alpha subunit""[Title]) AND ""Levilactobacillus zymae""[Organism]"
Corynebacterium occultum,Corynebacterium,Actinobacteria,ureC,0,,,"(""ureC""[Title] OR ""urease subunit alpha""[Title] OR ""urease alpha subunit""[Title]) AND ""Corynebacterium occultum""[Organism]"
Blautia producta,Blautia,Firmicutes,ureC,8,XGX24218.1,urease subunit alpha [Blautia producta],"(""ureC""[Title] OR ""urease subunit alpha""[Title] OR ""urease alpha subunit""[Title]) AND ""Blautia producta""[Organism]"
Companilactobacillus mindensis,Companilactobacillus,Firmicutes,ureC,0,,,"(""ureC""[Title] OR ""urease subunit alpha""[Title] OR ""urease alpha subunit""[Title]) AND ""Companilactobacillus mindensis""[Organism]"
Tetragenococcus solitarius,Tetragenococcus,Firmicutes,ureC,0,,,"(""ureC""[Title] OR ""urease subunit alpha""[Title] OR ""urease alpha subunit""[Title]) AND ""Tetragenococcus solitarius""[Organism]"
Tumebacillus ginsengisoli,Tumebacillus,Firmicutes,ureC,0,,,"(""ureC""[Title] OR ""urease subunit alpha""[Title] OR ""urease alpha subunit""[Title]) AND ""Tumebacillus ginsengisoli""[Organism]"
Ammoniphilus resinae,Ammoniphilus,Firmicutes,ureC,0,,,"(""ureC""[Title] OR ""urease subunit alpha""[Title] OR ""urease alpha subunit""[Title]) AND ""Ammoniphilus resinae""[Organism]"
Eisenbergiella tayi,Eisenbergiella,Firmicutes,ureC,12,WP_493330232.1,urease subunit alpha [Eisenbergiella tayi],"(""ureC""[Title] OR ""urease subunit alpha""[Title] OR ""urease alpha subunit""[Title]) AND ""Eisenbergiella tayi""[Organism]"
Bacillus suaedae,Bacillus,Firmicutes,ureC,0,,,"(""ureC""[Title] OR ""urease subunit alpha""[Title] OR ""urease alpha subunit""[Title]) AND ""Bacillus suaedae""[Organism]"
Saccharomonospora colocasiae,Saccharomonospora,Actinobacteria,ureC,0,,,"(""ureC""[Title] OR ""urease subunit alpha""[Title] OR ""urease alpha subunit""[Title]) AND ""Saccharomonospora colocasiae""[Organism]"
Streptococcus lutetiensis,Streptococcus,Firmicutes,ureC,0,,,"(""ureC""[Title] OR ""urease subunit alpha""[Title] OR ""urease alpha subunit""[Title]) AND ""Streptococcus lutetiensis""[Organism]"
Caldibacillus kokeshiiformis,Caldibacillus,Firmicutes,ureC,0,,,"(""ureC""[Title] OR ""urease subunit alpha""[Title] OR ""urease alpha subunit""[Title]) AND ""Caldibacillus kokeshiiformis""[Organism]"
Pseudoglutamicibacter albus,Pseudoglutamicibacter,Actinobacteria,ureC,0,,,"(""ureC""[Title] OR ""urease subunit alpha""[Title] OR ""urease alpha subunit""[Title]) AND ""Pseudoglutamicibacter albus""[Organism]"
[Lactobacillus] timonensis,Limosilactobacillus,Firmicutes,ureC,0,,,"(""ureC""[Title] OR ""urease subunit alpha""[Title] OR ""urease alpha subunit""[Title]) AND ""[Lactobacillus] timonensis""[Organism]"
Phascolarctobacterium faecium,Phascolarctobacterium,Firmicutes,ureC,0,,,"(""ureC""[Title] OR ""urease subunit alpha""[Title] OR ""urease alpha subunit""[Title]) AND ""Phascolarctobacterium faecium""[Organism]"
Anaerococcus vaginalis,Anaerococcus,Firmicutes,ureC,0,,,"(""ureC""[Title] OR ""urease subunit alpha""[Title] OR ""urease alpha subunit""[Title]) AND ""Anaerococcus vaginalis""[Organism]"
Nitrosomonas stercoris,Nitrosomonas,Proteobacteria,ureC,0,,,"(""ureC""[Title] OR ""urease subunit alpha""[Title] OR ""urease alpha subunit""[Title]) AND ""Nitrosomonas stercoris""[Organism]"
Staphylococcus epidermidis,Staphylococcus,Firmicutes,ureC,828,WP_494299249.1,urease subunit alpha [Staphylococcus epidermidis],"(""ureC""[Title] OR ""urease subunit alpha""[Title] OR ""urease alpha subunit""[Title]) AND ""Staphylococcus epidermidis""[Organism]"
Galbibacter marinus,Galbibacter,Bacteroidota,ureC,0,,,"(""ureC""[Title] OR ""urease subunit alpha""[Title] OR ""urease alpha subunit""[Title]) AND ""Galbibacter marinus""[Organism]"
Haloactinopolyspora alkaliphila,Haloactinopolyspora,Actinobacteria,ureC,0,,,"(""ureC""[Title] OR ""urease subunit alpha""[Title] OR ""urease alpha subunit""[Title]) AND ""Haloactinopolyspora alkaliphila""[Organism]"
Luteimonas yindakuii,Luteimonas,Proteobacteria,ureC,0,,,"(""ureC""[Title] OR ""urease subunit alpha""[Title] OR ""urease alpha subunit""[Title]) AND ""Luteimonas yindakuii""[Organism]"
Flavonifractor plautii,Flavonifractor,Firmicutes,ureC,0,,,"(""ureC""[Title] OR ""urease subunit alpha""[Title] OR ""urease alpha subunit""[Title]) AND ""Flavonifractor plautii""[Organism]"
Sporosarcina koreensis,Sporosarcina,Firmicutes,ureC,3,WP_474760456.1,urease subunit alpha [Sporosarcina koreensis],"(""ureC""[Title] OR ""urease subunit alpha""[Title] OR ""urease alpha subunit""[Title]) AND ""Sporosarcina koreensis""[Organism]"
Companilactobacillus kimchii,Companilactobacillus,Firmicutes,ureC,0,,,"(""ureC""[Title] OR ""urease subunit alpha""[Title] OR ""urease alpha subunit""[Title]) AND ""Companilactobacillus kimchii""[Organism]"
Cerasibacillus quisquiliarum,Cerasibacillus,Firmicutes,ureC,0,,,"(""ureC""[Title] OR ""urease subunit alpha""[Title] OR ""urease alpha subunit""[Title]) AND ""Cerasibacillus quisquiliarum""[Organism]"
Saccharopolyspora gloriosae,Saccharopolyspora,Actinobacteria,ureC,2,GAB2650518.1,urease subunit alpha [Saccharopolyspora gloriosae],"(""ureC""[Title] OR ""urease subunit alpha""[Title] OR ""urease alpha subunit""[Title]) AND ""Saccharopolyspora gloriosae""[Organism]"
Phocaeicola faecicola,Phocaeicola,Bacteroidota,ureC,0,,,"(""ureC""[Title] OR ""urease subunit alpha""[Title] OR ""urease alpha subunit""[Title]) AND ""Phocaeicola faecicola""[Organism]"
Brevibacterium pigmentatum,Brevibacterium,Actinobacteria,ureC,0,,,"(""ureC""[Title] OR ""urease subunit alpha""[Title] OR ""urease alpha subunit""[Title]) AND ""Brevibacterium pigmentatum""[Organism]"
Siminovitchia acidinfaciens,Siminovitchia,Firmicutes,ureC,2,WP_126050956.1,urease subunit alpha [Siminovitchia acidinfaciens],"(""ureC""[Title] OR ""urease subunit alpha""[Title] OR ""urease alpha subunit""[Title]) AND ""Siminovitchia acidinfaciens""[Organism]"
Parabacteroides distasonis,Parabacteroides,Bacteroidota,ureC,0,,,"(""ureC""[Title] OR ""urease subunit alpha""[Title] OR ""urease alpha subunit""[Title]) AND ""Parabacteroides distasonis""[Organism]"
Agathobaculum desmolans,Agathobaculum,Firmicutes,ureC,0,,,"(""ureC""[Title] OR ""urease subunit alpha""[Title] OR ""urease alpha subunit""[Title]) AND ""Agathobaculum desmolans""[Organism]"
Escherichia coli,Escherichia,Proteobacteria,ureC,2473,BHS50992.1,urease subunit alpha [Escherichia coli O157:H7],"(""ureC""[Title] OR ""urease subunit alpha""[Title] OR ""urease alpha subunit""[Title]) AND ""Escherichia coli""[Organism]"
Blautia hydrogenotrophica,Blautia,Firmicutes,ureC,0,,,"(""ureC""[Title] OR ""urease subunit alpha""[Title] OR ""urease alpha subunit""[Title]) AND ""Blautia hydrogenotrophica""[Organism]"
Bacteroides fragilis,Bacteroides,Bacteroidota,ureC,0,,,"(""ureC""[Title] OR ""urease subunit alpha""[Title] OR ""urease alpha subunit""[Title]) AND ""Bacteroides fragilis""[Organism]"
Brevibacterium sanguinis,Brevibacterium,Actinobacteria,ureC,4,GAA1814539.1,urease subunit alpha [Brevibacterium sanguinis],"(""ureC""[Title] OR ""urease subunit alpha""[Title] OR ""urease alpha subunit""[Title]) AND ""Brevibacterium sanguinis""[Organism]"
Clostridium massiliodielmoense,Clostridium,Firmicutes,ureC,0,,,"(""ureC""[Title] OR ""urease subunit alpha""[Title] OR ""urease alpha subunit""[Title]) AND ""Clostridium massiliodielmoense""[Organism]"
Paenalcaligenes niemegkensis,Paenalcaligenes,Proteobacteria,ureC,1,WP_238665770.1,urease subunit alpha [Paenalcaligenes niemegkensis],"(""ureC""[Title] OR ""urease subunit alpha""[Title] OR ""urease alpha subunit""[Title]) AND ""Paenalcaligenes niemegkensis""[Organism]"
Stackebrandtia endophytica,Stackebrandtia,Actinobacteria,ureC,3,BGA14712.1,urease subunit alpha [Stackebrandtia endophytica],"(""ureC""[Title] OR ""urease subunit alpha""[Title] OR ""urease alpha subunit""[Title]) AND ""Stackebrandtia endophytica""[Organism]"
Virgibacillus chiguensis,Virgibacillus,Firmicutes,ureC,0,,,"(""ureC""[Title] OR ""urease subunit alpha""[Title] OR ""urease alpha subunit""[Title]) AND ""Virgibacillus chiguensis""[Organism]"
Bordetella bronchiseptica,Bordetella,Proteobacteria,ureC,113,WP_439811276.1,urease subunit alpha [Bordetella bronchiseptica],"(""ureC""[Title] OR ""urease subunit alpha""[Title] OR ""urease alpha subunit""[Title]) AND ""Bordetella bronchiseptica""[Organism]"
Oceanobacillus profundus,Oceanobacillus,Firmicutes,ureC,2,WP_095308558.1,MULTISPECIES: urease subunit alpha [Oceanobacillus],"(""ureC""[Title] OR ""urease subunit alpha""[Title] OR ""urease alpha subunit""[Title]) AND ""Oceanobacillus profundus""[Organism]"
Bacteroides clarus,Bacteroides,Bacteroidota,ureC,0,,,"(""ureC""[Title] OR ""urease subunit alpha""[Title] OR ""urease alpha subunit""[Title]) AND ""Bacteroides clarus""[Organism]"
Alkalihalobacillus nanhaiisediminis,Alkalihalobacillus,Firmicutes,ureC,2,WP_144448530.1,urease subunit alpha [Halalkalibacter nanhaiisediminis],"(""ureC""[Title] OR ""urease subunit alpha""[Title] OR ""urease alpha subunit""[Title]) AND ""Alkalihalobacillus nanhaiisediminis""[Organism]"
Clostridium saudiense,Clostridium,Firmicutes,ureC,7,WP_472844583.1,urease subunit alpha [Clostridium saudiense],"(""ureC""[Title] OR ""urease subunit alpha""[Title] OR ""urease alpha subunit""[Title]) AND ""Clostridium saudiense""[Organism]"
Glycomyces phytohabitans,Glycomyces,Actinobacteria,ureC,0,,,"(""ureC""[Title] OR ""urease subunit alpha""[Title] OR ""urease alpha subunit""[Title]) AND ""Glycomyces phytohabitans""[Organism]"
Oceanobacillus picturae,Oceanobacillus,Firmicutes,ureC,0,,,"(""ureC""[Title] OR ""urease subunit alpha""[Title] OR ""urease alpha subunit""[Title]) AND ""Oceanobacillus picturae""[Organism]"
Oceanobacillus zhaokaii,Oceanobacillus,Firmicutes,ureC,2,WP_114917049.1,urease subunit alpha [Oceanobacillus zhaokaii],"(""ureC""[Title] OR ""urease subunit alpha""[Title] OR ""urease alpha subunit""[Title]) AND ""Oceanobacillus zhaokaii""[Organism]"
Oceanobacillus kimchii,Oceanobacillus,Firmicutes,ureC,0,,,"(""ureC""[Title] OR ""urease subunit alpha""[Title] OR ""urease alpha subunit""[Title]) AND ""Oceanobacillus kimchii""[Organism]"
Corynebacterium nuruki,Corynebacterium,Actinobacteria,ureC,2,WP_414121047.1,urease subunit alpha [Corynebacterium nuruki],"(""ureC""[Title] OR ""urease subunit alpha""[Title] OR ""urease alpha subunit""[Title]) AND ""Corynebacterium nuruki""[Organism]"
Bacillus niameyensis,Bacillus,Firmicutes,ureC,0,,,"(""ureC""[Title] OR ""urease subunit alpha""[Title] OR ""urease alpha subunit""[Title]) AND ""Bacillus niameyensis""[Organism]"
Corynebacterium maris,Corynebacterium,Actinobacteria,ureC,2,AGS35788.1,urease subunit alpha [Corynebacterium maris DSM 45190],"(""ureC""[Title] OR ""urease subunit alpha""[Title] OR ""urease alpha subunit""[Title]) AND ""Corynebacterium maris""[Organism]"
Brevibacterium permense,Brevibacterium,Actinobacteria,ureC,1,WP_262777290.1,urease subunit alpha [Brevibacterium permense],"(""ureC""[Title] OR ""urease subunit alpha""[Title] OR ""urease alpha subunit""[Title]) AND ""Brevibacterium permense""[Organism]"
Blautia argi,Blautia,Firmicutes,ureC,0,,,"(""ureC""[Title] OR ""urease subunit alpha""[Title] OR ""urease alpha subunit""[Title]) AND ""Blautia argi""[Organism]"
Arthrobacter senegalensis,Arthrobacter,Actinobacteria,ureC,3,WP_494000933.1,MULTISPECIES: urease subunit alpha [Micrococcaceae],"(""ureC""[Title] OR ""urease subunit alpha""[Title] OR ""urease alpha subunit""[Title]) AND ""Arthrobacter senegalensis""[Organism]"
Mycolicibacter algericus,Mycolicibacter,Actinobacteria,ureC,1,WP_013827216.1,MULTISPECIES: urease subunit alpha [Mycobacteriaceae],"(""ureC""[Title] OR ""urease subunit alpha""[Title] OR ""urease alpha subunit""[Title]) AND ""Mycolicibacter algericus""[Organism]"
Arthrobacter cavernae,Arthrobacter,Actinobacteria,ureC,1,WP_207617645.1,urease subunit alpha [Arthrobacter cavernae],"(""ureC""[Title] OR ""urease subunit alpha""[Title] OR ""urease alpha subunit""[Title]) AND ""Arthrobacter cavernae""[Organism]"
Dysosmobacter welbionis,Dysosmobacter,Firmicutes,ureC,0,,,"(""ureC""[Title] OR ""urease subunit alpha""[Title] OR ""urease alpha subunit""[Title]) AND ""Dysosmobacter welbionis""[Organism]"
Mycolicibacterium chitae,Mycolicibacterium,Actinobacteria,ureC,3,WP_126333834.1,MULTISPECIES: urease subunit alpha [Mycolicibacterium],"(""ureC""[Title] OR ""urease subunit alpha""[Title] OR ""urease alpha subunit""[Title]) AND ""Mycolicibacterium chitae""[Organism]"
Saccharomonospora azurea,Saccharomonospora,Actinobacteria,ureC,0,,,"(""ureC""[Title] OR ""urease subunit alpha""[Title] OR ""urease alpha subunit""[Title]) AND ""Saccharomonospora azurea""[Organism]"
Paralcaligenes ginsengisoli,Paralcaligenes,Proteobacteria,ureC,2,WP_460873757.1,urease subunit alpha [Paralcaligenes ginsengisoli],"(""ureC""[Title] OR ""urease subunit alpha""[Title] OR ""urease alpha subunit""[Title]) AND ""Paralcaligenes ginsengisoli""[Organism]"
Odoribacter splanchnicus,Odoribacter,Bacteroidota,ureC,18,GAA6368349.1,urease subunit alpha [Odoribacter splanchnicus],"(""ureC""[Title] OR ""urease subunit alpha""[Title] OR ""urease alpha subunit""[Title]) AND ""Odoribacter splanchnicus""[Organism]"
Campylobacter jejuni,Campylobacter,Proteobacteria,ureC,0,,,"(""ureC""[Title] OR ""urease subunit alpha""[Title] OR ""urease alpha subunit""[Title]) AND ""Campylobacter jejuni""[Organism]"
Proteus mirabilis,Proteus,Proteobacteria,ureC,348,YFT70656.1,"urease subunit alpha, partial [Proteus mirabilis]","(""ureC""[Title] OR ""urease subunit alpha""[Title] OR ""urease alpha subunit""[Title]) AND ""Proteus mirabilis""[Organism]"
Dietzia cercidiphylli,Dietzia,Actinobacteria,ureC,11,WP_481787427.1,urease subunit alpha [Dietzia cercidiphylli],"(""ureC""[Title] OR ""urease subunit alpha""[Title] OR ""urease alpha subunit""[Title]) AND ""Dietzia cercidiphylli""[Organism]"
Paenarthrobacter nitroguajacolicus,Paenarthrobacter,Actinobacteria,ureC,17,BGZ52376.1,urease subunit alpha [Paenarthrobacter nitroguajacolicus],"(""ureC""[Title] OR ""urease subunit alpha""[Title] OR ""urease alpha subunit""[Title]) AND ""Paenarthrobacter nitroguajacolicus""[Organism]"
Alkaliphilus flagellatus,Alkaliphilus,Firmicutes,ureC,0,,,"(""ureC""[Title] OR ""urease subunit alpha""[Title] OR ""urease alpha subunit""[Title]) AND ""Alkaliphilus flagellatus""[Organism]"
Alkalihalophilus pseudofirmus,Alkalihalophilus,Firmicutes,ureC,9,WVU07684.1,urease subunit alpha [Alkalihalophilus pseudofirmus],"(""ureC""[Title] OR ""urease subunit alpha""[Title] OR ""urease alpha subunit""[Title]) AND ""Alkalihalophilus pseudofirmus""[Organism]"
Stackebrandtia soli,Stackebrandtia,Actinobacteria,ureC,0,,,"(""ureC""[Title] OR ""urease subunit alpha""[Title] OR ""urease alpha subunit""[Title]) AND ""Stackebrandtia soli""[Organism]"
Brevibacterium ammoniilyticum,Brevibacterium,Actinobacteria,ureC,3,WP_339392474.1,MULTISPECIES: urease subunit alpha [Brevibacterium],"(""ureC""[Title] OR ""urease subunit alpha""[Title] OR ""urease alpha subunit""[Title]) AND ""Brevibacterium ammoniilyticum""[Organism]"
Tissierella praeacuta,Tissierella,Firmicutes,ureC,0,,,"(""ureC""[Title] OR ""urease subunit alpha""[Title] OR ""urease alpha subunit""[Title]) AND ""Tissierella praeacuta""[Organism]"
Siminovitchia terrae,Siminovitchia,Firmicutes,ureC,0,,,"(""ureC""[Title] OR ""urease subunit alpha""[Title] OR ""urease alpha subunit""[Title]) AND ""Siminovitchia terrae""[Organism]"
Lederbergia ruris,Lederbergia,Firmicutes,ureC,2,WP_057987045.1,MULTISPECIES: urease subunit alpha [Lederbergia],"(""ureC""[Title] OR ""urease subunit alpha""[Title] OR ""urease alpha subunit""[Title]) AND ""Lederbergia ruris""[Organism]"
Paralcaligenes ureilyticus,Paralcaligenes,Proteobacteria,ureC,1,WP_132585073.1,urease subunit alpha [Paralcaligenes ureilyticus],"(""ureC""[Title] OR ""urease subunit alpha""[Title] OR ""urease alpha subunit""[Title]) AND ""Paralcaligenes ureilyticus""[Organism]"
Brevibacterium jeotgali,Brevibacterium,Actinobacteria,ureC,0,,,"(""ureC""[Title] OR ""urease subunit alpha""[Title] OR ""urease alpha subunit""[Title]) AND ""Brevibacterium jeotgali""[Organism]"
Pseudoflavonifractor phocaeensis,Pseudoflavonifractor,Firmicutes,ureC,0,,,"(""ureC""[Title] OR ""urease subunit alpha""[Title] OR ""urease alpha subunit""[Title]) AND ""Pseudoflavonifractor phocaeensis""[Organism]"
Faecalibacterium prausnitzii,Faecalibacterium,Firmicutes,ureC,0,,,"(""ureC""[Title] OR ""urease subunit alpha""[Title] OR ""urease alpha subunit""[Title]) AND ""Faecalibacterium prausnitzii""[Organism]"
Anaeromassilibacillus senegalensis,Anaeromassilibacillus,Firmicutes,ureC,0,,,"(""ureC""[Title] OR ""urease subunit alpha""[Title] OR ""urease alpha subunit""[Title]) AND ""Anaeromassilibacillus senegalensis""[Organism]"
Bacillus velezensis,Bacillus,Firmicutes,ureC,695,WP_494398742.1,urease subunit alpha [Bacillus velezensis],"(""ureC""[Title] OR ""urease subunit alpha""[Title] OR ""urease alpha subunit""[Title]) AND ""Bacillus velezensis""[Organism]"
Sellimonas monacensis,Sellimonas,Firmicutes,ureC,0,,,"(""ureC""[Title] OR ""urease subunit alpha""[Title] OR ""urease alpha subunit""[Title]) AND ""Sellimonas monacensis""[Organism]"
Bifidobacterium pseudolongum,Bifidobacterium,Actinobacteria,ureC,0,,,"(""ureC""[Title] OR ""urease subunit alpha""[Title] OR ""urease alpha subunit""[Title]) AND ""Bifidobacterium pseudolongum""[Organism]"
Geofilum rhodophaeum,Geofilum,Bacteroidota,ureC,0,,,"(""ureC""[Title] OR ""urease subunit alpha""[Title] OR ""urease alpha subunit""[Title]) AND ""Geofilum rhodophaeum""[Organism]"
Levilactobacillus fuyuanensis,Levilactobacillus,Firmicutes,ureC,0,,,"(""ureC""[Title] OR ""urease subunit alpha""[Title] OR ""urease alpha subunit""[Title]) AND ""Levilactobacillus fuyuanensis""[Organism]"
Dietzia cinnamea,Dietzia,Actinobacteria,ureC,14,WVF62825.1,urease subunit alpha [Dietzia cinnamea],"(""ureC""[Title] OR ""urease subunit alpha""[Title] OR ""urease alpha subunit""[Title]) AND ""Dietzia cinnamea""[Organism]"
Sphingobacterium lactis,Sphingobacterium,Bacteroidota,ureC,0,,,"(""ureC""[Title] OR ""urease subunit alpha""[Title] OR ""urease alpha subunit""[Title]) AND ""Sphingobacterium lactis""[Organism]"
Rhodococcus phenolicus,Rhodococcus,Actinobacteria,ureC,1,WP_211270166.1,urease subunit alpha [Rhodococcus phenolicus],"(""ureC""[Title] OR ""urease subunit alpha""[Title] OR ""urease alpha subunit""[Title]) AND ""Rhodococcus phenolicus""[Organism]"
Mycolicibacillus trivialis,Mycolicibacillus,Actinobacteria,ureC,2,WP_085111284.1,urease subunit alpha [Mycolicibacillus trivialis],"(""ureC""[Title] OR ""urease subunit alpha""[Title] OR ""urease alpha subunit""[Title]) AND ""Mycolicibacillus trivialis""[Organism]"
Oceanicella actignis,Oceanicella,Proteobacteria,ureC,5,WP_148922096.1,urease subunit alpha [Oceanicella actignis],"(""ureC""[Title] OR ""urease subunit alpha""[Title] OR ""urease alpha subunit""[Title]) AND ""Oceanicella actignis""[Organism]"
Leucobacter weissii,Leucobacter,Actinobacteria,ureC,0,,,"(""ureC""[Title] OR ""urease subunit alpha""[Title] OR ""urease alpha subunit""[Title]) AND ""Leucobacter weissii""[Organism]"
Savagea serpentis,Savagea,Firmicutes,ureC,0,,,"(""ureC""[Title] OR ""urease subunit alpha""[Title] OR ""urease alpha subunit""[Title]) AND ""Savagea serpentis""[Organism]"
Jiangella aurantiaca,Jiangella,Actinobacteria,ureC,0,,,"(""ureC""[Title] OR ""urease subunit alpha""[Title] OR ""urease alpha subunit""[Title]) AND ""Jiangella aurantiaca""[Organism]"
Arthrobacter crystallopoietes,Arthrobacter,Actinobacteria,ureC,13,WP_494112389.1,MULTISPECIES: urease subunit alpha [Micrococcaceae],"(""ureC""[Title] OR ""urease subunit alpha""[Title] OR ""urease alpha subunit""[Title]) AND ""Arthrobacter crystallopoietes""[Organism]"
Virgibacillus soli,Virgibacillus,Firmicutes,ureC,2,WP_320380707.1,urease subunit alpha [Paracerasibacillus soli],"(""ureC""[Title] OR ""urease subunit alpha""[Title] OR ""urease alpha subunit""[Title]) AND ""Virgibacillus soli""[Organism]"
Paenalcaligenes suwonensis,Paenalcaligenes,Proteobacteria,ureC,0,,,"(""ureC""[Title] OR ""urease subunit alpha""[Title] OR ""urease alpha subunit""[Title]) AND ""Paenalcaligenes suwonensis""[Organism]"
Enterococcus alishanensis,Enterococcus,Firmicutes,ureC,0,,,"(""ureC""[Title] OR ""urease subunit alpha""[Title] OR ""urease alpha subunit""[Title]) AND ""Enterococcus alishanensis""[Organism]"
Brachybacterium horti,Brachybacterium,Actinobacteria,ureC,1,GAB4097166.1,urease subunit alpha [Brachybacterium horti],"(""ureC""[Title] OR ""urease subunit alpha""[Title] OR ""urease alpha subunit""[Title]) AND ""Brachybacterium horti""[Organism]"
Virgibacillus sediminis,Virgibacillus,Firmicutes,ureC,0,,,"(""ureC""[Title] OR ""urease subunit alpha""[Title] OR ""urease alpha subunit""[Title]) AND ""Virgibacillus sediminis""[Organism]"
Lactiplantibacillus modestisalitolerans,Lactiplantibacillus,Firmicutes,ureC,0,,,"(""ureC""[Title] OR ""urease subunit alpha""[Title] OR ""urease alpha subunit""[Title]) AND ""Lactiplantibacillus modestisalitolerans""[Organism]"
Dietzia massiliensis,Dietzia,Actinobacteria,ureC,0,,,"(""ureC""[Title] OR ""urease subunit alpha""[Title] OR ""urease alpha subunit""[Title]) AND ""Dietzia massiliensis""[Organism]"
Brachybacterium ginsengisoli,Brachybacterium,Actinobacteria,ureC,2,WP_096800208.1,urease subunit alpha [Brachybacterium ginsengisoli],"(""ureC""[Title] OR ""urease subunit alpha""[Title] OR ""urease alpha subunit""[Title]) AND ""Brachybacterium ginsengisoli""[Organism]"
Alcaligenes faecalis,Alcaligenes,Proteobacteria,ureC,0,,,"(""ureC""[Title] OR ""urease subunit alpha""[Title] OR ""urease alpha subunit""[Title]) AND ""Alcaligenes faecalis""[Organism]"
Kurthia populi,Kurthia,Firmicutes,ureC,0,,,"(""ureC""[Title] OR ""urease subunit alpha""[Title] OR ""urease alpha subunit""[Title]) AND ""Kurthia populi""[Organism]"
Fredinandcohnia humi,Fredinandcohnia,Firmicutes,ureC,0,,,"(""ureC""[Title] OR ""urease subunit alpha""[Title] OR ""urease alpha subunit""[Title]) AND ""Fredinandcohnia humi""[Organism]"
Jeotgalicoccus psychrophilus,Jeotgalicoccus,Firmicutes,ureC,0,,,"(""ureC""[Title] OR ""urease subunit alpha""[Title] OR ""urease alpha subunit""[Title]) AND ""Jeotgalicoccus psychrophilus""[Organism]"
Methylocystis echinoides,Methylocystis,Proteobacteria,ureC,0,,,"(""ureC""[Title] OR ""urease subunit alpha""[Title] OR ""urease alpha subunit""[Title]) AND ""Methylocystis echinoides""[Organism]"
Paludisphaera borealis,Paludisphaera,Planctomycetota,ureC,4,WP_309382848.1,urease subunit alpha [Paludisphaera borealis],"(""ureC""[Title] OR ""urease subunit alpha""[Title] OR ""urease alpha subunit""[Title]) AND ""Paludisphaera borealis""[Organism]"
Evtepia gabavorous,Evtepia,Firmicutes,ureC,0,,,"(""ureC""[Title] OR ""urease subunit alpha""[Title] OR ""urease alpha subunit""[Title]) AND ""Evtepia gabavorous""[Organism]"
Pueribacillus theae,Pueribacillus,Firmicutes,ureC,0,,,"(""ureC""[Title] OR ""urease subunit alpha""[Title] OR ""urease alpha subunit""[Title]) AND ""Pueribacillus theae""[Organism]"
Fundicoccus fermenti,Fundicoccus,Firmicutes,ureC,0,,,"(""ureC""[Title] OR ""urease subunit alpha""[Title] OR ""urease alpha subunit""[Title]) AND ""Fundicoccus fermenti""[Organism]"
Merdibacter massiliensis,Merdibacter,Firmicutes,ureC,0,,,"(""ureC""[Title] OR ""urease subunit alpha""[Title] OR ""urease alpha subunit""[Title]) AND ""Merdibacter massiliensis""[Organism]"
Companilactobacillus musae,Companilactobacillus,Firmicutes,ureC,0,,,"(""ureC""[Title] OR ""urease subunit alpha""[Title] OR ""urease alpha subunit""[Title]) AND ""Companilactobacillus musae""[Organism]"
Oceanobacillus oncorhynchi,Oceanobacillus,Firmicutes,ureC,11,WP_193064541.1,MULTISPECIES: urease subunit alpha [Oceanobacillus],"(""ureC""[Title] OR ""urease subunit alpha""[Title] OR ""urease alpha subunit""[Title]) AND ""Oceanobacillus oncorhynchi""[Organism]"
Intestinimonas timonensis,Intestinimonas,Firmicutes,ureC,0,,,"(""ureC""[Title] OR ""urease subunit alpha""[Title] OR ""urease alpha subunit""[Title]) AND ""Intestinimonas timonensis""[Organism]"
Brachybacterium aquaticum,Brachybacterium,Actinobacteria,ureC,0,,,"(""ureC""[Title] OR ""urease subunit alpha""[Title] OR ""urease alpha subunit""[Title]) AND ""Brachybacterium aquaticum""[Organism]"
Streptomyces mimosae,Streptomyces,Actinobacteria,ureC,2,WP_139674872.1,MULTISPECIES: urease subunit alpha [Streptomyces],"(""ureC""[Title] OR ""urease subunit alpha""[Title] OR ""urease alpha subunit""[Title]) AND ""Streptomyces mimosae""[Organism]"
Aeromicrobium phragmitis,Aeromicrobium,Actinobacteria,ureC,0,,,"(""ureC""[Title] OR ""urease subunit alpha""[Title] OR ""urease alpha subunit""[Title]) AND ""Aeromicrobium phragmitis""[Organism]"
Bacteroides coprosuis,Bacteroides,Bacteroidota,ureC,0,,,"(""ureC""[Title] OR ""urease subunit alpha""[Title] OR ""urease alpha subunit""[Title]) AND ""Bacteroides coprosuis""[Organism]"
Actinomadura violacea,Actinomadura,Actinobacteria,ureC,0,,,"(""ureC""[Title] OR ""urease subunit alpha""[Title] OR ""urease alpha subunit""[Title]) AND ""Actinomadura violacea""[Organism]"
Arthrobacter celericrescens,Arthrobacter,Actinobacteria,ureC,1,WP_120523034.1,urease subunit alpha [Arthrobacter celericrescens],"(""ureC""[Title] OR ""urease subunit alpha""[Title] OR ""urease alpha subunit""[Title]) AND ""Arthrobacter celericrescens""[Organism]"
Enterococcus mediterraneensis,Enterococcus,Firmicutes,ureC,0,,,"(""ureC""[Title] OR ""urease subunit alpha""[Title] OR ""urease alpha subunit""[Title]) AND ""Enterococcus mediterraneensis""[Organism]"
Clostridium magnum,Clostridium,Firmicutes,ureC,0,,,"(""ureC""[Title] OR ""urease subunit alpha""[Title] OR ""urease alpha subunit""[Title]) AND ""Clostridium magnum""[Organism]"
Halomonas tibetensis,Halomonas,Proteobacteria,ureC,1,WP_379753653.1,urease subunit alpha [Halomonas tibetensis],"(""ureC""[Title] OR ""urease subunit alpha""[Title] OR ""urease alpha subunit""[Title]) AND ""Halomonas tibetensis""[Organism]"
Miltoncostaea oceani,Miltoncostaea,Actinobacteria,ureC,0,,,"(""ureC""[Title] OR ""urease subunit alpha""[Title] OR ""urease alpha subunit""[Title]) AND ""Miltoncostaea oceani""[Organism]"
Nocardia nova,Nocardia,Actinobacteria,ureC,24,WP_450082712.1,urease subunit alpha [Nocardia nova],"(""ureC""[Title] OR ""urease subunit alpha""[Title] OR ""urease alpha subunit""[Title]) AND ""Nocardia nova""[Organism]"
Actinomadura geliboluensis,Actinomadura,Actinobacteria,ureC,6,WP_465378713.1,urease subunit alpha [Actinomadura geliboluensis],"(""ureC""[Title] OR ""urease subunit alpha""[Title] OR ""urease alpha subunit""[Title]) AND ""Actinomadura geliboluensis""[Organism]"
Halalkalibacterium halodurans,Halalkalibacterium (ex Joshi et al. 2022),Firmicutes,ureC,7,WP_328031547.1,urease subunit alpha [Halalkalibacterium halodurans],"(""ureC""[Title] OR ""urease subunit alpha""[Title] OR ""urease alpha subunit""[Title]) AND ""Halalkalibacterium halodurans""[Organism]"
Oceanobacillus halophilus,Oceanobacillus,Firmicutes,ureC,0,,,"(""ureC""[Title] OR ""urease subunit alpha""[Title] OR ""urease alpha subunit""[Title]) AND ""Oceanobacillus halophilus""[Organism]"
Staphylococcus devriesei,Staphylococcus,Firmicutes,ureC,15,WKU12340.1,urease subunit alpha [Staphylococcus devriesei],"(""ureC""[Title] OR ""urease subunit alpha""[Title] OR ""urease alpha subunit""[Title]) AND ""Staphylococcus devriesei""[Organism]"
Enterococcus ratti,Enterococcus,Firmicutes,ureC,2,WP_071855268.1,urease subunit alpha [Enterococcus ratti],"(""ureC""[Title] OR ""urease subunit alpha""[Title] OR ""urease alpha subunit""[Title]) AND ""Enterococcus ratti""[Organism]"
Streptococcus macedonicus,Streptococcus,Firmicutes,ureC,0,,,"(""ureC""[Title] OR ""urease subunit alpha""[Title] OR ""urease alpha subunit""[Title]) AND ""Streptococcus macedonicus""[Organism]"
Anaerococcus provencensis,Anaerococcus,Firmicutes,ureC,0,,,"(""ureC""[Title] OR ""urease subunit alpha""[Title] OR ""urease alpha subunit""[Title]) AND ""Anaerococcus provencensis""[Organism]"
Saccharomonospora glauca,Saccharomonospora,Actinobacteria,ureC,0,,,"(""ureC""[Title] OR ""urease subunit alpha""[Title] OR ""urease alpha subunit""[Title]) AND ""Saccharomonospora glauca""[Organism]"
Neobacillus cucumis,Neobacillus,Firmicutes,ureC,8,WP_328047924.1,urease subunit alpha [Neobacillus cucumis],"(""ureC""[Title] OR ""urease subunit alpha""[Title] OR ""urease alpha subunit""[Title]) AND ""Neobacillus cucumis""[Organism]"
Neobacillus endophyticus,Neobacillus,Firmicutes,ureC,0,,,"(""ureC""[Title] OR ""urease subunit alpha""[Title] OR ""urease alpha subunit""[Title]) AND ""Neobacillus endophyticus""[Organism]"
Leucobacter soli,Leucobacter,Actinobacteria,ureC,0,,,"(""ureC""[Title] OR ""urease subunit alpha""[Title] OR ""urease alpha subunit""[Title]) AND ""Leucobacter soli""[Organism]"
Neobacillus niacini,Neobacillus,Firmicutes,ureC,9,WP_419886997.1,urease subunit alpha [Neobacillus niacini],"(""ureC""[Title] OR ""urease subunit alpha""[Title] OR ""urease alpha subunit""[Title]) AND ""Neobacillus niacini""[Organism]"
Parapedobacter soli,Parapedobacter,Bacteroidota,ureC,0,,,"(""ureC""[Title] OR ""urease subunit alpha""[Title] OR ""urease alpha subunit""[Title]) AND ""Parapedobacter soli""[Organism]"
Sporosarcina jiandibaonis,Sporosarcina,Firmicutes,ureC,1,WP_172370336.1,urease subunit alpha [Sporosarcina jiandibaonis],"(""ureC""[Title] OR ""urease subunit alpha""[Title] OR ""urease alpha subunit""[Title]) AND ""Sporosarcina jiandibaonis""[Organism]"
Pusillibacter faecalis,Pusillibacter,Firmicutes,ureC,0,,,"(""ureC""[Title] OR ""urease subunit alpha""[Title] OR ""urease alpha subunit""[Title]) AND ""Pusillibacter faecalis""[Organism]"
Priestia flexa,Priestia,Firmicutes,ureC,18,YFT62015.1,urease subunit alpha [Priestia flexa],"(""ureC""[Title] OR ""urease subunit alpha""[Title] OR ""urease alpha subunit""[Title]) AND ""Priestia flexa""[Organism]"
Akkermansia muciniphila,Akkermansia,Verrucomicrobia,ureC,0,,,"(""ureC""[Title] OR ""urease subunit alpha""[Title] OR ""urease alpha subunit""[Title]) AND ""Akkermansia muciniphila""[Organism]"
Bacillus rhizoplanae,Bacillus,Firmicutes,ureC,0,,,"(""ureC""[Title] OR ""urease subunit alpha""[Title] OR ""urease alpha subunit""[Title]) AND ""Bacillus rhizoplanae""[Organism]"
Nocardiopsis exhalans,Nocardiopsis,Actinobacteria,ureC,0,,,"(""ureC""[Title] OR ""urease subunit alpha""[Title] OR ""urease alpha subunit""[Title]) AND ""Nocardiopsis exhalans""[Organism]"
Castellaniella fermenti,Castellaniella,Proteobacteria,ureC,0,,,"(""ureC""[Title] OR ""urease subunit alpha""[Title] OR ""urease alpha subunit""[Title]) AND ""Castellaniella fermenti""[Organism]"
Roseburia lenta,Roseburia,Firmicutes,ureC,0,,,"(""ureC""[Title] OR ""urease subunit alpha""[Title] OR ""urease alpha subunit""[Title]) AND ""Roseburia lenta""[Organism]"
Oligella ureolytica,Oligella,Proteobacteria,ureC,7,QPT41323.1,urease subunit alpha [Oligella ureolytica],"(""ureC""[Title] OR ""urease subunit alpha""[Title] OR ""urease alpha subunit""[Title]) AND ""Oligella ureolytica""[Organism]"
Alistipes timonensis,Alistipes,Bacteroidota,ureC,1,WP_462352882.1,urease subunit alpha [Alistipes timonensis],"(""ureC""[Title] OR ""urease subunit alpha""[Title] OR ""urease alpha subunit""[Title]) AND ""Alistipes timonensis""[Organism]"
Romboutsia sedimentorum,Romboutsia,Firmicutes,ureC,0,,,"(""ureC""[Title] OR ""urease subunit alpha""[Title] OR ""urease alpha subunit""[Title]) AND ""Romboutsia sedimentorum""[Organism]"
Companilactobacillus kedongensis,Companilactobacillus,Firmicutes,ureC,0,,,"(""ureC""[Title] OR ""urease subunit alpha""[Title] OR ""urease alpha subunit""[Title]) AND ""Companilactobacillus kedongensis""[Organism]"
Pseudarthrobacter chlorophenolicus,Pseudarthrobacter,Actinobacteria,ureC,4,WP_015935618.1,urease subunit alpha [Pseudarthrobacter chlorophenolicus],"(""ureC""[Title] OR ""urease subunit alpha""[Title] OR ""urease alpha subunit""[Title]) AND ""Pseudarthrobacter chlorophenolicus""[Organism]"
Clostridium novyi,Clostridium,Firmicutes,ureC,0,,,"(""ureC""[Title] OR ""urease subunit alpha""[Title] OR ""urease alpha subunit""[Title]) AND ""Clostridium novyi""[Organism]"
Prauserella soli,Prauserella,Actinobacteria,ureC,0,,,"(""ureC""[Title] OR ""urease subunit alpha""[Title] OR ""urease alpha subunit""[Title]) AND ""Prauserella soli""[Organism]"
Actinomyces urinae,Actinomyces,Actinobacteria,ureC,0,,,"(""ureC""[Title] OR ""urease subunit alpha""[Title] OR ""urease alpha subunit""[Title]) AND ""Actinomyces urinae""[Organism]"
Bacillus subtilis,Bacillus,Firmicutes,ureC,668,YFS51160.1,urease subunit alpha [Bacillus subtilis],"(""ureC""[Title] OR ""urease subunit alpha""[Title] OR ""urease alpha subunit""[Title]) AND ""Bacillus subtilis""[Organism]"
Ruania alkalisoli,Ruania,Actinobacteria,ureC,0,,,"(""ureC""[Title] OR ""urease subunit alpha""[Title] OR ""urease alpha subunit""[Title]) AND ""Ruania alkalisoli""[Organism]"
Butyricicoccus porcorum,Butyricicoccus,Firmicutes,ureC,2,XXL54471.1,urease subunit alpha [Butyricicoccus porcorum],"(""ureC""[Title] OR ""urease subunit alpha""[Title] OR ""urease alpha subunit""[Title]) AND ""Butyricicoccus porcorum""[Organism]"
Streptococcus vicugnae,Streptococcus,Firmicutes,ureC,0,,,"(""ureC""[Title] OR ""urease subunit alpha""[Title] OR ""urease alpha subunit""[Title]) AND ""Streptococcus vicugnae""[Organism]"
Lacrimispora amygdalina,Lacrimispora,Firmicutes,ureC,0,,,"(""ureC""[Title] OR ""urease subunit alpha""[Title] OR ""urease alpha subunit""[Title]) AND ""Lacrimispora amygdalina""[Organism]"
Brevibacterium pityocampae,Brevibacterium,Actinobacteria,ureC,0,,,"(""ureC""[Title] OR ""urease subunit alpha""[Title] OR ""urease alpha subunit""[Title]) AND ""Brevibacterium pityocampae""[Organism]"
Neobacillus bataviensis,Neobacillus,Firmicutes,ureC,5,WP_098528925.1,MULTISPECIES: urease subunit alpha [Bacillaceae],"(""ureC""[Title] OR ""urease subunit alpha""[Title] OR ""urease alpha subunit""[Title]) AND ""Neobacillus bataviensis""[Organism]"
Enterococcus dispar,Enterococcus,Firmicutes,ureC,0,,,"(""ureC""[Title] OR ""urease subunit alpha""[Title] OR ""urease alpha subunit""[Title]) AND ""Enterococcus dispar""[Organism]"
Georgenia daeguensis,Georgenia,Actinobacteria,ureC,0,,,"(""ureC""[Title] OR ""urease subunit alpha""[Title] OR ""urease alpha subunit""[Title]) AND ""Georgenia daeguensis""[Organism]"
Corynebacterium jeikeium,Corynebacterium,Actinobacteria,ureC,0,,,"(""ureC""[Title] OR ""urease subunit alpha""[Title] OR ""urease alpha subunit""[Title]) AND ""Corynebacterium jeikeium""[Organism]"
Intestinibacter bartlettii,Intestinibacter,Firmicutes,ureC,0,,,"(""ureC""[Title] OR ""urease subunit alpha""[Title] OR ""urease alpha subunit""[Title]) AND ""Intestinibacter bartlettii""[Organism]"
Mycolicibacterium sphagni,Mycolicibacterium,Actinobacteria,ureC,5,WP_174398395.1,urease subunit alpha [Mycolicibacterium sphagni],"(""ureC""[Title] OR ""urease subunit alpha""[Title] OR ""urease alpha subunit""[Title]) AND ""Mycolicibacterium sphagni""[Organism]"
Schinkia azotoformans,Schinkia,Firmicutes,ureC,0,,,"(""ureC""[Title] OR ""urease subunit alpha""[Title] OR ""urease alpha subunit""[Title]) AND ""Schinkia azotoformans""[Organism]"
Croceibacterium xixiisoli,Croceibacterium,Proteobacteria,ureC,0,,,"(""ureC""[Title] OR ""urease subunit alpha""[Title] OR ""urease alpha subunit""[Title]) AND ""Croceibacterium xixiisoli""[Organism]"
Arthrobacter pascens,Arthrobacter,Actinobacteria,ureC,7,WP_493983672.1,urease subunit alpha [Arthrobacter pascens],"(""ureC""[Title] OR ""urease subunit alpha""[Title] OR ""urease alpha subunit""[Title]) AND ""Arthrobacter pascens""[Organism]"
Butyricimonas faecihominis,Butyricimonas,Bacteroidota,ureC,0,,,"(""ureC""[Title] OR ""urease subunit alpha""[Title] OR ""urease alpha subunit""[Title]) AND ""Butyricimonas faecihominis""[Organism]"
Priestia megaterium,Priestia,Firmicutes,ureC,314,YFT40375.1,urease subunit alpha [Priestia megaterium],"(""ureC""[Title] OR ""urease subunit alpha""[Title] OR ""urease alpha subunit""[Title]) AND ""Priestia megaterium""[Organism]"
Nonomuraea harbinensis,Nonomuraea,Actinobacteria,ureC,3,WP_308249173.1,urease subunit alpha [Nonomuraea harbinensis],"(""ureC""[Title] OR ""urease subunit alpha""[Title] OR ""urease alpha subunit""[Title]) AND ""Nonomuraea harbinensis""[Organism]"
Blautia hansenii,Blautia,Firmicutes,ureC,0,,,"(""ureC""[Title] OR ""urease subunit alpha""[Title] OR ""urease alpha subunit""[Title]) AND ""Blautia hansenii""[Organism]"
Streptomyces sedi,Streptomyces,Actinobacteria,ureC,0,,,"(""ureC""[Title] OR ""urease subunit alpha""[Title] OR ""urease alpha subunit""[Title]) AND ""Streptomyces sedi""[Organism]"
Blautia coccoides,Blautia,Firmicutes,ureC,8,XGX24218.1,urease subunit alpha [Blautia producta],"(""ureC""[Title] OR ""urease subunit alpha""[Title] OR ""urease alpha subunit""[Title]) AND ""Blautia coccoides""[Organism]"
Ornithinimicrobium cavernae,Ornithinimicrobium,Actinobacteria,ureC,1,WP_419866499.1,urease subunit alpha [Ornithinimicrobium cavernae],"(""ureC""[Title] OR ""urease subunit alpha""[Title] OR ""urease alpha subunit""[Title]) AND ""Ornithinimicrobium cavernae""[Organism]"
Alkalibaculum bacchi,Alkalibaculum,Firmicutes,ureC,0,,,"(""ureC""[Title] OR ""urease subunit alpha""[Title] OR ""urease alpha subunit""[Title]) AND ""Alkalibaculum bacchi""[Organism]"
Anaerostipes hadrus,Anaerostipes,Firmicutes,ureC,3,WP_487084985.1,urease subunit alpha [Anaerostipes hadrus],"(""ureC""[Title] OR ""urease subunit alpha""[Title] OR ""urease alpha subunit""[Title]) AND ""Anaerostipes hadrus""[Organism]"
Corynebacterium parakroppenstedtii,Corynebacterium,Actinobacteria,ureC,7,PMC67522.1,urease subunit alpha [Corynebacterium parakroppenstedtii],"(""ureC""[Title] OR ""urease subunit alpha""[Title] OR ""urease alpha subunit""[Title]) AND ""Corynebacterium parakroppenstedtii""[Organism]"
Eubacterium coprostanoligenes,Eubacterium,Firmicutes,ureC,0,,,"(""ureC""[Title] OR ""urease subunit alpha""[Title] OR ""urease alpha subunit""[Title]) AND ""Eubacterium coprostanoligenes""[Organism]"
Actinomadura hallensis,Actinomadura,Actinobacteria,ureC,0,,,"(""ureC""[Title] OR ""urease subunit alpha""[Title] OR ""urease alpha subunit""[Title]) AND ""Actinomadura hallensis""[Organism]"
Flintibacter butyricus,Flintibacter,Firmicutes,ureC,0,,,"(""ureC""[Title] OR ""urease subunit alpha""[Title] OR ""urease alpha subunit""[Title]) AND ""Flintibacter butyricus""[Organism]"
Oceanobacillus iheyensis,Oceanobacillus,Firmicutes,ureC,0,,,"(""ureC""[Title] OR ""urease subunit alpha""[Title] OR ""urease alpha subunit""[Title]) AND ""Oceanobacillus iheyensis""[Organism]"
Arthrobacter silvisoli,Arthrobacter,Actinobacteria,ureC,1,WP_115790132.1,urease subunit alpha [Arthrobacter silvisoli],"(""ureC""[Title] OR ""urease subunit alpha""[Title] OR ""urease alpha subunit""[Title]) AND ""Arthrobacter silvisoli""[Organism]"
Lactobacillus kitasatonis,Lactobacillus,Firmicutes,ureC,0,,,"(""ureC""[Title] OR ""urease subunit alpha""[Title] OR ""urease alpha subunit""[Title]) AND ""Lactobacillus kitasatonis""[Organism]"
Alkalihalobacillus hemicellulosilyticus,Alkalihalobacillus,Firmicutes,ureC,0,,,"(""ureC""[Title] OR ""urease subunit alpha""[Title] OR ""urease alpha subunit""[Title]) AND ""Alkalihalobacillus hemicellulosilyticus""[Organism]"
Nocardiopsis ganjiahuensis,Nocardiopsis,Actinobacteria,ureC,0,,,"(""ureC""[Title] OR ""urease subunit alpha""[Title] OR ""urease alpha subunit""[Title]) AND ""Nocardiopsis ganjiahuensis""[Organism]"
Carnobacterium mobile,Carnobacterium,Firmicutes,ureC,0,,,"(""ureC""[Title] OR ""urease subunit alpha""[Title] OR ""urease alpha subunit""[Title]) AND ""Carnobacterium mobile""[Organism]"
Staphylococcus chromogenes,Staphylococcus,Firmicutes,ureC,138,WP_483719363.1,urease subunit alpha [Staphylococcus chromogenes],"(""ureC""[Title] OR ""urease subunit alpha""[Title] OR ""urease alpha subunit""[Title]) AND ""Staphylococcus chromogenes""[Organism]"
Ornithinibacillus bavariensis,Ornithinibacillus,Firmicutes,ureC,0,,,"(""ureC""[Title] OR ""urease subunit alpha""[Title] OR ""urease alpha subunit""[Title]) AND ""Ornithinibacillus bavariensis""[Organism]"
Levilactobacillus enshiensis,Levilactobacillus,Firmicutes,ureC,0,,,"(""ureC""[Title] OR ""urease subunit alpha""[Title] OR ""urease alpha subunit""[Title]) AND ""Levilactobacillus enshiensis""[Organism]"
Corynebacterium argentoratense,Corynebacterium,Actinobacteria,ureC,0,,,"(""ureC""[Title] OR ""urease subunit alpha""[Title] OR ""urease alpha subunit""[Title]) AND ""Corynebacterium argentoratense""[Organism]"
Nocardiopsis composta,Nocardiopsis,Actinobacteria,ureC,3,WP_478355935.1,urease subunit alpha [Nocardiopsis composta],"(""ureC""[Title] OR ""urease subunit alpha""[Title] OR ""urease alpha subunit""[Title]) AND ""Nocardiopsis composta""[Organism]"
Levilactobacillus tangyuanensis,Levilactobacillus,Firmicutes,ureC,0,,,"(""ureC""[Title] OR ""urease subunit alpha""[Title] OR ""urease alpha subunit""[Title]) AND ""Levilactobacillus tangyuanensis""[Organism]"
Brevibacterium aurantiacum,Brevibacterium,Actinobacteria,ureC,4,WP_143923102.1,urease subunit alpha [Brevibacterium aurantiacum],"(""ureC""[Title] OR ""urease subunit alpha""[Title] OR ""urease alpha subunit""[Title]) AND ""Brevibacterium aurantiacum""[Organism]"
Brevibacterium daeguense,Brevibacterium,Actinobacteria,ureC,0,,,"(""ureC""[Title] OR ""urease subunit alpha""[Title] OR ""urease alpha subunit""[Title]) AND ""Brevibacterium daeguense""[Organism]"
Mycolicibacillus parakoreensis,Mycolicibacillus,Actinobacteria,ureC,0,,,"(""ureC""[Title] OR ""urease subunit alpha""[Title] OR ""urease alpha subunit""[Title]) AND ""Mycolicibacillus parakoreensis""[Organism]"
Parasutterella excrementihominis,Parasutterella,Proteobacteria,ureC,0,,,"(""ureC""[Title] OR ""urease subunit alpha""[Title] OR ""urease alpha subunit""[Title]) AND ""Parasutterella excrementihominis""[Organism]"
Patulibacter ginsengiterrae,Patulibacter,Actinobacteria,ureC,2,WP_475760158.1,urease subunit alpha [Patulibacter ginsengiterrae],"(""ureC""[Title] OR ""urease subunit alpha""[Title] OR ""urease alpha subunit""[Title]) AND ""Patulibacter ginsengiterrae""[Organism]"
Eisenbergiella massiliensis,Eisenbergiella,Firmicutes,ureC,0,,,"(""ureC""[Title] OR ""urease subunit alpha""[Title] OR ""urease alpha subunit""[Title]) AND ""Eisenbergiella massiliensis""[Organism]"
Pengzhenrongella sicca,Pengzhenrongella,Actinobacteria,ureC,0,,,"(""ureC""[Title] OR ""urease subunit alpha""[Title] OR ""urease alpha subunit""[Title]) AND ""Pengzhenrongella sicca""[Organism]"
Aeromicrobium phoceense,Aeromicrobium,Actinobacteria,ureC,0,,,"(""ureC""[Title] OR ""urease subunit alpha""[Title] OR ""urease alpha subunit""[Title]) AND ""Aeromicrobium phoceense""[Organism]"
Aeromicrobium lacus,Aeromicrobium,Actinobacteria,ureC,0,,,"(""ureC""[Title] OR ""urease subunit alpha""[Title] OR ""urease alpha subunit""[Title]) AND ""Aeromicrobium lacus""[Organism]"
Hydrogeniiclostridium mannosilyticum,Hydrogeniiclostridium,Firmicutes,ureC,0,,,"(""ureC""[Title] OR ""urease subunit alpha""[Title] OR ""urease alpha subunit""[Title]) AND ""Hydrogeniiclostridium mannosilyticum""[Organism]"
Sporosarcina newyorkensis,Sporosarcina,Firmicutes,ureC,4,WP_078818318.1,MULTISPECIES: urease subunit alpha [Sporosarcina],"(""ureC""[Title] OR ""urease subunit alpha""[Title] OR ""urease alpha subunit""[Title]) AND ""Sporosarcina newyorkensis""[Organism]"
Bacillus massiliigabonensis,Bacillus,Firmicutes,ureC,0,,,"(""ureC""[Title] OR ""urease subunit alpha""[Title] OR ""urease alpha subunit""[Title]) AND ""Bacillus massiliigabonensis""[Organism]"
Eisenbergiella porci,Eisenbergiella,Firmicutes,ureC,0,,,"(""ureC""[Title] OR ""urease subunit alpha""[Title] OR ""urease alpha subunit""[Title]) AND ""Eisenbergiella porci""[Organism]"
Coprobacter fastidiosus,Coprobacter,Bacteroidota,ureC,0,,,"(""ureC""[Title] OR ""urease subunit alpha""[Title] OR ""urease alpha subunit""[Title]) AND ""Coprobacter fastidiosus""[Organism]"
Fumia xinanensis,Fumia,Firmicutes,ureC,0,,,"(""ureC""[Title] OR ""urease subunit alpha""[Title] OR ""urease alpha subunit""[Title]) AND ""Fumia xinanensis""[Organism]"
Pseudomonas saudimassiliensis,Pseudomonas,Proteobacteria,ureC,0,,,"(""ureC""[Title] OR ""urease subunit alpha""[Title] OR ""urease alpha subunit""[Title]) AND ""Pseudomonas saudimassiliensis""[Organism]"
Castellaniella ginsengisoli,Castellaniella,Proteobacteria,ureC,0,,,"(""ureC""[Title] OR ""urease subunit alpha""[Title] OR ""urease alpha subunit""[Title]) AND ""Castellaniella ginsengisoli""[Organism]"
Bacillus timonensis,Bacillus,Firmicutes,ureC,1,WP_010677710.1,urease subunit alpha [Bacillus timonensis],"(""ureC""[Title] OR ""urease subunit alpha""[Title] OR ""urease alpha subunit""[Title]) AND ""Bacillus timonensis""[Organism]"
Alistipes inops,Alistipes,Bacteroidota,ureC,0,,,"(""ureC""[Title] OR ""urease subunit alpha""[Title] OR ""urease alpha subunit""[Title]) AND ""Alistipes inops""[Organism]"
Zhenhengia yiwuensis,Zhenhengia,Firmicutes,ureC,2,WP_177669493.1,MULTISPECIES: urease subunit alpha [Zhenhengia],"(""ureC""[Title] OR ""urease subunit alpha""[Title] OR ""urease alpha subunit""[Title]) AND ""Zhenhengia yiwuensis""[Organism]"
Naumannella halotolerans,Naumannella,Actinobacteria,ureC,0,,,"(""ureC""[Title] OR ""urease subunit alpha""[Title] OR ""urease alpha subunit""[Title]) AND ""Naumannella halotolerans""[Organism]"
Virgibacillus halotolerans,Virgibacillus,Firmicutes,ureC,1,WP_205136718.1,urease subunit alpha [Virgibacillus halotolerans],"(""ureC""[Title] OR ""urease subunit alpha""[Title] OR ""urease alpha subunit""[Title]) AND ""Virgibacillus halotolerans""[Organism]"
Barnesiella viscericola,Barnesiella,Bacteroidota,ureC,0,,,"(""ureC""[Title] OR ""urease subunit alpha""[Title] OR ""urease alpha subunit""[Title]) AND ""Barnesiella viscericola""[Organism]"
Clostridioides mangenotii,Clostridioides,Firmicutes,ureC,0,,,"(""ureC""[Title] OR ""urease subunit alpha""[Title] OR ""urease alpha subunit""[Title]) AND ""Clostridioides mangenotii""[Organism]"
Marinimicrobium agarilyticum,Marinimicrobium,Proteobacteria,ureC,0,,,"(""ureC""[Title] OR ""urease subunit alpha""[Title] OR ""urease alpha subunit""[Title]) AND ""Marinimicrobium agarilyticum""[Organism]"
Neobacillus drentensis,Neobacillus,Firmicutes,ureC,16,WP_098262978.1,MULTISPECIES: urease subunit alpha [Bacillaceae],"(""ureC""[Title] OR ""urease subunit alpha""[Title] OR ""urease alpha subunit""[Title]) AND ""Neobacillus drentensis""[Organism]"
Clostridium paraputrificum,Clostridium,Firmicutes,ureC,0,,,"(""ureC""[Title] OR ""urease subunit alpha""[Title] OR ""urease alpha subunit""[Title]) AND ""Clostridium paraputrificum""[Organism]"
Gottschalkia acidurici,Gottschalkia,Firmicutes,ureC,0,,,"(""ureC""[Title] OR ""urease subunit alpha""[Title] OR ""urease alpha subunit""[Title]) AND ""Gottschalkia acidurici""[Organism]"
Halomonas cerina,Halomonas,Proteobacteria,ureC,1,WP_183323431.1,urease subunit alpha [Halomonas cerina],"(""ureC""[Title] OR ""urease subunit alpha""[Title] OR ""urease alpha subunit""[Title]) AND ""Halomonas cerina""[Organism]"
Virgibacillus halodenitrificans,Virgibacillus,Firmicutes,ureC,1,WP_060679374.1,urease subunit alpha [Virgibacillus halodenitrificans],"(""ureC""[Title] OR ""urease subunit alpha""[Title] OR ""urease alpha subunit""[Title]) AND ""Virgibacillus halodenitrificans""[Organism]"
Sinibacillus soli,Sinibacillus,Firmicutes,ureC,0,,,"(""ureC""[Title] OR ""urease subunit alpha""[Title] OR ""urease alpha subunit""[Title]) AND ""Sinibacillus soli""[Organism]"
Paenibacillus chartarius,Paenibacillus,Firmicutes,ureC,0,,,"(""ureC""[Title] OR ""urease subunit alpha""[Title] OR ""urease alpha subunit""[Title]) AND ""Paenibacillus chartarius""[Organism]"
Paenibacillus piscarius,Paenibacillus,Firmicutes,ureC,0,,,"(""ureC""[Title] OR ""urease subunit alpha""[Title] OR ""urease alpha subunit""[Title]) AND ""Paenibacillus piscarius""[Organism]"
Paenibacillus quercus,Paenibacillus,Firmicutes,ureC,0,,,"(""ureC""[Title] OR ""urease subunit alpha""[Title] OR ""urease alpha subunit""[Title]) AND ""Paenibacillus quercus""[Organism]"
Priestia aryabhattai,Priestia,Firmicutes,ureC,99,WP_487198898.1,urease subunit alpha [Priestia aryabhattai],"(""ureC""[Title] OR ""urease subunit alpha""[Title] OR ""urease alpha subunit""[Title]) AND ""Priestia aryabhattai""[Organism]"
Eoetvoesia caeni,Eoetvoesia,Proteobacteria,ureC,4,WP_449393164.1,urease subunit alpha [Eoetvoesiella caeni],"(""ureC""[Title] OR ""urease subunit alpha""[Title] OR ""urease alpha subunit""[Title]) AND ""Eoetvoesia caeni""[Organism]"
Mycolicibacter terrae,Mycolicibacter,Actinobacteria,ureC,2,WP_125224462.1,urease subunit alpha [Mycolicibacter terrae],"(""ureC""[Title] OR ""urease subunit alpha""[Title] OR ""urease alpha subunit""[Title]) AND ""Mycolicibacter terrae""[Organism]"
Virgibacillus flavescens,Virgibacillus,Firmicutes,ureC,0,,,"(""ureC""[Title] OR ""urease subunit alpha""[Title] OR ""urease alpha subunit""[Title]) AND ""Virgibacillus flavescens""[Organism]"
Leucobacter chromiireducens,Leucobacter,Actinobacteria,ureC,0,,,"(""ureC""[Title] OR ""urease subunit alpha""[Title] OR ""urease alpha subunit""[Title]) AND ""Leucobacter chromiireducens""[Organism]"
Rubneribacter badeniensis,Rubneribacter,Actinobacteria,ureC,0,,,"(""ureC""[Title] OR ""urease subunit alpha""[Title] OR ""urease alpha subunit""[Title]) AND ""Rubneribacter badeniensis""[Organism]"
Nocardiopsis valliformis,Nocardiopsis,Actinobacteria,ureC,0,,,"(""ureC""[Title] OR ""urease subunit alpha""[Title] OR ""urease alpha subunit""[Title]) AND ""Nocardiopsis valliformis""[Organism]"
Guyparkeria hydrothermalis,Guyparkeria,Proteobacteria,ureC,0,,,"(""ureC""[Title] OR ""urease subunit alpha""[Title] OR ""urease alpha subunit""[Title]) AND ""Guyparkeria hydrothermalis""[Organism]"
Trichococcus collinsii,Trichococcus,Firmicutes,ureC,0,,,"(""ureC""[Title] OR ""urease subunit alpha""[Title] OR ""urease alpha subunit""[Title]) AND ""Trichococcus collinsii""[Organism]"
Salinicoccus salsiraiae,Salinicoccus,Firmicutes,ureC,0,,,"(""ureC""[Title] OR ""urease subunit alpha""[Title] OR ""urease alpha subunit""[Title]) AND ""Salinicoccus salsiraiae""[Organism]"
Aquamicrobium aestuarii,Aquamicrobium,Proteobacteria,ureC,0,,,"(""ureC""[Title] OR ""urease subunit alpha""[Title] OR ""urease alpha subunit""[Title]) AND ""Aquamicrobium aestuarii""[Organism]"
Wenzhouxiangella sediminis,Wenzhouxiangella,Proteobacteria,ureC,0,,,"(""ureC""[Title] OR ""urease subunit alpha""[Title] OR ""urease alpha subunit""[Title]) AND ""Wenzhouxiangella sediminis""[Organism]"
Sporosarcina ureae,Sporosarcina,Firmicutes,ureC,9,WP_303970407.1,urease subunit alpha [Sporosarcina ureae],"(""ureC""[Title] OR ""urease subunit alpha""[Title] OR ""urease alpha subunit""[Title]) AND ""Sporosarcina ureae""[Organism]"
Sanguibacter keddieii,Sanguibacter,Actinobacteria,ureC,0,,,"(""ureC""[Title] OR ""urease subunit alpha""[Title] OR ""urease alpha subunit""[Title]) AND ""Sanguibacter keddieii""[Organism]"
Alkaliphilus oremlandii,Alkaliphilus,Firmicutes,ureC,0,,,"(""ureC""[Title] OR ""urease subunit alpha""[Title] OR ""urease alpha subunit""[Title]) AND ""Alkaliphilus oremlandii""[Organism]"
Paenibacillus camelliae,Paenibacillus,Firmicutes,ureC,0,,,"(""ureC""[Title] OR ""urease subunit alpha""[Title] OR ""urease alpha subunit""[Title]) AND ""Paenibacillus camelliae""[Organism]"
Tessaracoccus rhinocerotis,Tessaracoccus,Actinobacteria,ureC,0,,,"(""ureC""[Title] OR ""urease subunit alpha""[Title] OR ""urease alpha subunit""[Title]) AND ""Tessaracoccus rhinocerotis""[Organism]"
Blautia liquoris,Blautia,Firmicutes,ureC,0,,,"(""ureC""[Title] OR ""urease subunit alpha""[Title] OR ""urease alpha subunit""[Title]) AND ""Blautia liquoris""[Organism]"
Clostridium tagluense,Clostridium,Firmicutes,ureC,0,,,"(""ureC""[Title] OR ""urease subunit alpha""[Title] OR ""urease alpha subunit""[Title]) AND ""Clostridium tagluense""[Organism]"
Blautia pseudococcoides,Blautia,Firmicutes,ureC,0,,,"(""ureC""[Title] OR ""urease subunit alpha""[Title] OR ""urease alpha subunit""[Title]) AND ""Blautia pseudococcoides""[Organism]"
Denitrificimonas caeni,Denitrificimonas,Proteobacteria,ureC,0,,,"(""ureC""[Title] OR ""urease subunit alpha""[Title] OR ""urease alpha subunit""[Title]) AND ""Denitrificimonas caeni""[Organism]"
Streptococcus infantarius,Streptococcus,Firmicutes,ureC,5,WP_006532676.1,urease subunit alpha [Streptococcus infantarius],"(""ureC""[Title] OR ""urease subunit alpha""[Title] OR ""urease alpha subunit""[Title]) AND ""Streptococcus infantarius""[Organism]"
Mesobacillus maritimus,Mesobacillus,Firmicutes,ureC,0,,,"(""ureC""[Title] OR ""urease subunit alpha""[Title] OR ""urease alpha subunit""[Title]) AND ""Mesobacillus maritimus""[Organism]"
Lactococcus garvieae,Lactococcus,Firmicutes,ureC,0,,,"(""ureC""[Title] OR ""urease subunit alpha""[Title] OR ""urease alpha subunit""[Title]) AND ""Lactococcus garvieae""[Organism]"
Bacillus mesophilum,Bacillus,Firmicutes,ureC,0,,,"(""ureC""[Title] OR ""urease subunit alpha""[Title] OR ""urease alpha subunit""[Title]) AND ""Bacillus mesophilum""[Organism]"
Neobacillus novalis,Neobacillus,Firmicutes,ureC,2,WHY84204.1,urease subunit alpha [Neobacillus novalis],"(""ureC""[Title] OR ""urease subunit alpha""[Title] OR ""urease alpha subunit""[Title]) AND ""Neobacillus novalis""[Organism]"
Corynebacterium rouxii,Corynebacterium,Actinobacteria,ureC,0,,,"(""ureC""[Title] OR ""urease subunit alpha""[Title] OR ""urease alpha subunit""[Title]) AND ""Corynebacterium rouxii""[Organism]"
Glutamicibacter bergerei,Glutamicibacter,Actinobacteria,ureC,0,,,"(""ureC""[Title] OR ""urease subunit alpha""[Title] OR ""urease alpha subunit""[Title]) AND ""Glutamicibacter bergerei""[Organism]"
Oceanobacillus caeni,Oceanobacillus,Firmicutes,ureC,0,,,"(""ureC""[Title] OR ""urease subunit alpha""[Title] OR ""urease alpha subunit""[Title]) AND ""Oceanobacillus caeni""[Organism]"
Caldalkalibacillus mannanilyticus,Caldalkalibacillus,Firmicutes,ureC,2,BGY86327.1,urease subunit alpha [Caldalkalibacillus mannanilyticus],"(""ureC""[Title] OR ""urease subunit alpha""[Title] OR ""urease alpha subunit""[Title]) AND ""Caldalkalibacillus mannanilyticus""[Organism]"
Levilactobacillus tongjiangensis,Levilactobacillus,Firmicutes,ureC,0,,,"(""ureC""[Title] OR ""urease subunit alpha""[Title] OR ""urease alpha subunit""[Title]) AND ""Levilactobacillus tongjiangensis""[Organism]"
Paraoerskovia marina,Paraoerskovia,Actinobacteria,ureC,0,,,"(""ureC""[Title] OR ""urease subunit alpha""[Title] OR ""urease alpha subunit""[Title]) AND ""Paraoerskovia marina""[Organism]"
Tumebacillus soli,Tumebacillus,Firmicutes,ureC,0,,,"(""ureC""[Title] OR ""urease subunit alpha""[Title] OR ""urease alpha subunit""[Title]) AND ""Tumebacillus soli""[Organism]"
Streptomyces malaysiensis,Streptomyces,Actinobacteria,ureC,40,WP_206333846.1,urease subunit alpha [Streptomyces malaysiensis],"(""ureC""[Title] OR ""urease subunit alpha""[Title] OR ""urease alpha subunit""[Title]) AND ""Streptomyces malaysiensis""[Organism]"
Bacillus renqingensis,Bacillus,Firmicutes,ureC,0,,,"(""ureC""[Title] OR ""urease subunit alpha""[Title] OR ""urease alpha subunit""[Title]) AND ""Bacillus renqingensis""[Organism]"
Murimonas intestini,Murimonas,Firmicutes,ureC,0,,,"(""ureC""[Title] OR ""urease subunit alpha""[Title] OR ""urease alpha subunit""[Title]) AND ""Murimonas intestini""[Organism]"
Oceanobacillus longus,Oceanobacillus,Firmicutes,ureC,0,,,"(""ureC""[Title] OR ""urease subunit alpha""[Title] OR ""urease alpha subunit""[Title]) AND ""Oceanobacillus longus""[Organism]"
Agrilactobacillus yilanensis,Agrilactobacillus,Firmicutes,ureC,0,,,"(""ureC""[Title] OR ""urease subunit alpha""[Title] OR ""urease alpha subunit""[Title]) AND ""Agrilactobacillus yilanensis""[Organism]"
Paraliobacillus quinghaiensis,Paraliobacillus,Firmicutes,ureC,0,,,"(""ureC""[Title] OR ""urease subunit alpha""[Title] OR ""urease alpha subunit""[Title]) AND ""Paraliobacillus quinghaiensis""[Organism]"
Amphibacillus jilinensis,Amphibacillus,Firmicutes,ureC,0,,,"(""ureC""[Title] OR ""urease subunit alpha""[Title] OR ""urease alpha subunit""[Title]) AND ""Amphibacillus jilinensis""[Organism]"
Companilactobacillus crustorum,Companilactobacillus,Firmicutes,ureC,0,,,"(""ureC""[Title] OR ""urease subunit alpha""[Title] OR ""urease alpha subunit""[Title]) AND ""Companilactobacillus crustorum""[Organism]"
Faecalibacterium longum,Faecalibacterium,Firmicutes,ureC,0,,,"(""ureC""[Title] OR ""urease subunit alpha""[Title] OR ""urease alpha subunit""[Title]) AND ""Faecalibacterium longum""[Organism]"
Oceanobacillus rekensis,Oceanobacillus,Firmicutes,ureC,1,WP_087974706.1,urease subunit alpha [Oceanobacillus rekensis],"(""ureC""[Title] OR ""urease subunit alpha""[Title] OR ""urease alpha subunit""[Title]) AND ""Oceanobacillus rekensis""[Organism]"
Zhihengliuella flava,Zhihengliuella,Actinobacteria,ureC,0,,,"(""ureC""[Title] OR ""urease subunit alpha""[Title] OR ""urease alpha subunit""[Title]) AND ""Zhihengliuella flava""[Organism]"
Corticicoccus populi,Corticicoccus,Firmicutes,ureC,0,,,"(""ureC""[Title] OR ""urease subunit alpha""[Title] OR ""urease alpha subunit""[Title]) AND ""Corticicoccus populi""[Organism]"
Cuneatibacter caecimuris,Cuneatibacter,Firmicutes,ureC,0,,,"(""ureC""[Title] OR ""urease subunit alpha""[Title] OR ""urease alpha subunit""[Title]) AND ""Cuneatibacter caecimuris""[Organism]"
Frisingicoccus caecimuris,Frisingicoccus,Firmicutes,ureC,0,,,"(""ureC""[Title] OR ""urease subunit alpha""[Title] OR ""urease alpha subunit""[Title]) AND ""Frisingicoccus caecimuris""[Organism]"
Sporosarcina contaminans,Sporosarcina,Firmicutes,ureC,0,,,"(""ureC""[Title] OR ""urease subunit alpha""[Title] OR ""urease alpha subunit""[Title]) AND ""Sporosarcina contaminans""[Organism]"
Variimorphobacter saccharofermentans,Variimorphobacter,Firmicutes,ureC,0,,,"(""ureC""[Title] OR ""urease subunit alpha""[Title] OR ""urease alpha subunit""[Title]) AND ""Variimorphobacter saccharofermentans""[Organism]"
Paenalcaligenes hermetiae,Paenalcaligenes,Proteobacteria,ureC,0,,,"(""ureC""[Title] OR ""urease subunit alpha""[Title] OR ""urease alpha subunit""[Title]) AND ""Paenalcaligenes hermetiae""[Organism]"
Bordetella petrii,Bordetella,Proteobacteria,ureC,0,,,"(""ureC""[Title] OR ""urease subunit alpha""[Title] OR ""urease alpha subunit""[Title]) AND ""Bordetella petrii""[Organism]"
Enterocloster bolteae,Enterocloster,Firmicutes,ureC,0,,,"(""ureC""[Title] OR ""urease subunit alpha""[Title] OR ""urease alpha subunit""[Title]) AND ""Enterocloster bolteae""[Organism]"
Enterocloster clostridioformis,Enterocloster,Firmicutes,ureC,0,,,"(""ureC""[Title] OR ""urease subunit alpha""[Title] OR ""urease alpha subunit""[Title]) AND ""Enterocloster clostridioformis""[Organism]"
Croceibacterium atlanticum,Croceibacterium,Proteobacteria,ureC,0,,,"(""ureC""[Title] OR ""urease subunit alpha""[Title] OR ""urease alpha subunit""[Title]) AND ""Croceibacterium atlanticum""[Organism]"
Mediterraneibacter massiliensis,Mediterraneibacter,Firmicutes,ureC,0,,,"(""ureC""[Title] OR ""urease subunit alpha""[Title] OR ""urease alpha subunit""[Title]) AND ""Mediterraneibacter massiliensis""[Organism]"
Anaerobutyricum hallii,Anaerobutyricum,Firmicutes,ureC,0,,,"(""ureC""[Title] OR ""urease subunit alpha""[Title] OR ""urease alpha subunit""[Title]) AND ""Anaerobutyricum hallii""[Organism]"
Nocardiopsis metallicus,Nocardiopsis,Actinobacteria,ureC,0,,,"(""ureC""[Title] OR ""urease subunit alpha""[Title] OR ""urease alpha subunit""[Title]) AND ""Nocardiopsis metallicus""[Organism]"
Vescimonas fastidiosa,Vescimonas,Firmicutes,ureC,0,,,"(""ureC""[Title] OR ""urease subunit alpha""[Title] OR ""urease alpha subunit""[Title]) AND ""Vescimonas fastidiosa""[Organism]"
Brevibacterium iodinum,Brevibacterium,Actinobacteria,ureC,0,,,"(""ureC""[Title] OR ""urease subunit alpha""[Title] OR ""urease alpha subunit""[Title]) AND ""Brevibacterium iodinum""[Organism]"
Nocardiopsis prasina,Nocardiopsis,Actinobacteria,ureC,0,,,"(""ureC""[Title] OR ""urease subunit alpha""[Title] OR ""urease alpha subunit""[Title]) AND ""Nocardiopsis prasina""[Organism]"
Nocardiopsis sediminis,Nocardiopsis,Actinobacteria,ureC,1,WP_378530498.1,urease subunit alpha [Nocardiopsis sediminis],"(""ureC""[Title] OR ""urease subunit alpha""[Title] OR ""urease alpha subunit""[Title]) AND ""Nocardiopsis sediminis""[Organism]"
Pseudoclavibacter endophyticus,Pseudoclavibacter,Actinobacteria,ureC,0,,,"(""ureC""[Title] OR ""urease subunit alpha""[Title] OR ""urease alpha subunit""[Title]) AND ""Pseudoclavibacter endophyticus""[Organism]"
Tissierella carlieri,Tissierella,Firmicutes,ureC,0,,,"(""ureC""[Title] OR ""urease subunit alpha""[Title] OR ""urease alpha subunit""[Title]) AND ""Tissierella carlieri""[Organism]"
Lactobacillus ultunensis,Lactobacillus,Firmicutes,ureC,0,,,"(""ureC""[Title] OR ""urease subunit alpha""[Title] OR ""urease alpha subunit""[Title]) AND ""Lactobacillus ultunensis""[Organism]"
Actinoallomurus iriomotensis,Actinoallomurus,Actinobacteria,ureC,4,WP_285617240.1,urease subunit alpha [Actinoallomurus iriomotensis],"(""ureC""[Title] OR ""urease subunit alpha""[Title] OR ""urease alpha subunit""[Title]) AND ""Actinoallomurus iriomotensis""[Organism]"
Lapidilactobacillus gannanensis,Lapidilactobacillus,Firmicutes,ureC,0,,,"(""ureC""[Title] OR ""urease subunit alpha""[Title] OR ""urease alpha subunit""[Title]) AND ""Lapidilactobacillus gannanensis""[Organism]"
Levilactobacillus brevis,Levilactobacillus,Firmicutes,ureC,0,,,"(""ureC""[Title] OR ""urease subunit alpha""[Title] OR ""urease alpha subunit""[Title]) AND ""Levilactobacillus brevis""[Organism]"
Helcococcus seattlensis,Helcococcus,Firmicutes,ureC,0,,,"(""ureC""[Title] OR ""urease subunit alpha""[Title] OR ""urease alpha subunit""[Title]) AND ""Helcococcus seattlensis""[Organism]"
Limosilactobacillus frumenti,Limosilactobacillus,Firmicutes,ureC,0,,,"(""ureC""[Title] OR ""urease subunit alpha""[Title] OR ""urease alpha subunit""[Title]) AND ""Limosilactobacillus frumenti""[Organism]"
Corynebacterium endometrii,Corynebacterium,Actinobacteria,ureC,0,,,"(""ureC""[Title] OR ""urease subunit alpha""[Title] OR ""urease alpha subunit""[Title]) AND ""Corynebacterium endometrii""[Organism]"
Kocuria uropygialis,Kocuria,Actinobacteria,ureC,1,WP_129657956.1,urease subunit alpha [Rothia uropygialis],"(""ureC""[Title] OR ""urease subunit alpha""[Title] OR ""urease alpha subunit""[Title]) AND ""Kocuria uropygialis""[Organism]"
Corynebacterium falsenii,Corynebacterium,Actinobacteria,ureC,11,WP_462398412.1,urease subunit alpha [Corynebacterium falsenii],"(""ureC""[Title] OR ""urease subunit alpha""[Title] OR ""urease alpha subunit""[Title]) AND ""Corynebacterium falsenii""[Organism]"
Enterococcus italicus,Enterococcus,Firmicutes,ureC,0,,,"(""ureC""[Title] OR ""urease subunit alpha""[Title] OR ""urease alpha subunit""[Title]) AND ""Enterococcus italicus""[Organism]"
Clostridium cochlearium,Clostridium,Firmicutes,ureC,0,,,"(""ureC""[Title] OR ""urease subunit alpha""[Title] OR ""urease alpha subunit""[Title]) AND ""Clostridium cochlearium""[Organism]"
Nesterenkonia jeotgali,Nesterenkonia,Actinobacteria,ureC,0,,,"(""ureC""[Title] OR ""urease subunit alpha""[Title] OR ""urease alpha subunit""[Title]) AND ""Nesterenkonia jeotgali""[Organism]"
Terrisporobacter mayombei,Terrisporobacter,Firmicutes,ureC,0,,,"(""ureC""[Title] OR ""urease subunit alpha""[Title] OR ""urease alpha subunit""[Title]) AND ""Terrisporobacter mayombei""[Organism]"
Mycolicibacterium mageritense,Mycolicibacterium,Actinobacteria,ureC,18,WP_073907585.1,MULTISPECIES: urease subunit alpha [Mycolicibacterium],"(""ureC""[Title] OR ""urease subunit alpha""[Title] OR ""urease alpha subunit""[Title]) AND ""Mycolicibacterium mageritense""[Organism]"
Paracoccus koreensis,Paracoccus,Proteobacteria,ureC,0,,,"(""ureC""[Title] OR ""urease subunit alpha""[Title] OR ""urease alpha subunit""[Title]) AND ""Paracoccus koreensis""[Organism]"
Citricoccus nitrophenolicus,Citricoccus,Actinobacteria,ureC,0,,,"(""ureC""[Title] OR ""urease subunit alpha""[Title] OR ""urease alpha subunit""[Title]) AND ""Citricoccus nitrophenolicus""[Organism]"
Actinomarinicola tropica,Actinomarinicola,Actinobacteria,ureC,0,,,"(""ureC""[Title] OR ""urease subunit alpha""[Title] OR ""urease alpha subunit""[Title]) AND ""Actinomarinicola tropica""[Organism]"
Ornithinibacillus contaminans,Ornithinibacillus,Firmicutes,ureC,0,,,"(""ureC""[Title] OR ""urease subunit alpha""[Title] OR ""urease alpha subunit""[Title]) AND ""Ornithinibacillus contaminans""[Organism]"
Glycomyces tarimensis,Glycomyces,Actinobacteria,ureC,0,,,"(""ureC""[Title] OR ""urease subunit alpha""[Title] OR ""urease alpha subunit""[Title]) AND ""Glycomyces tarimensis""[Organism]"
Bacillus cereus,Bacillus,Firmicutes,ureC,441,WP_494429647.1,"urease subunit alpha, partial [Bacillus cereus]","(""ureC""[Title] OR ""urease subunit alpha""[Title] OR ""urease alpha subunit""[Title]) AND ""Bacillus cereus""[Organism]"
Pseudidiomarina indica,Pseudidiomarina,Proteobacteria,ureC,0,,,"(""ureC""[Title] OR ""urease subunit alpha""[Title] OR ""urease alpha subunit""[Title]) AND ""Pseudidiomarina indica""[Organism]"
Bacillus marasmi,Bacillus,Firmicutes,ureC,1,WP_147532970.1,urease subunit alpha [Bacillus marasmi],"(""ureC""[Title] OR ""urease subunit alpha""[Title] OR ""urease alpha subunit""[Title]) AND ""Bacillus marasmi""[Organism]"
Alistipes onderdonkii,Alistipes,Bacteroidota,ureC,0,,,"(""ureC""[Title] OR ""urease subunit alpha""[Title] OR ""urease alpha subunit""[Title]) AND ""Alistipes onderdonkii""[Organism]"
Alistipes shahii,Alistipes,Bacteroidota,ureC,1,WP_195459980.1,MULTISPECIES: urease subunit alpha [Alistipes],"(""ureC""[Title] OR ""urease subunit alpha""[Title] OR ""urease alpha subunit""[Title]) AND ""Alistipes shahii""[Organism]"
Thiopseudomonas alkaliphila,Thiopseudomonas,Proteobacteria,ureC,0,,,"(""ureC""[Title] OR ""urease subunit alpha""[Title] OR ""urease alpha subunit""[Title]) AND ""Thiopseudomonas alkaliphila""[Organism]"
Bacillus aquiflavi,Bacillus,Firmicutes,ureC,0,,,"(""ureC""[Title] OR ""urease subunit alpha""[Title] OR ""urease alpha subunit""[Title]) AND ""Bacillus aquiflavi""[Organism]"
Proteus penneri,Proteus,Proteobacteria,ureC,6,WP_161669217.1,MULTISPECIES: urease subunit alpha [Proteus],"(""ureC""[Title] OR ""urease subunit alpha""[Title] OR ""urease alpha subunit""[Title]) AND ""Proteus penneri""[Organism]"
Peribacillus huizhouensis,Peribacillus,Firmicutes,ureC,4,WP_312859646.1,urease subunit alpha [Peribacillus huizhouensis],"(""ureC""[Title] OR ""urease subunit alpha""[Title] OR ""urease alpha subunit""[Title]) AND ""Peribacillus huizhouensis""[Organism]"
Virgibacillus byunsanensis,Virgibacillus,Firmicutes,ureC,0,,,"(""ureC""[Title] OR ""urease subunit alpha""[Title] OR ""urease alpha subunit""[Title]) AND ""Virgibacillus byunsanensis""[Organism]"
Acinetobacter guillouiae,Acinetobacter,Proteobacteria,ureC,32,WP_488632264.1,urease subunit alpha [Acinetobacter guillouiae],"(""ureC""[Title] OR ""urease subunit alpha""[Title] OR ""urease alpha subunit""[Title]) AND ""Acinetobacter guillouiae""[Organism]"
Salmonella enterica,Salmonella,Proteobacteria,ureC,7,GAC1948924.1,urease subunit alpha [Salmonella enterica subsp. enterica serovar Typhi],"(""ureC""[Title] OR ""urease subunit alpha""[Title] OR ""urease alpha subunit""[Title]) AND ""Salmonella enterica""[Organism]"
Siminovitchia fortis,Siminovitchia,Firmicutes,ureC,0,,,"(""ureC""[Title] OR ""urease subunit alpha""[Title] OR ""urease alpha subunit""[Title]) AND ""Siminovitchia fortis""[Organism]"
Bacillus dakarensis,Bacillus,Firmicutes,ureC,0,,,"(""ureC""[Title] OR ""urease subunit alpha""[Title] OR ""urease alpha subunit""[Title]) AND ""Bacillus dakarensis""[Organism]"
Aquibacillus albus,Aquibacillus,Firmicutes,ureC,1,WP_239584192.1,urease subunit alpha [Aquibacillus albus],"(""ureC""[Title] OR ""urease subunit alpha""[Title] OR ""urease alpha subunit""[Title]) AND ""Aquibacillus albus""[Organism]"
Macrococcus caseolyticus,Macrococcus,Firmicutes,ureC,0,,,"(""ureC""[Title] OR ""urease subunit alpha""[Title] OR ""urease alpha subunit""[Title]) AND ""Macrococcus caseolyticus""[Organism]"
Butyricimonas paravirosa,Butyricimonas,Bacteroidota,ureC,0,,,"(""ureC""[Title] OR ""urease subunit alpha""[Title] OR ""urease alpha subunit""[Title]) AND ""Butyricimonas paravirosa""[Organism]"
Staphylococcus rostri,Staphylococcus,Firmicutes,ureC,0,,,"(""ureC""[Title] OR ""urease subunit alpha""[Title] OR ""urease alpha subunit""[Title]) AND ""Staphylococcus rostri""[Organism]"
Marinimicrobium alkaliphilum,Marinimicrobium,Proteobacteria,ureC,0,,,"(""ureC""[Title] OR ""urease subunit alpha""[Title] OR ""urease alpha subunit""[Title]) AND ""Marinimicrobium alkaliphilum""[Organism]"
Corynebacterium variabile,Corynebacterium,Actinobacteria,ureC,32,CAQ2011068.1,urease subunit alpha [Corynebacterium variabile],"(""ureC""[Title] OR ""urease subunit alpha""[Title] OR ""urease alpha subunit""[Title]) AND ""Corynebacterium variabile""[Organism]"
Parabacteroides merdae,Parabacteroides,Bacteroidota,ureC,0,,,"(""ureC""[Title] OR ""urease subunit alpha""[Title] OR ""urease alpha subunit""[Title]) AND ""Parabacteroides merdae""[Organism]"
Citricoccus lacusdiani,Citricoccus,Actinobacteria,ureC,0,,,"(""ureC""[Title] OR ""urease subunit alpha""[Title] OR ""urease alpha subunit""[Title]) AND ""Citricoccus lacusdiani""[Organism]"
Bacteroides thetaiotaomicron,Bacteroides,Bacteroidota,ureC,0,,,"(""ureC""[Title] OR ""urease subunit alpha""[Title] OR ""urease alpha subunit""[Title]) AND ""Bacteroides thetaiotaomicron""[Organism]"
Streptomyces iranensis,Streptomyces,Actinobacteria,ureC,6,WP_413803688.1,urease subunit alpha [Streptomyces iranensis],"(""ureC""[Title] OR ""urease subunit alpha""[Title] OR ""urease alpha subunit""[Title]) AND ""Streptomyces iranensis""[Organism]"
Nesterenkonia muleiensis,Nesterenkonia,Actinobacteria,ureC,0,,,"(""ureC""[Title] OR ""urease subunit alpha""[Title] OR ""urease alpha subunit""[Title]) AND ""Nesterenkonia muleiensis""[Organism]"
Radiobacillus deserti,Radiobacillus,Firmicutes,ureC,0,,,"(""ureC""[Title] OR ""urease subunit alpha""[Title] OR ""urease alpha subunit""[Title]) AND ""Radiobacillus deserti""[Organism]"
Macrococcus brunensis,Macrococcus,Firmicutes,ureC,0,,,"(""ureC""[Title] OR ""urease subunit alpha""[Title] OR ""urease alpha subunit""[Title]) AND ""Macrococcus brunensis""[Organism]"
Anaerosalibacter massiliensis,Anaerosalibacter,Firmicutes,ureC,0,,,"(""ureC""[Title] OR ""urease subunit alpha""[Title] OR ""urease alpha subunit""[Title]) AND ""Anaerosalibacter massiliensis""[Organism]"
Peptoniphilus obesi,Peptoniphilus,Firmicutes,ureC,0,,,"(""ureC""[Title] OR ""urease subunit alpha""[Title] OR ""urease alpha subunit""[Title]) AND ""Peptoniphilus obesi""[Organism]"
Massilicoli timonensis,Massilicoli,Firmicutes,ureC,0,,,"(""ureC""[Title] OR ""urease subunit alpha""[Title] OR ""urease alpha subunit""[Title]) AND ""Massilicoli timonensis""[Organism]"
Arthrobacter globiformis,Arthrobacter,Actinobacteria,ureC,10,WP_494011802.1,urease subunit alpha [Arthrobacter globiformis],"(""ureC""[Title] OR ""urease subunit alpha""[Title] OR ""urease alpha subunit""[Title]) AND ""Arthrobacter globiformis""[Organism]"
Virgibacillus massiliensis,Virgibacillus,Firmicutes,ureC,0,,,"(""ureC""[Title] OR ""urease subunit alpha""[Title] OR ""urease alpha subunit""[Title]) AND ""Virgibacillus massiliensis""[Organism]"
Peptoniphilus urinimassiliensis,Peptoniphilus,Firmicutes,ureC,0,,,"(""ureC""[Title] OR ""urease subunit alpha""[Title] OR ""urease alpha subunit""[Title]) AND ""Peptoniphilus urinimassiliensis""[Organism]"
Mycolicibacterium wolinskyi,Mycolicibacterium,Actinobacteria,ureC,22,WP_489954489.1,urease subunit alpha [Mycolicibacterium wolinskyi],"(""ureC""[Title] OR ""urease subunit alpha""[Title] OR ""urease alpha subunit""[Title]) AND ""Mycolicibacterium wolinskyi""[Organism]"
Corynebacterium flavescens,Corynebacterium,Actinobacteria,ureC,2,WP_443402043.1,urease subunit alpha [Corynebacterium flavescens],"(""ureC""[Title] OR ""urease subunit alpha""[Title] OR ""urease alpha subunit""[Title]) AND ""Corynebacterium flavescens""[Organism]"
Saccharomonospora oceani,Saccharomonospora,Actinobacteria,ureC,0,,,"(""ureC""[Title] OR ""urease subunit alpha""[Title] OR ""urease alpha subunit""[Title]) AND ""Saccharomonospora oceani""[Organism]"
Saccharopolyspora tripterygii,Saccharopolyspora,Actinobacteria,ureC,4,WP_461157772.1,urease subunit alpha [Saccharopolyspora tripterygii],"(""ureC""[Title] OR ""urease subunit alpha""[Title] OR ""urease alpha subunit""[Title]) AND ""Saccharopolyspora tripterygii""[Organism]"
Corynebacterium singulare,Corynebacterium,Actinobacteria,ureC,2,WP_042532664.1,urease subunit alpha [Corynebacterium singulare],"(""ureC""[Title] OR ""urease subunit alpha""[Title] OR ""urease alpha subunit""[Title]) AND ""Corynebacterium singulare""[Organism]"
Acidibacter ferrireducens,Acidibacter,Proteobacteria,ureC,0,,,"(""ureC""[Title] OR ""urease subunit alpha""[Title] OR ""urease alpha subunit""[Title]) AND ""Acidibacter ferrireducens""[Organism]"
Bacillus benzoevorans,Bacillus,Firmicutes,ureC,1,WP_184523422.1,urease subunit alpha [Bacillus benzoevorans],"(""ureC""[Title] OR ""urease subunit alpha""[Title] OR ""urease alpha subunit""[Title]) AND ""Bacillus benzoevorans""[Organism]"
Corynebacterium pollutisoli,Corynebacterium,Actinobacteria,ureC,0,,,"(""ureC""[Title] OR ""urease subunit alpha""[Title] OR ""urease alpha subunit""[Title]) AND ""Corynebacterium pollutisoli""[Organism]"
Kocuria atrinae,Kocuria,Actinobacteria,ureC,2,WP_344223619.1,urease subunit alpha [Kocuria atrinae],"(""ureC""[Title] OR ""urease subunit alpha""[Title] OR ""urease alpha subunit""[Title]) AND ""Kocuria atrinae""[Organism]"
Niallia alba,Niallia,Firmicutes,ureC,0,,,"(""ureC""[Title] OR ""urease subunit alpha""[Title] OR ""urease alpha subunit""[Title]) AND ""Niallia alba""[Organism]"
Neobacillus vireti,Neobacillus,Firmicutes,ureC,7,WP_335517272.1,MULTISPECIES: urease subunit alpha [Neobacillus],"(""ureC""[Title] OR ""urease subunit alpha""[Title] OR ""urease alpha subunit""[Title]) AND ""Neobacillus vireti""[Organism]"
Corynebacterium pelargi,Corynebacterium,Actinobacteria,ureC,0,,,"(""ureC""[Title] OR ""urease subunit alpha""[Title] OR ""urease alpha subunit""[Title]) AND ""Corynebacterium pelargi""[Organism]"
Neobacillus soli,Neobacillus,Firmicutes,ureC,1,WP_066061760.1,urease subunit alpha [Neobacillus soli],"(""ureC""[Title] OR ""urease subunit alpha""[Title] OR ""urease alpha subunit""[Title]) AND ""Neobacillus soli""[Organism]"
Cedecea davisae,Cedecea,Proteobacteria,ureC,0,,,"(""ureC""[Title] OR ""urease subunit alpha""[Title] OR ""urease alpha subunit""[Title]) AND ""Cedecea davisae""[Organism]"
Corynebacterium neomassiliense,Corynebacterium,Actinobacteria,ureC,1,WP_066588355.1,MULTISPECIES: urease subunit alpha [Corynebacterium],"(""ureC""[Title] OR ""urease subunit alpha""[Title] OR ""urease alpha subunit""[Title]) AND ""Corynebacterium neomassiliense""[Organism]"
Corynebacterium nasicanis,Corynebacterium,Actinobacteria,ureC,0,,,"(""ureC""[Title] OR ""urease subunit alpha""[Title] OR ""urease alpha subunit""[Title]) AND ""Corynebacterium nasicanis""[Organism]"
Corynebacterium terpenotabidum,Corynebacterium,Actinobacteria,ureC,2,AGP31833.1,urease subunit alpha [Corynebacterium terpenotabidum Y-11],"(""ureC""[Title] OR ""urease subunit alpha""[Title] OR ""urease alpha subunit""[Title]) AND ""Corynebacterium terpenotabidum""[Organism]"
Levilactobacillus yonginensis,Levilactobacillus,Firmicutes,ureC,0,,,"(""ureC""[Title] OR ""urease subunit alpha""[Title] OR ""urease alpha subunit""[Title]) AND ""Levilactobacillus yonginensis""[Organism]"
Neobacillus ginsengisoli,Neobacillus,Firmicutes,ureC,1,WP_307410427.1,urease subunit alpha [Neobacillus ginsengisoli],"(""ureC""[Title] OR ""urease subunit alpha""[Title] OR ""urease alpha subunit""[Title]) AND ""Neobacillus ginsengisoli""[Organism]"
Virgibacillus dakarensis,Virgibacillus,Firmicutes,ureC,0,,,"(""ureC""[Title] OR ""urease subunit alpha""[Title] OR ""urease alpha subunit""[Title]) AND ""Virgibacillus dakarensis""[Organism]"
Bacteroides cellulosilyticus,Bacteroides,Bacteroidota,ureC,0,,,"(""ureC""[Title] OR ""urease subunit alpha""[Title] OR ""urease alpha subunit""[Title]) AND ""Bacteroides cellulosilyticus""[Organism]"
Staphylococcus auricularis,Staphylococcus,Firmicutes,ureC,0,,,"(""ureC""[Title] OR ""urease subunit alpha""[Title] OR ""urease alpha subunit""[Title]) AND ""Staphylococcus auricularis""[Organism]"
Knoellia sinensis,Knoellia,Actinobacteria,ureC,0,,,"(""ureC""[Title] OR ""urease subunit alpha""[Title] OR ""urease alpha subunit""[Title]) AND ""Knoellia sinensis""[Organism]"
Actinomadura montaniterrae,Actinomadura,Actinobacteria,ureC,2,WP_151538538.1,urease subunit alpha [Actinomadura montaniterrae],"(""ureC""[Title] OR ""urease subunit alpha""[Title] OR ""urease alpha subunit""[Title]) AND ""Actinomadura montaniterrae""[Organism]"
Bacillus atrophaeus,Bacillus,Firmicutes,ureC,74,YDU72166.1,urease subunit alpha [Bacillus atrophaeus],"(""ureC""[Title] OR ""urease subunit alpha""[Title] OR ""urease alpha subunit""[Title]) AND ""Bacillus atrophaeus""[Organism]"
Neobacillus pocheonensis,Neobacillus,Firmicutes,ureC,1,WP_430135751.1,urease subunit alpha [Neobacillus pocheonensis],"(""ureC""[Title] OR ""urease subunit alpha""[Title] OR ""urease alpha subunit""[Title]) AND ""Neobacillus pocheonensis""[Organism]"
Staphylococcus pettenkoferi,Staphylococcus,Firmicutes,ureC,22,YER87611.1,urease subunit alpha [Staphylococcus pettenkoferi],"(""ureC""[Title] OR ""urease subunit alpha""[Title] OR ""urease alpha subunit""[Title]) AND ""Staphylococcus pettenkoferi""[Organism]"
Oceanobacillus chungangensis,Oceanobacillus,Firmicutes,ureC,2,WP_115749355.1,urease subunit alpha [Oceanobacillus chungangensis],"(""ureC""[Title] OR ""urease subunit alpha""[Title] OR ""urease alpha subunit""[Title]) AND ""Oceanobacillus chungangensis""[Organism]"
Levilactobacillus spicheri,Levilactobacillus,Firmicutes,ureC,0,,,"(""ureC""[Title] OR ""urease subunit alpha""[Title] OR ""urease alpha subunit""[Title]) AND ""Levilactobacillus spicheri""[Organism]"
Ignatzschineria larvae,Ignatzschineria,Proteobacteria,ureC,2,WZW88464.1,urease subunit alpha [Ignatzschineria larvae DSM 13226],"(""ureC""[Title] OR ""urease subunit alpha""[Title] OR ""urease alpha subunit""[Title]) AND ""Ignatzschineria larvae""[Organism]"
Enterococcus pseudoavium,Enterococcus,Firmicutes,ureC,0,,,"(""ureC""[Title] OR ""urease subunit alpha""[Title] OR ""urease alpha subunit""[Title]) AND ""Enterococcus pseudoavium""[Organism]"
Leucobacter salsicius,Leucobacter,Actinobacteria,ureC,0,,,"(""ureC""[Title] OR ""urease subunit alpha""[Title] OR ""urease alpha subunit""[Title]) AND ""Leucobacter salsicius""[Organism]"
Mycobacterium senegalense,Mycobacterium,Actinobacteria,ureC,22,CQD19090.1,urease subunit alpha [Mycolicibacterium senegalense],"(""ureC""[Title] OR ""urease subunit alpha""[Title] OR ""urease alpha subunit""[Title]) AND ""Mycobacterium senegalense""[Organism]"
Psychrobacillus lasiicapitis,Psychrobacillus,Firmicutes,ureC,3,WP_142539787.1,MULTISPECIES: urease subunit alpha [Psychrobacillus],"(""ureC""[Title] OR ""urease subunit alpha""[Title] OR ""urease alpha subunit""[Title]) AND ""Psychrobacillus lasiicapitis""[Organism]"
Paenibacillus rigui,Paenibacillus,Firmicutes,ureC,2,WP_425436224.1,urease subunit alpha [Paenibacillus rigui],"(""ureC""[Title] OR ""urease subunit alpha""[Title] OR ""urease alpha subunit""[Title]) AND ""Paenibacillus rigui""[Organism]"
Glycomyces arizonensis,Glycomyces,Actinobacteria,ureC,0,,,"(""ureC""[Title] OR ""urease subunit alpha""[Title] OR ""urease alpha subunit""[Title]) AND ""Glycomyces arizonensis""[Organism]"
Pelagibacterium lacus,Pelagibacterium,Proteobacteria,ureC,0,,,"(""ureC""[Title] OR ""urease subunit alpha""[Title] OR ""urease alpha subunit""[Title]) AND ""Pelagibacterium lacus""[Organism]"
Singulisphaera rosea,Singulisphaera,Planctomycetota,ureC,1,WP_462855399.1,urease subunit alpha [Singulisphaera rosea],"(""ureC""[Title] OR ""urease subunit alpha""[Title] OR ""urease alpha subunit""[Title]) AND ""Singulisphaera rosea""[Organism]"
Cohnella luojiensis,Cohnella,Firmicutes,ureC,2,WP_420808597.1,urease subunit alpha [Cohnella luojiensis],"(""ureC""[Title] OR ""urease subunit alpha""[Title] OR ""urease alpha subunit""[Title]) AND ""Cohnella luojiensis""[Organism]"
Ruthenibacterium lactatiformans,Ruthenibacterium,Firmicutes,ureC,0,,,"(""ureC""[Title] OR ""urease subunit alpha""[Title] OR ""urease alpha subunit""[Title]) AND ""Ruthenibacterium lactatiformans""[Organism]"
Gottfriedia acidiceleris,Gottfriedia,Firmicutes,ureC,0,,,"(""ureC""[Title] OR ""urease subunit alpha""[Title] OR ""urease alpha subunit""[Title]) AND ""Gottfriedia acidiceleris""[Organism]"
Ectobacillus funiculus,Ectobacillus,Firmicutes,ureC,4,WP_491440867.1,urease subunit alpha [Ectobacillus funiculus],"(""ureC""[Title] OR ""urease subunit alpha""[Title] OR ""urease alpha subunit""[Title]) AND ""Ectobacillus funiculus""[Organism]"
Cellulomonas chitinilytica,Cellulomonas,Actinobacteria,ureC,0,,,"(""ureC""[Title] OR ""urease subunit alpha""[Title] OR ""urease alpha subunit""[Title]) AND ""Cellulomonas chitinilytica""[Organism]"
Aeromicrobium flavum,Aeromicrobium,Actinobacteria,ureC,3,GAA3545367.1,urease subunit alpha [Aeromicrobium flavum],"(""ureC""[Title] OR ""urease subunit alpha""[Title] OR ""urease alpha subunit""[Title]) AND ""Aeromicrobium flavum""[Organism]"
Fundicoccus ignavus,Fundicoccus,Firmicutes,ureC,0,,,"(""ureC""[Title] OR ""urease subunit alpha""[Title] OR ""urease alpha subunit""[Title]) AND ""Fundicoccus ignavus""[Organism]"
Georgenia ruanii,Georgenia,Actinobacteria,ureC,0,,,"(""ureC""[Title] OR ""urease subunit alpha""[Title] OR ""urease alpha subunit""[Title]) AND ""Georgenia ruanii""[Organism]"
Intestinimonas butyriciproducens,Intestinimonas,Firmicutes,ureC,0,,,"(""ureC""[Title] OR ""urease subunit alpha""[Title] OR ""urease alpha subunit""[Title]) AND ""Intestinimonas butyriciproducens""[Organism]"
Halomonas xiaochaidanensis,Halomonas,Proteobacteria,ureC,0,,,"(""ureC""[Title] OR ""urease subunit alpha""[Title] OR ""urease alpha subunit""[Title]) AND ""Halomonas xiaochaidanensis""[Organism]"
Nocardiopsis dassonvillei,Nocardiopsis,Actinobacteria,ureC,0,,,"(""ureC""[Title] OR ""urease subunit alpha""[Title] OR ""urease alpha subunit""[Title]) AND ""Nocardiopsis dassonvillei""[Organism]"
Nocardiopsis mangrovei,Nocardiopsis,Actinobacteria,ureC,1,WP_378571236.1,urease subunit alpha [Nocardiopsis mangrovi],"(""ureC""[Title] OR ""urease subunit alpha""[Title] OR ""urease alpha subunit""[Title]) AND ""Nocardiopsis mangrovei""[Organism]"
Catenibacillus scindens,Catenibacillus,Firmicutes,ureC,0,,,"(""ureC""[Title] OR ""urease subunit alpha""[Title] OR ""urease alpha subunit""[Title]) AND ""Catenibacillus scindens""[Organism]"
Ornithinimicrobium pekingense,Ornithinimicrobium,Actinobacteria,ureC,0,,,"(""ureC""[Title] OR ""urease subunit alpha""[Title] OR ""urease alpha subunit""[Title]) AND ""Ornithinimicrobium pekingense""[Organism]"
Agrococcus casei,Agrococcus,Actinobacteria,ureC,0,,,"(""ureC""[Title] OR ""urease subunit alpha""[Title] OR ""urease alpha subunit""[Title]) AND ""Agrococcus casei""[Organism]"
Caldibacillus thermolactis,Caldibacillus,Firmicutes,ureC,0,,,"(""ureC""[Title] OR ""urease subunit alpha""[Title] OR ""urease alpha subunit""[Title]) AND ""Caldibacillus thermolactis""[Organism]"
Pusillimonas thiosulfatoxidans,Pusillimonas,Proteobacteria,ureC,2,QAA93021.1,urease subunit alpha [Pollutimonas thiosulfatoxidans],"(""ureC""[Title] OR ""urease subunit alpha""[Title] OR ""urease alpha subunit""[Title]) AND ""Pusillimonas thiosulfatoxidans""[Organism]"
Faecalibacterium butyricigenerans,Faecalibacterium,Firmicutes,ureC,0,,,"(""ureC""[Title] OR ""urease subunit alpha""[Title] OR ""urease alpha subunit""[Title]) AND ""Faecalibacterium butyricigenerans""[Organism]"
Paenochrobactrum gallinarii,Paenochrobactrum,Proteobacteria,ureC,0,,,"(""ureC""[Title] OR ""urease subunit alpha""[Title] OR ""urease alpha subunit""[Title]) AND ""Paenochrobactrum gallinarii""[Organism]"
Enterococcus larvae,Enterococcus,Firmicutes,ureC,0,,,"(""ureC""[Title] OR ""urease subunit alpha""[Title] OR ""urease alpha subunit""[Title]) AND ""Enterococcus larvae""[Organism]"
Hyphomicrobium vulgare,Hyphomicrobium,Proteobacteria,ureC,0,,,"(""ureC""[Title] OR ""urease subunit alpha""[Title] OR ""urease alpha subunit""[Title]) AND ""Hyphomicrobium vulgare""[Organism]"
Ihubacter massiliensis,Ihubacter,Firmicutes,ureC,0,,,"(""ureC""[Title] OR ""urease subunit alpha""[Title] OR ""urease alpha subunit""[Title]) AND ""Ihubacter massiliensis""[Organism]"
Rhodoplanes azumiensis,Rhodoplanes,Proteobacteria,ureC,1,WP_378477579.1,urease subunit alpha [Rhodoplanes azumiensis],"(""ureC""[Title] OR ""urease subunit alpha""[Title] OR ""urease alpha subunit""[Title]) AND ""Rhodoplanes azumiensis""[Organism]"
Janibacter cremeus,Janibacter,Actinobacteria,ureC,0,,,"(""ureC""[Title] OR ""urease subunit alpha""[Title] OR ""urease alpha subunit""[Title]) AND ""Janibacter cremeus""[Organism]"
Methylothermalis aethiopiae,Methylothermalis,Proteobacteria,ureC,0,,,"(""ureC""[Title] OR ""urease subunit alpha""[Title] OR ""urease alpha subunit""[Title]) AND ""Methylothermalis aethiopiae""[Organism]"
Virgibacillus phasianinus,Virgibacillus,Firmicutes,ureC,0,,,"(""ureC""[Title] OR ""urease subunit alpha""[Title] OR ""urease alpha subunit""[Title]) AND ""Virgibacillus phasianinus""[Organism]"
Wansuia hejianensis,Wansuia,Firmicutes,ureC,0,,,"(""ureC""[Title] OR ""urease subunit alpha""[Title] OR ""urease alpha subunit""[Title]) AND ""Wansuia hejianensis""[Organism]"
Butyricimonas phoceensis,Butyricimonas,Bacteroidota,ureC,0,,,"(""ureC""[Title] OR ""urease subunit alpha""[Title] OR ""urease alpha subunit""[Title]) AND ""Butyricimonas phoceensis""[Organism]"
Microbispora bryophytorum,Microbispora,Actinobacteria,ureC,10,GAB3890154.1,urease subunit alpha [Microbispora bryophytorum subsp. camponoti],"(""ureC""[Title] OR ""urease subunit alpha""[Title] OR ""urease alpha subunit""[Title]) AND ""Microbispora bryophytorum""[Organism]"
Enterococcus termitis,Enterococcus,Firmicutes,ureC,0,,,"(""ureC""[Title] OR ""urease subunit alpha""[Title] OR ""urease alpha subunit""[Title]) AND ""Enterococcus termitis""[Organism]"
Microbacterium suwonense,Microbacterium,Actinobacteria,ureC,0,,,"(""ureC""[Title] OR ""urease subunit alpha""[Title] OR ""urease alpha subunit""[Title]) AND ""Microbacterium suwonense""[Organism]"
Peribacillus simplex,Peribacillus,Firmicutes,ureC,40,WP_475723180.1,urease subunit alpha [Peribacillus simplex],"(""ureC""[Title] OR ""urease subunit alpha""[Title] OR ""urease alpha subunit""[Title]) AND ""Peribacillus simplex""[Organism]"
Enterobacter quasihormaechei,Enterobacter,Proteobacteria,ureC,9,WP_112792144.1,urease subunit alpha [Enterobacter quasihormaechei],"(""ureC""[Title] OR ""urease subunit alpha""[Title] OR ""urease alpha subunit""[Title]) AND ""Enterobacter quasihormaechei""[Organism]"
Anaerotruncus colihominis,Anaerotruncus,Firmicutes,ureC,0,,,"(""ureC""[Title] OR ""urease subunit alpha""[Title] OR ""urease alpha subunit""[Title]) AND ""Anaerotruncus colihominis""[Organism]"
Zhenpiania hominis,Zhenpiania,Firmicutes,ureC,1,WP_187302543.1,urease subunit alpha [Zhenpiania hominis],"(""ureC""[Title] OR ""urease subunit alpha""[Title] OR ""urease alpha subunit""[Title]) AND ""Zhenpiania hominis""[Organism]"
Rummeliibacillus pycnus,Rummeliibacillus,Firmicutes,ureC,0,,,"(""ureC""[Title] OR ""urease subunit alpha""[Title] OR ""urease alpha subunit""[Title]) AND ""Rummeliibacillus pycnus""[Organism]"
Alistipes ihumii,Alistipes,Bacteroidota,ureC,0,,,"(""ureC""[Title] OR ""urease subunit alpha""[Title] OR ""urease alpha subunit""[Title]) AND ""Alistipes ihumii""[Organism]"
Anaerotruncus massiliensis,Anaerotruncus,Firmicutes,ureC,0,,,"(""ureC""[Title] OR ""urease subunit alpha""[Title] OR ""urease alpha subunit""[Title]) AND ""Anaerotruncus massiliensis""[Organism]"
Streptomyces triticisoli,Streptomyces,Actinobacteria,ureC,2,WP_112467317.1,urease subunit alpha [Streptomyces triticisoli],"(""ureC""[Title] OR ""urease subunit alpha""[Title] OR ""urease alpha subunit""[Title]) AND ""Streptomyces triticisoli""[Organism]"
Anaerococcus vaginimassiliensis,Anaerococcus,Firmicutes,ureC,0,,,"(""ureC""[Title] OR ""urease subunit alpha""[Title] OR ""urease alpha subunit""[Title]) AND ""Anaerococcus vaginimassiliensis""[Organism]"
Enterococcus rotai,Enterococcus,Firmicutes,ureC,2,WP_069641209.1,MULTISPECIES: urease subunit alpha [Enterococcus],"(""ureC""[Title] OR ""urease subunit alpha""[Title] OR ""urease alpha subunit""[Title]) AND ""Enterococcus rotai""[Organism]"
Peribacillus acanthi,Peribacillus,Firmicutes,ureC,0,,,"(""ureC""[Title] OR ""urease subunit alpha""[Title] OR ""urease alpha subunit""[Title]) AND ""Peribacillus acanthi""[Organism]"
Streptomyces durhamensis,Streptomyces,Actinobacteria,ureC,2,WP_031167147.1,MULTISPECIES: urease subunit alpha [Streptomyces],"(""ureC""[Title] OR ""urease subunit alpha""[Title] OR ""urease alpha subunit""[Title]) AND ""Streptomyces durhamensis""[Organism]"
Corynebacterium suranareeae,Corynebacterium,Actinobacteria,ureC,2,WP_096453430.1,urease subunit alpha [Corynebacterium suranareeae],"(""ureC""[Title] OR ""urease subunit alpha""[Title] OR ""urease alpha subunit""[Title]) AND ""Corynebacterium suranareeae""[Organism]"
Georgenia thermotolerans,Georgenia,Actinobacteria,ureC,0,,,"(""ureC""[Title] OR ""urease subunit alpha""[Title] OR ""urease alpha subunit""[Title]) AND ""Georgenia thermotolerans""[Organism]"
Enterococcus thailandicus,Enterococcus,Firmicutes,ureC,0,,,"(""ureC""[Title] OR ""urease subunit alpha""[Title] OR ""urease alpha subunit""[Title]) AND ""Enterococcus thailandicus""[Organism]"
Glutamicibacter arilaitensis,Glutamicibacter,Actinobacteria,ureC,2,WP_404288579.1,urease subunit alpha [Glutamicibacter arilaitensis],"(""ureC""[Title] OR ""urease subunit alpha""[Title] OR ""urease alpha subunit""[Title]) AND ""Glutamicibacter arilaitensis""[Organism]"
Alicyclobacillus curvatus,Alicyclobacillus,Firmicutes,ureC,0,,,"(""ureC""[Title] OR ""urease subunit alpha""[Title] OR ""urease alpha subunit""[Title]) AND ""Alicyclobacillus curvatus""[Organism]"
Victivallis lenta,Victivallis,Lentisphaerae,ureC,0,,,"(""ureC""[Title] OR ""urease subunit alpha""[Title] OR ""urease alpha subunit""[Title]) AND ""Victivallis lenta""[Organism]"
Alkalihalobacillus trypoxylicola,Alkalihalobacillus,Firmicutes,ureC,0,,,"(""ureC""[Title] OR ""urease subunit alpha""[Title] OR ""urease alpha subunit""[Title]) AND ""Alkalihalobacillus trypoxylicola""[Organism]"
Lactobacillus hamsteri,Lactobacillus,Firmicutes,ureC,0,,,"(""ureC""[Title] OR ""urease subunit alpha""[Title] OR ""urease alpha subunit""[Title]) AND ""Lactobacillus hamsteri""[Organism]"
Lactiplantibacillus plantarum,Lactiplantibacillus,Firmicutes,ureC,3,WP_489940843.1,urease subunit alpha [Lactiplantibacillus plantarum],"(""ureC""[Title] OR ""urease subunit alpha""[Title] OR ""urease alpha subunit""[Title]) AND ""Lactiplantibacillus plantarum""[Organism]"
Lapidilactobacillus mulanensis,Lapidilactobacillus,Firmicutes,ureC,0,,,"(""ureC""[Title] OR ""urease subunit alpha""[Title] OR ""urease alpha subunit""[Title]) AND ""Lapidilactobacillus mulanensis""[Organism]"
Bacillus amyloliquefaciens,Bacillus,Firmicutes,ureC,198,WP_101670467.1,MULTISPECIES: urease subunit alpha [Bacillus amyloliquefaciens group],"(""ureC""[Title] OR ""urease subunit alpha""[Title] OR ""urease alpha subunit""[Title]) AND ""Bacillus amyloliquefaciens""[Organism]"
Companilactobacillus zhongbaensis,Companilactobacillus,Firmicutes,ureC,0,,,"(""ureC""[Title] OR ""urease subunit alpha""[Title] OR ""urease alpha subunit""[Title]) AND ""Companilactobacillus zhongbaensis""[Organism]"
Auritidibacter ignavus,Auritidibacter,Actinobacteria,ureC,0,,,"(""ureC""[Title] OR ""urease subunit alpha""[Title] OR ""urease alpha subunit""[Title]) AND ""Auritidibacter ignavus""[Organism]"
Actinorugispora endophytica,Actinorugispora,Actinobacteria,ureC,0,,,"(""ureC""[Title] OR ""urease subunit alpha""[Title] OR ""urease alpha subunit""[Title]) AND ""Actinorugispora endophytica""[Organism]"
Paraliobacillus salinarum,Paraliobacillus,Firmicutes,ureC,0,,,"(""ureC""[Title] OR ""urease subunit alpha""[Title] OR ""urease alpha subunit""[Title]) AND ""Paraliobacillus salinarum""[Organism]"
Levilactobacillus koreensis,Levilactobacillus,Firmicutes,ureC,0,,,"(""ureC""[Title] OR ""urease subunit alpha""[Title] OR ""urease alpha subunit""[Title]) AND ""Levilactobacillus koreensis""[Organism]"
Tumebacillus luteolus,Tumebacillus,Firmicutes,ureC,0,,,"(""ureC""[Title] OR ""urease subunit alpha""[Title] OR ""urease alpha subunit""[Title]) AND ""Tumebacillus luteolus""[Organism]"
Murinocardiopsis flavida,Murinocardiopsis,Actinobacteria,ureC,0,,,"(""ureC""[Title] OR ""urease subunit alpha""[Title] OR ""urease alpha subunit""[Title]) AND ""Murinocardiopsis flavida""[Organism]"
Helcococcus sueciensis,Helcococcus,Firmicutes,ureC,0,,,"(""ureC""[Title] OR ""urease subunit alpha""[Title] OR ""urease alpha subunit""[Title]) AND ""Helcococcus sueciensis""[Organism]"
Nocardiopsis coralliicola,Nocardiopsis,Actinobacteria,ureC,6,WP_460863086.1,urease subunit alpha [Nocardiopsis coralliicola],"(""ureC""[Title] OR ""urease subunit alpha""[Title] OR ""urease alpha subunit""[Title]) AND ""Nocardiopsis coralliicola""[Organism]"
Gordonia amarae,Gordonia,Actinobacteria,ureC,6,WP_005181519.1,urease subunit alpha [Gordonia amarae],"(""ureC""[Title] OR ""urease subunit alpha""[Title] OR ""urease alpha subunit""[Title]) AND ""Gordonia amarae""[Organism]"
Companilactobacillus bobalius,Companilactobacillus,Firmicutes,ureC,0,,,"(""ureC""[Title] OR ""urease subunit alpha""[Title] OR ""urease alpha subunit""[Title]) AND ""Companilactobacillus bobalius""[Organism]"
Bacillus australimaris,Bacillus,Firmicutes,ureC,0,,,"(""ureC""[Title] OR ""urease subunit alpha""[Title] OR ""urease alpha subunit""[Title]) AND ""Bacillus australimaris""[Organism]"
Bradymonas sediminis,Bradymonas,Proteobacteria,ureC,0,,,"(""ureC""[Title] OR ""urease subunit alpha""[Title] OR ""urease alpha subunit""[Title]) AND ""Bradymonas sediminis""[Organism]"
Serratia surfactantfaciens,Serratia,Proteobacteria,ureC,4,WP_197667114.1,urease subunit alpha [Serratia surfactantfaciens],"(""ureC""[Title] OR ""urease subunit alpha""[Title] OR ""urease alpha subunit""[Title]) AND ""Serratia surfactantfaciens""[Organism]"
Gracilibacillus halotolerans,Gracilibacillus,Firmicutes,ureC,0,,,"(""ureC""[Title] OR ""urease subunit alpha""[Title] OR ""urease alpha subunit""[Title]) AND ""Gracilibacillus halotolerans""[Organism]"
Blautia luti,Blautia,Firmicutes,ureC,2,XPG22302.1,Urease subunit alpha [Blautia luti DSM 14534 = JCM 17040],"(""ureC""[Title] OR ""urease subunit alpha""[Title] OR ""urease alpha subunit""[Title]) AND ""Blautia luti""[Organism]"
Halomonas urumqiensis,Halomonas,Proteobacteria,ureC,4,GHE19785.1,urease subunit alpha [Halomonas urumqiensis],"(""ureC""[Title] OR ""urease subunit alpha""[Title] OR ""urease alpha subunit""[Title]) AND ""Halomonas urumqiensis""[Organism]"
Cellulomonas bogoriensis,Cellulomonas,Actinobacteria,ureC,0,,,"(""ureC""[Title] OR ""urease subunit alpha""[Title] OR ""urease alpha subunit""[Title]) AND ""Cellulomonas bogoriensis""[Organism]"
Solibaculum mannosilyticum,Solibaculum,Firmicutes,ureC,0,,,"(""ureC""[Title] OR ""urease subunit alpha""[Title] OR ""urease alpha subunit""[Title]) AND ""Solibaculum mannosilyticum""[Organism]"
Anaerocolumna cellulosilytica,Anaerocolumna,Firmicutes,ureC,0,,,"(""ureC""[Title] OR ""urease subunit alpha""[Title] OR ""urease alpha subunit""[Title]) AND ""Anaerocolumna cellulosilytica""[Organism]"
Halomonas endophytica,Halomonas,Proteobacteria,ureC,2,WP_102655264.1,urease subunit alpha [Billgrantia endophytica],"(""ureC""[Title] OR ""urease subunit alpha""[Title] OR ""urease alpha subunit""[Title]) AND ""Halomonas endophytica""[Organism]"
Heyndrickxia oleronia,Heyndrickxia,Firmicutes,ureC,0,,,"(""ureC""[Title] OR ""urease subunit alpha""[Title] OR ""urease alpha subunit""[Title]) AND ""Heyndrickxia oleronia""[Organism]"
Monoglobus pectinilyticus,Monoglobus,Firmicutes,ureC,0,,,"(""ureC""[Title] OR ""urease subunit alpha""[Title] OR ""urease alpha subunit""[Title]) AND ""Monoglobus pectinilyticus""[Organism]"
Heyndrickxia sporothermodurans,Heyndrickxia,Firmicutes,ureC,0,,,"(""ureC""[Title] OR ""urease subunit alpha""[Title] OR ""urease alpha subunit""[Title]) AND ""Heyndrickxia sporothermodurans""[Organism]"
Lentihominibacter faecis,Lentihominibacter,Firmicutes,ureC,0,,,"(""ureC""[Title] OR ""urease subunit alpha""[Title] OR ""urease alpha subunit""[Title]) AND ""Lentihominibacter faecis""[Organism]"
Desulforamulus ruminis,Desulforamulus,Firmicutes,ureC,0,,,"(""ureC""[Title] OR ""urease subunit alpha""[Title] OR ""urease alpha subunit""[Title]) AND ""Desulforamulus ruminis""[Organism]"
Bacillus licheniformis,Bacillus,Firmicutes,ureC,13,WIY58258.1,urease subunit alpha [Bacillus licheniformis],"(""ureC""[Title] OR ""urease subunit alpha""[Title] OR ""urease alpha subunit""[Title]) AND ""Bacillus licheniformis""[Organism]"
Bacillus isabeliae,Bacillus,Firmicutes,ureC,0,,,"(""ureC""[Title] OR ""urease subunit alpha""[Title] OR ""urease alpha subunit""[Title]) AND ""Bacillus isabeliae""[Organism]"
Desulfitobacterium metallireducens,Desulfitobacterium,Firmicutes,ureC,0,,,"(""ureC""[Title] OR ""urease subunit alpha""[Title] OR ""urease alpha subunit""[Title]) AND ""Desulfitobacterium metallireducens""[Organism]"
Aeromicrobium fastidiosum,Aeromicrobium,Actinobacteria,ureC,0,,,"(""ureC""[Title] OR ""urease subunit alpha""[Title] OR ""urease alpha subunit""[Title]) AND ""Aeromicrobium fastidiosum""[Organism]"
Cytobacillus gottheilii,Cytobacillus,Firmicutes,ureC,0,,,"(""ureC""[Title] OR ""urease subunit alpha""[Title] OR ""urease alpha subunit""[Title]) AND ""Cytobacillus gottheilii""[Organism]"
Clostridium swellfunianum,Clostridium,Firmicutes,ureC,0,,,"(""ureC""[Title] OR ""urease subunit alpha""[Title] OR ""urease alpha subunit""[Title]) AND ""Clostridium swellfunianum""[Organism]"
Muricomes intestini,Muricomes,Firmicutes,ureC,0,,,"(""ureC""[Title] OR ""urease subunit alpha""[Title] OR ""urease alpha subunit""[Title]) AND ""Muricomes intestini""[Organism]"
Bacillus nitroreducens,Bacillus,Firmicutes,ureC,0,,,"(""ureC""[Title] OR ""urease subunit alpha""[Title] OR ""urease alpha subunit""[Title]) AND ""Bacillus nitroreducens""[Organism]"
Luteimonas terrae,Luteimonas,Proteobacteria,ureC,0,,,"(""ureC""[Title] OR ""urease subunit alpha""[Title] OR ""urease alpha subunit""[Title]) AND ""Luteimonas terrae""[Organism]"
Roseburia hominis,Roseburia,Firmicutes,ureC,0,,,"(""ureC""[Title] OR ""urease subunit alpha""[Title] OR ""urease alpha subunit""[Title]) AND ""Roseburia hominis""[Organism]"
Sanguibacter gelidistatuariae,Sanguibacter,Actinobacteria,ureC,3,WP_093181599.1,urease subunit alpha [Sanguibacter gelidistatuariae],"(""ureC""[Title] OR ""urease subunit alpha""[Title] OR ""urease alpha subunit""[Title]) AND ""Sanguibacter gelidistatuariae""[Organism]"
Novisyntrophococcus fermenticellae,Novisyntrophococcus,Firmicutes,ureC,0,,,"(""ureC""[Title] OR ""urease subunit alpha""[Title] OR ""urease alpha subunit""[Title]) AND ""Novisyntrophococcus fermenticellae""[Organism]"
Bacillus stercoris,Bacillus,Firmicutes,ureC,21,WP_492020561.1,urease subunit alpha [Bacillus stercoris],"(""ureC""[Title] OR ""urease subunit alpha""[Title] OR ""urease alpha subunit""[Title]) AND ""Bacillus stercoris""[Organism]"
Micromonospora pattaloongensis,Micromonospora,Actinobacteria,ureC,0,,,"(""ureC""[Title] OR ""urease subunit alpha""[Title] OR ""urease alpha subunit""[Title]) AND ""Micromonospora pattaloongensis""[Organism]"
Nakamurella lactea,Nakamurella,Actinobacteria,ureC,0,,,"(""ureC""[Title] OR ""urease subunit alpha""[Title] OR ""urease alpha subunit""[Title]) AND ""Nakamurella lactea""[Organism]"
Micromonospora zhanjiangensis,Micromonospora,Actinobacteria,ureC,2,GAB3796081.1,urease subunit alpha [Micromonospora zhanjiangensis],"(""ureC""[Title] OR ""urease subunit alpha""[Title] OR ""urease alpha subunit""[Title]) AND ""Micromonospora zhanjiangensis""[Organism]"
Thiopseudomonas denitrificans,Thiopseudomonas,Proteobacteria,ureC,0,,,"(""ureC""[Title] OR ""urease subunit alpha""[Title] OR ""urease alpha subunit""[Title]) AND ""Thiopseudomonas denitrificans""[Organism]"
Serinicoccus profundi,Serinicoccus,Actinobacteria,ureC,0,,,"(""ureC""[Title] OR ""urease subunit alpha""[Title] OR ""urease alpha subunit""[Title]) AND ""Serinicoccus profundi""[Organism]"
Hominisplanchenecus faecis,Hominisplanchenecus,Firmicutes,ureC,0,,,"(""ureC""[Title] OR ""urease subunit alpha""[Title] OR ""urease alpha subunit""[Title]) AND ""Hominisplanchenecus faecis""[Organism]"
Cellulomonas flavigena,Cellulomonas,Actinobacteria,ureC,2,WP_013115943.1,urease subunit alpha [Cellulomonas flavigena],"(""ureC""[Title] OR ""urease subunit alpha""[Title] OR ""urease alpha subunit""[Title]) AND ""Cellulomonas flavigena""[Organism]"
Caldibacillus pasinlerensis,Caldibacillus,Firmicutes,ureC,0,,,"(""ureC""[Title] OR ""urease subunit alpha""[Title] OR ""urease alpha subunit""[Title]) AND ""Caldibacillus pasinlerensis""[Organism]"
Bacillus halotolerans,Bacillus,Firmicutes,ureC,64,WP_483860734.1,urease subunit alpha [Bacillus halotolerans],"(""ureC""[Title] OR ""urease subunit alpha""[Title] OR ""urease alpha subunit""[Title]) AND ""Bacillus halotolerans""[Organism]"
Romboutsia lituseburensis,Romboutsia,Firmicutes,ureC,0,,,"(""ureC""[Title] OR ""urease subunit alpha""[Title] OR ""urease alpha subunit""[Title]) AND ""Romboutsia lituseburensis""[Organism]"
Streptomyces cacaoi,Streptomyces,Actinobacteria,ureC,12,WP_466223204.1,urease subunit alpha [Streptomyces cacaoi],"(""ureC""[Title] OR ""urease subunit alpha""[Title] OR ""urease alpha subunit""[Title]) AND ""Streptomyces cacaoi""[Organism]"
Kocuria uropygioeca,Kocuria,Actinobacteria,ureC,1,WP_129359917.1,MULTISPECIES: urease subunit alpha [Micrococcaceae],"(""ureC""[Title] OR ""urease subunit alpha""[Title] OR ""urease alpha subunit""[Title]) AND ""Kocuria uropygioeca""[Organism]"
Sporomusa sphaeroides,Sporomusa,Firmicutes,ureC,0,,,"(""ureC""[Title] OR ""urease subunit alpha""[Title] OR ""urease alpha subunit""[Title]) AND ""Sporomusa sphaeroides""[Organism]"
Mesobacillus harenae,Mesobacillus,Firmicutes,ureC,1,WP_174733460.1,urease subunit alpha [Mesobacillus harenae],"(""ureC""[Title] OR ""urease subunit alpha""[Title] OR ""urease alpha subunit""[Title]) AND ""Mesobacillus harenae""[Organism]"
Micrococcus luteus,Micrococcus,Actinobacteria,ureC,35,WP_100056464.1,MULTISPECIES: urease subunit alpha [Actinomycetes],"(""ureC""[Title] OR ""urease subunit alpha""[Title] OR ""urease alpha subunit""[Title]) AND ""Micrococcus luteus""[Organism]"
Metabacillus litoralis,Metabacillus,Firmicutes,ureC,12,WP_212138537.1,MULTISPECIES: urease subunit alpha [Metabacillus],"(""ureC""[Title] OR ""urease subunit alpha""[Title] OR ""urease alpha subunit""[Title]) AND ""Metabacillus litoralis""[Organism]"
Weissella sagaensis,Weissella,Firmicutes,ureC,0,,,"(""ureC""[Title] OR ""urease subunit alpha""[Title] OR ""urease alpha subunit""[Title]) AND ""Weissella sagaensis""[Organism]"
Neobacillus paridis,Neobacillus,Firmicutes,ureC,0,,,"(""ureC""[Title] OR ""urease subunit alpha""[Title] OR ""urease alpha subunit""[Title]) AND ""Neobacillus paridis""[Organism]"
Ignatzschineria indica,Ignatzschineria,Proteobacteria,ureC,0,,,"(""ureC""[Title] OR ""urease subunit alpha""[Title] OR ""urease alpha subunit""[Title]) AND ""Ignatzschineria indica""[Organism]"
Pseudonocardia antitumoralis,Pseudonocardia,Actinobacteria,ureC,0,,,"(""ureC""[Title] OR ""urease subunit alpha""[Title] OR ""urease alpha subunit""[Title]) AND ""Pseudonocardia antitumoralis""[Organism]"
Corynebacterium efficiens,Corynebacterium,Actinobacteria,ureC,3,WP_006770040.1,urease subunit alpha [Corynebacterium efficiens],"(""ureC""[Title] OR ""urease subunit alpha""[Title] OR ""urease alpha subunit""[Title]) AND ""Corynebacterium efficiens""[Organism]"
Saccharopolyspora spongiae,Saccharopolyspora,Actinobacteria,ureC,0,,,"(""ureC""[Title] OR ""urease subunit alpha""[Title] OR ""urease alpha subunit""[Title]) AND ""Saccharopolyspora spongiae""[Organism]"
Corynebacterium deserti,Corynebacterium,Actinobacteria,ureC,2,WP_053543779.1,urease subunit alpha [Corynebacterium deserti],"(""ureC""[Title] OR ""urease subunit alpha""[Title] OR ""urease alpha subunit""[Title]) AND ""Corynebacterium deserti""[Organism]"
Kocuria massiliensis,Kocuria,Actinobacteria,ureC,1,WP_030014712.1,MULTISPECIES: urease subunit alpha [Micrococcales],"(""ureC""[Title] OR ""urease subunit alpha""[Title] OR ""urease alpha subunit""[Title]) AND ""Kocuria massiliensis""[Organism]"
Actinacidiphila bryophytorum,Actinacidiphila,Actinobacteria,ureC,4,WP_205048132.1,urease subunit alpha [Actinacidiphila bryophytorum],"(""ureC""[Title] OR ""urease subunit alpha""[Title] OR ""urease alpha subunit""[Title]) AND ""Actinacidiphila bryophytorum""[Organism]"
Glutamicibacter halophytocola,Glutamicibacter,Actinobacteria,ureC,7,WP_257745167.1,urease subunit alpha [Glutamicibacter halophytocola],"(""ureC""[Title] OR ""urease subunit alpha""[Title] OR ""urease alpha subunit""[Title]) AND ""Glutamicibacter halophytocola""[Organism]"
Psychrosinus fermentans,Psychrosinus,Firmicutes,ureC,0,,,"(""ureC""[Title] OR ""urease subunit alpha""[Title] OR ""urease alpha subunit""[Title]) AND ""Psychrosinus fermentans""[Organism]"
Butyricicoccus faecihominis,Butyricicoccus,Firmicutes,ureC,0,,,"(""ureC""[Title] OR ""urease subunit alpha""[Title] OR ""urease alpha subunit""[Title]) AND ""Butyricicoccus faecihominis""[Organism]"
Lentibacillus cibarius,Lentibacillus,Firmicutes,ureC,0,,,"(""ureC""[Title] OR ""urease subunit alpha""[Title] OR ""urease alpha subunit""[Title]) AND ""Lentibacillus cibarius""[Organism]"
Prauserella isguenensis,Prauserella,Actinobacteria,ureC,0,,,"(""ureC""[Title] OR ""urease subunit alpha""[Title] OR ""urease alpha subunit""[Title]) AND ""Prauserella isguenensis""[Organism]"
Pseudarthrobacter defluvii,Pseudarthrobacter,Actinobacteria,ureC,4,WP_463961190.1,urease subunit alpha [Pseudarthrobacter defluvii],"(""ureC""[Title] OR ""urease subunit alpha""[Title] OR ""urease alpha subunit""[Title]) AND ""Pseudarthrobacter defluvii""[Organism]"
Amycolatopsis pigmentata,Amycolatopsis,Actinobacteria,ureC,1,WP_378265087.1,urease subunit alpha [Amycolatopsis pigmentata],"(""ureC""[Title] OR ""urease subunit alpha""[Title] OR ""urease alpha subunit""[Title]) AND ""Amycolatopsis pigmentata""[Organism]"
Lentibacillus juripiscarius,Lentibacillus,Firmicutes,ureC,1,WP_382390722.1,urease subunit alpha [Lentibacillus juripiscarius],"(""ureC""[Title] OR ""urease subunit alpha""[Title] OR ""urease alpha subunit""[Title]) AND ""Lentibacillus juripiscarius""[Organism]"
Bacillus caccae,Bacillus,Firmicutes,ureC,0,,,"(""ureC""[Title] OR ""urease subunit alpha""[Title] OR ""urease alpha subunit""[Title]) AND ""Bacillus caccae""[Organism]"
Faecalicoccus pleomorphus,Faecalicoccus,Firmicutes,ureC,0,,,"(""ureC""[Title] OR ""urease subunit alpha""[Title] OR ""urease alpha subunit""[Title]) AND ""Faecalicoccus pleomorphus""[Organism]"
Clostridium neonatale,Clostridium,Firmicutes,ureC,0,,,"(""ureC""[Title] OR ""urease subunit alpha""[Title] OR ""urease alpha subunit""[Title]) AND ""Clostridium neonatale""[Organism]"
Clostridium indicum,Clostridium,Firmicutes,ureC,0,,,"(""ureC""[Title] OR ""urease subunit alpha""[Title] OR ""urease alpha subunit""[Title]) AND ""Clostridium indicum""[Organism]"
Clostridium butyricum,Clostridium,Firmicutes,ureC,10,WP_367737826.1,"urease subunit alpha, partial [Clostridium butyricum]","(""ureC""[Title] OR ""urease subunit alpha""[Title] OR ""urease alpha subunit""[Title]) AND ""Clostridium butyricum""[Organism]"
Lysinibacillus antri,Lysinibacillus,Firmicutes,ureC,0,,,"(""ureC""[Title] OR ""urease subunit alpha""[Title] OR ""urease alpha subunit""[Title]) AND ""Lysinibacillus antri""[Organism]"
Clostridium felsineum,Clostridium,Firmicutes,ureC,0,,,"(""ureC""[Title] OR ""urease subunit alpha""[Title] OR ""urease alpha subunit""[Title]) AND ""Clostridium felsineum""[Organism]"
Lysinibacillus fusiformis,Lysinibacillus,Firmicutes,ureC,47,WP_490340775.1,urease subunit alpha [Lysinibacillus fusiformis],"(""ureC""[Title] OR ""urease subunit alpha""[Title] OR ""urease alpha subunit""[Title]) AND ""Lysinibacillus fusiformis""[Organism]"
Psychrobacter sanguinis,Psychrobacter,Proteobacteria,ureC,9,WP_044298176.1,urease subunit alpha [Psychrobacter sanguinis],"(""ureC""[Title] OR ""urease subunit alpha""[Title] OR ""urease alpha subunit""[Title]) AND ""Psychrobacter sanguinis""[Organism]"
Turicibacter sanguinis,Turicibacter,Firmicutes,ureC,0,,,"(""ureC""[Title] OR ""urease subunit alpha""[Title] OR ""urease alpha subunit""[Title]) AND ""Turicibacter sanguinis""[Organism]"
Clostridium cadaveris,Clostridium,Firmicutes,ureC,0,,,"(""ureC""[Title] OR ""urease subunit alpha""[Title] OR ""urease alpha subunit""[Title]) AND ""Clostridium cadaveris""[Organism]"
Peribacillus alkalitolerans,Peribacillus,Firmicutes,ureC,0,,,"(""ureC""[Title] OR ""urease subunit alpha""[Title] OR ""urease alpha subunit""[Title]) AND ""Peribacillus alkalitolerans""[Organism]"
Enorma shizhengliae,Enorma,Actinobacteria,ureC,0,,,"(""ureC""[Title] OR ""urease subunit alpha""[Title] OR ""urease alpha subunit""[Title]) AND ""Enorma shizhengliae""[Organism]"
Pusillimonas soli,Pusillimonas,Proteobacteria,ureC,0,,,"(""ureC""[Title] OR ""urease subunit alpha""[Title] OR ""urease alpha subunit""[Title]) AND ""Pusillimonas soli""[Organism]"
Afipia carboxidovorans,Afipia,Proteobacteria,ureC,0,,,"(""ureC""[Title] OR ""urease subunit alpha""[Title] OR ""urease alpha subunit""[Title]) AND ""Afipia carboxidovorans""[Organism]"
Nitrosococcus oceani,Nitrosococcus,Proteobacteria,ureC,5,GEM20104.1,urease subunit alpha [Nitrosococcus oceani],"(""ureC""[Title] OR ""urease subunit alpha""[Title] OR ""urease alpha subunit""[Title]) AND ""Nitrosococcus oceani""[Organism]"
Staphylococcus pseudintermedius,Staphylococcus,Firmicutes,ureC,522,WP_497114235.1,urease subunit alpha [Staphylococcus pseudintermedius],"(""ureC""[Title] OR ""urease subunit alpha""[Title] OR ""urease alpha subunit""[Title]) AND ""Staphylococcus pseudintermedius""[Organism]"
Actinomadura fulvescens,Actinomadura,Actinobacteria,ureC,2,WP_344537455.1,urease subunit alpha [Actinomadura fulvescens],"(""ureC""[Title] OR ""urease subunit alpha""[Title] OR ""urease alpha subunit""[Title]) AND ""Actinomadura fulvescens""[Organism]"
Leucobacter denitrificans,Leucobacter,Actinobacteria,ureC,0,,,"(""ureC""[Title] OR ""urease subunit alpha""[Title] OR ""urease alpha subunit""[Title]) AND ""Leucobacter denitrificans""[Organism]"
Mycolicibacter kumamotonensis,Mycolicibacter,Actinobacteria,ureC,0,,,"(""ureC""[Title] OR ""urease subunit alpha""[Title] OR ""urease alpha subunit""[Title]) AND ""Mycolicibacter kumamotonensis""[Organism]"
Leucobacter aridicollis,Leucobacter,Actinobacteria,ureC,0,,,"(""ureC""[Title] OR ""urease subunit alpha""[Title] OR ""urease alpha subunit""[Title]) AND ""Leucobacter aridicollis""[Organism]"
Actinoallomurus spadix,Actinoallomurus,Actinobacteria,ureC,0,,,"(""ureC""[Title] OR ""urease subunit alpha""[Title] OR ""urease alpha subunit""[Title]) AND ""Actinoallomurus spadix""[Organism]"
Virgibacillus proomii,Virgibacillus,Firmicutes,ureC,0,,,"(""ureC""[Title] OR ""urease subunit alpha""[Title] OR ""urease alpha subunit""[Title]) AND ""Virgibacillus proomii""[Organism]"
Parapusillimonas granuli,Parapusillimonas,Proteobacteria,ureC,0,,,"(""ureC""[Title] OR ""urease subunit alpha""[Title] OR ""urease alpha subunit""[Title]) AND ""Parapusillimonas granuli""[Organism]"
Paenibacillus susongensis,Paenibacillus,Firmicutes,ureC,0,,,"(""ureC""[Title] OR ""urease subunit alpha""[Title] OR ""urease alpha subunit""[Title]) AND ""Paenibacillus susongensis""[Organism]"
Microvirga massiliensis,Microvirga,Proteobacteria,ureC,2,WP_046861550.1,urease subunit alpha [Microvirga massiliensis],"(""ureC""[Title] OR ""urease subunit alpha""[Title] OR ""urease alpha subunit""[Title]) AND ""Microvirga massiliensis""[Organism]"
Mycolicibacterium lutetiense,Mycolicibacterium,Actinobacteria,ureC,2,WP_454790426.1,urease subunit alpha [Mycolicibacterium lutetiense],"(""ureC""[Title] OR ""urease subunit alpha""[Title] OR ""urease alpha subunit""[Title]) AND ""Mycolicibacterium lutetiense""[Organism]"
Paracoccus haematequi,Paracoccus,Proteobacteria,ureC,2,WP_126154785.1,urease subunit alpha [Paracoccus haematequi],"(""ureC""[Title] OR ""urease subunit alpha""[Title] OR ""urease alpha subunit""[Title]) AND ""Paracoccus haematequi""[Organism]"
Rhodococcus marinonascens,Rhodococcus,Actinobacteria,ureC,0,,,"(""ureC""[Title] OR ""urease subunit alpha""[Title] OR ""urease alpha subunit""[Title]) AND ""Rhodococcus marinonascens""[Organism]"
Kroppenstedtia sanguinis,Kroppenstedtia,Firmicutes,ureC,0,,,"(""ureC""[Title] OR ""urease subunit alpha""[Title] OR ""urease alpha subunit""[Title]) AND ""Kroppenstedtia sanguinis""[Organism]"
Bhargavaea beijingensis,Bhargavaea,Firmicutes,ureC,2,WP_092094697.1,urease subunit alpha [Bhargavaea beijingensis],"(""ureC""[Title] OR ""urease subunit alpha""[Title] OR ""urease alpha subunit""[Title]) AND ""Bhargavaea beijingensis""[Organism]"
Paenibacillus hispanicus,Paenibacillus,Firmicutes,ureC,0,,,"(""ureC""[Title] OR ""urease subunit alpha""[Title] OR ""urease alpha subunit""[Title]) AND ""Paenibacillus hispanicus""[Organism]"
Paenibacillus guangzhouensis,Paenibacillus,Firmicutes,ureC,0,,,"(""ureC""[Title] OR ""urease subunit alpha""[Title] OR ""urease alpha subunit""[Title]) AND ""Paenibacillus guangzhouensis""[Organism]"
Salicibibacter halophilus,Salicibibacter,Firmicutes,ureC,2,QDI92263.1,urease subunit alpha [Salicibibacter halophilus],"(""ureC""[Title] OR ""urease subunit alpha""[Title] OR ""urease alpha subunit""[Title]) AND ""Salicibibacter halophilus""[Organism]"
Ureibacillus thermosphaericus,Ureibacillus,Firmicutes,ureC,0,,,"(""ureC""[Title] OR ""urease subunit alpha""[Title] OR ""urease alpha subunit""[Title]) AND ""Ureibacillus thermosphaericus""[Organism]"
Dapisostemon apicaliramis,Dapisostemon,Cyanobacteria,ureC,0,,,"(""ureC""[Title] OR ""urease subunit alpha""[Title] OR ""urease alpha subunit""[Title]) AND ""Dapisostemon apicaliramis""[Organism]"
Staphylococcus haemolyticus,Staphylococcus,Firmicutes,ureC,43,YFY62216.1,urease subunit alpha [Staphylococcus haemolyticus],"(""ureC""[Title] OR ""urease subunit alpha""[Title] OR ""urease alpha subunit""[Title]) AND ""Staphylococcus haemolyticus""[Organism]"
Gordonibacter urolithinfaciens,Gordonibacter,Actinobacteria,ureC,0,,,"(""ureC""[Title] OR ""urease subunit alpha""[Title] OR ""urease alpha subunit""[Title]) AND ""Gordonibacter urolithinfaciens""[Organism]"
Jinshanibacter zhutongyuii,Jinshanibacter,Proteobacteria,ureC,0,,,"(""ureC""[Title] OR ""urease subunit alpha""[Title] OR ""urease alpha subunit""[Title]) AND ""Jinshanibacter zhutongyuii""[Organism]"
Vulgatibacter incomptus,Vulgatibacter,Proteobacteria,ureC,2,WP_050726605.1,urease subunit alpha [Vulgatibacter incomptus],"(""ureC""[Title] OR ""urease subunit alpha""[Title] OR ""urease alpha subunit""[Title]) AND ""Vulgatibacter incomptus""[Organism]"
Miltoncostaea marina,Miltoncostaea,Actinobacteria,ureC,0,,,"(""ureC""[Title] OR ""urease subunit alpha""[Title] OR ""urease alpha subunit""[Title]) AND ""Miltoncostaea marina""[Organism]"
Paenibacillus terrigena,Paenibacillus,Firmicutes,ureC,2,WP_314588283.1,urease subunit alpha [Paenibacillus terrigena],"(""ureC""[Title] OR ""urease subunit alpha""[Title] OR ""urease alpha subunit""[Title]) AND ""Paenibacillus terrigena""[Organism]"
Olsenella lakotia,Olsenella,Actinobacteria,ureC,0,,,"(""ureC""[Title] OR ""urease subunit alpha""[Title] OR ""urease alpha subunit""[Title]) AND ""Olsenella lakotia""[Organism]"
Paenibacillus terreus,Paenibacillus,Firmicutes,ureC,0,,,"(""ureC""[Title] OR ""urease subunit alpha""[Title] OR ""urease alpha subunit""[Title]) AND ""Paenibacillus terreus""[Organism]"
Siminovitchia fordii,Siminovitchia,Firmicutes,ureC,0,,,"(""ureC""[Title] OR ""urease subunit alpha""[Title] OR ""urease alpha subunit""[Title]) AND ""Siminovitchia fordii""[Organism]"
Conexibacter arvalis,Conexibacter,Actinobacteria,ureC,0,,,"(""ureC""[Title] OR ""urease subunit alpha""[Title] OR ""urease alpha subunit""[Title]) AND ""Conexibacter arvalis""[Organism]"
Mycolicibacterium duvalii,Mycolicibacterium,Actinobacteria,ureC,3,WP_098004659.1,urease subunit alpha [Mycolicibacterium duvalii],"(""ureC""[Title] OR ""urease subunit alpha""[Title] OR ""urease alpha subunit""[Title]) AND ""Mycolicibacterium duvalii""[Organism]"
Staphylococcus hyicus,Staphylococcus,Firmicutes,ureC,34,WP_449130221.1,urease subunit alpha [Staphylococcus hyicus],"(""ureC""[Title] OR ""urease subunit alpha""[Title] OR ""urease alpha subunit""[Title]) AND ""Staphylococcus hyicus""[Organism]"
Staphylococcus intermedius,Staphylococcus,Firmicutes,ureC,8,WP_019167529.1,urease subunit alpha [Staphylococcus intermedius],"(""ureC""[Title] OR ""urease subunit alpha""[Title] OR ""urease alpha subunit""[Title]) AND ""Staphylococcus intermedius""[Organism]"
Rhodohalobacter barkolensis,Rhodohalobacter,Balneolaeota,ureC,0,,,"(""ureC""[Title] OR ""urease subunit alpha""[Title] OR ""urease alpha subunit""[Title]) AND ""Rhodohalobacter barkolensis""[Organism]"
Nitrobacter hamburgensis,Nitrobacter,Proteobacteria,ureC,0,,,"(""ureC""[Title] OR ""urease subunit alpha""[Title] OR ""urease alpha subunit""[Title]) AND ""Nitrobacter hamburgensis""[Organism]"
Virgibacillus zhanjiangensis,Virgibacillus,Firmicutes,ureC,0,,,"(""ureC""[Title] OR ""urease subunit alpha""[Title] OR ""urease alpha subunit""[Title]) AND ""Virgibacillus zhanjiangensis""[Organism]"
Castellaniella defragrans,Castellaniella,Proteobacteria,ureC,2,CAM5202940.1,Urease subunit alpha [Castellaniella defragrans],"(""ureC""[Title] OR ""urease subunit alpha""[Title] OR ""urease alpha subunit""[Title]) AND ""Castellaniella defragrans""[Organism]"
Alistipes finegoldii,Alistipes,Bacteroidota,ureC,20,WP_486845846.1,urease subunit alpha [Alistipes finegoldii],"(""ureC""[Title] OR ""urease subunit alpha""[Title] OR ""urease alpha subunit""[Title]) AND ""Alistipes finegoldii""[Organism]"
Salinicoccus siamensis,Salinicoccus,Firmicutes,ureC,0,,,"(""ureC""[Title] OR ""urease subunit alpha""[Title] OR ""urease alpha subunit""[Title]) AND ""Salinicoccus siamensis""[Organism]"
Verticiella sediminum,Verticiella,Proteobacteria,ureC,3,GAA5234211.1,urease subunit alpha [Verticiella sediminum],"(""ureC""[Title] OR ""urease subunit alpha""[Title] OR ""urease alpha subunit""[Title]) AND ""Verticiella sediminum""[Organism]"
Castellaniella hirudinis,Castellaniella,Proteobacteria,ureC,0,,,"(""ureC""[Title] OR ""urease subunit alpha""[Title] OR ""urease alpha subunit""[Title]) AND ""Castellaniella hirudinis""[Organism]"
Tsukamurella hominis,Tsukamurella,Actinobacteria,ureC,2,WP_415677328.1,urease subunit alpha [Tsukamurella hominis],"(""ureC""[Title] OR ""urease subunit alpha""[Title] OR ""urease alpha subunit""[Title]) AND ""Tsukamurella hominis""[Organism]"
Fermentimonas caenicola,Fermentimonas,Bacteroidota,ureC,0,,,"(""ureC""[Title] OR ""urease subunit alpha""[Title] OR ""urease alpha subunit""[Title]) AND ""Fermentimonas caenicola""[Organism]"
Priestia koreensis,Priestia,Firmicutes,ureC,0,,,"(""ureC""[Title] OR ""urease subunit alpha""[Title] OR ""urease alpha subunit""[Title]) AND ""Priestia koreensis""[Organism]"
Enterococcus canis,Enterococcus,Firmicutes,ureC,0,,,"(""ureC""[Title] OR ""urease subunit alpha""[Title] OR ""urease alpha subunit""[Title]) AND ""Enterococcus canis""[Organism]"
Rhodococcus rhodochrous,Rhodococcus,Actinobacteria,ureC,20,WP_258261286.1,MULTISPECIES: urease subunit alpha [Rhodococcus],"(""ureC""[Title] OR ""urease subunit alpha""[Title] OR ""urease alpha subunit""[Title]) AND ""Rhodococcus rhodochrous""[Organism]"
Hanamia caeni,Hanamia,Bacteroidota,ureC,0,,,"(""ureC""[Title] OR ""urease subunit alpha""[Title] OR ""urease alpha subunit""[Title]) AND ""Hanamia caeni""[Organism]"
Alteraurantiacibacter aestuarii,Alteraurantiacibacter,Proteobacteria,ureC,0,,,"(""ureC""[Title] OR ""urease subunit alpha""[Title] OR ""urease alpha subunit""[Title]) AND ""Alteraurantiacibacter aestuarii""[Organism]"
Camelimonas fluminis,Camelimonas,Proteobacteria,ureC,4,GHE52889.1,urease subunit alpha 2 [Camelimonas fluminis],"(""ureC""[Title] OR ""urease subunit alpha""[Title] OR ""urease alpha subunit""[Title]) AND ""Camelimonas fluminis""[Organism]"
Paenochrobactrum glaciei,Paenochrobactrum,Proteobacteria,ureC,0,,,"(""ureC""[Title] OR ""urease subunit alpha""[Title] OR ""urease alpha subunit""[Title]) AND ""Paenochrobactrum glaciei""[Organism]"
Cumulibacter soli,Cumulibacter,Actinobacteria,ureC,0,,,"(""ureC""[Title] OR ""urease subunit alpha""[Title] OR ""urease alpha subunit""[Title]) AND ""Cumulibacter soli""[Organism]"
Turicimonas muris,Turicimonas,Proteobacteria,ureC,0,,,"(""ureC""[Title] OR ""urease subunit alpha""[Title] OR ""urease alpha subunit""[Title]) AND ""Turicimonas muris""[Organism]"
Paenibacillus contaminans,Paenibacillus,Firmicutes,ureC,0,,,"(""ureC""[Title] OR ""urease subunit alpha""[Title] OR ""urease alpha subunit""[Title]) AND ""Paenibacillus contaminans""[Organism]"
Macrococcus bovicus,Macrococcus,Firmicutes,ureC,0,,,"(""ureC""[Title] OR ""urease subunit alpha""[Title] OR ""urease alpha subunit""[Title]) AND ""Macrococcus bovicus""[Organism]"
Leucobacter exalbidus,Leucobacter,Actinobacteria,ureC,0,,,"(""ureC""[Title] OR ""urease subunit alpha""[Title] OR ""urease alpha subunit""[Title]) AND ""Leucobacter exalbidus""[Organism]"
Marinilactibacillus piezotolerans,Marinilactibacillus,Firmicutes,ureC,0,,,"(""ureC""[Title] OR ""urease subunit alpha""[Title] OR ""urease alpha subunit""[Title]) AND ""Marinilactibacillus piezotolerans""[Organism]"
Microbacterium gubbeenense,Microbacterium,Actinobacteria,ureC,0,,,"(""ureC""[Title] OR ""urease subunit alpha""[Title] OR ""urease alpha subunit""[Title]) AND ""Microbacterium gubbeenense""[Organism]"
Paenibacillus daejeonensis,Paenibacillus,Firmicutes,ureC,1,WP_020615804.1,urease subunit alpha [Paenibacillus daejeonensis],"(""ureC""[Title] OR ""urease subunit alpha""[Title] OR ""urease alpha subunit""[Title]) AND ""Paenibacillus daejeonensis""[Organism]"
Janibacter hoylei,Janibacter,Actinobacteria,ureC,0,,,"(""ureC""[Title] OR ""urease subunit alpha""[Title] OR ""urease alpha subunit""[Title]) AND ""Janibacter hoylei""[Organism]"
Mycobacterium paraense,Mycobacterium,Actinobacteria,ureC,6,WP_085173390.1,urease subunit alpha [Mycobacterium paraense],"(""ureC""[Title] OR ""urease subunit alpha""[Title] OR ""urease alpha subunit""[Title]) AND ""Mycobacterium paraense""[Organism]"
Microbispora camponoti,Microbispora,Actinobacteria,ureC,2,GAB3890154.1,urease subunit alpha [Microbispora bryophytorum subsp. camponoti],"(""ureC""[Title] OR ""urease subunit alpha""[Title] OR ""urease alpha subunit""[Title]) AND ""Microbispora camponoti""[Organism]"
Janibacter melonis,Janibacter,Actinobacteria,ureC,0,,,"(""ureC""[Title] OR ""urease subunit alpha""[Title] OR ""urease alpha subunit""[Title]) AND ""Janibacter melonis""[Organism]"
Sporosarcina soli,Sporosarcina,Firmicutes,ureC,1,WP_381435923.1,urease subunit alpha [Sporosarcina soli],"(""ureC""[Title] OR ""urease subunit alpha""[Title] OR ""urease alpha subunit""[Title]) AND ""Sporosarcina soli""[Organism]"
Sporosarcina saromensis,Sporosarcina,Firmicutes,ureC,1,WP_317943412.1,MULTISPECIES: urease subunit alpha [Sporosarcina],"(""ureC""[Title] OR ""urease subunit alpha""[Title] OR ""urease alpha subunit""[Title]) AND ""Sporosarcina saromensis""[Organism]"
Flavimobilis marinus,Flavimobilis,Actinobacteria,ureC,0,,,"(""ureC""[Title] OR ""urease subunit alpha""[Title] OR ""urease alpha subunit""[Title]) AND ""Flavimobilis marinus""[Organism]"
Pseudothauera nasutitermitis,Pseudothauera,Proteobacteria,ureC,2,WP_136347515.1,urease subunit alpha [Pseudothauera nasutitermitis],"(""ureC""[Title] OR ""urease subunit alpha""[Title] OR ""urease alpha subunit""[Title]) AND ""Pseudothauera nasutitermitis""[Organism]"
Nocardiopsis oceani,Nocardiopsis,Actinobacteria,ureC,0,,,"(""ureC""[Title] OR ""urease subunit alpha""[Title] OR ""urease alpha subunit""[Title]) AND ""Nocardiopsis oceani""[Organism]"
Mycobacterium koreense,Mycobacterium,Actinobacteria,ureC,0,,,"(""ureC""[Title] OR ""urease subunit alpha""[Title] OR ""urease alpha subunit""[Title]) AND ""Mycobacterium koreense""[Organism]"
Paenibacillus aestuarii,Paenibacillus,Firmicutes,ureC,2,WP_488435227.1,MULTISPECIES: urease subunit alpha [Paenibacillus],"(""ureC""[Title] OR ""urease subunit alpha""[Title] OR ""urease alpha subunit""[Title]) AND ""Paenibacillus aestuarii""[Organism]"
Paenibacillus glycanilyticus,Paenibacillus,Firmicutes,ureC,9,WP_435164498.1,urease subunit alpha [Paenibacillus glycanilyticus],"(""ureC""[Title] OR ""urease subunit alpha""[Title] OR ""urease alpha subunit""[Title]) AND ""Paenibacillus glycanilyticus""[Organism]"
Oceanimonas doudoroffii,Oceanimonas,Proteobacteria,ureC,2,WP_094199098.1,urease subunit alpha [Oceanimonas doudoroffii],"(""ureC""[Title] OR ""urease subunit alpha""[Title] OR ""urease alpha subunit""[Title]) AND ""Oceanimonas doudoroffii""[Organism]"
Sphingomonas formosensis,Sphingomonas,Proteobacteria,ureC,1,WP_157218372.1,urease subunit alpha [Flavisphingomonas formosensis],"(""ureC""[Title] OR ""urease subunit alpha""[Title] OR ""urease alpha subunit""[Title]) AND ""Sphingomonas formosensis""[Organism]"
Erysipelatoclostridium ramosum,Erysipelatoclostridium,Firmicutes,ureC,0,,,"(""ureC""[Title] OR ""urease subunit alpha""[Title] OR ""urease alpha subunit""[Title]) AND ""Erysipelatoclostridium ramosum""[Organism]"
Novosphingobium lubricantis,Novosphingobium,Proteobacteria,ureC,0,,,"(""ureC""[Title] OR ""urease subunit alpha""[Title] OR ""urease alpha subunit""[Title]) AND ""Novosphingobium lubricantis""[Organism]"
Pedococcus ginsenosidimutans,Pedococcus,Actinobacteria,ureC,2,WP_345500486.1,urease subunit alpha [Pedococcus ginsenosidimutans],"(""ureC""[Title] OR ""urease subunit alpha""[Title] OR ""urease alpha subunit""[Title]) AND ""Pedococcus ginsenosidimutans""[Organism]"
Desulforamulus aeronauticus,Desulforamulus,Firmicutes,ureC,0,,,"(""ureC""[Title] OR ""urease subunit alpha""[Title] OR ""urease alpha subunit""[Title]) AND ""Desulforamulus aeronauticus""[Organism]"
[Eubacterium] tenue,Paeniclostridium,Firmicutes,ureC,0,,,"(""ureC""[Title] OR ""urease subunit alpha""[Title] OR ""urease alpha subunit""[Title]) AND ""[Eubacterium] tenue""[Organism]"
Brevibacterium samyangense,Brevibacterium,Actinobacteria,ureC,0,,,"(""ureC""[Title] OR ""urease subunit alpha""[Title] OR ""urease alpha subunit""[Title]) AND ""Brevibacterium samyangense""[Organism]"
Leucobacter chromiiresistens,Leucobacter,Actinobacteria,ureC,0,,,"(""ureC""[Title] OR ""urease subunit alpha""[Title] OR ""urease alpha subunit""[Title]) AND ""Leucobacter chromiiresistens""[Organism]"
Zhihengliuella alba,Zhihengliuella,Actinobacteria,ureC,0,,,"(""ureC""[Title] OR ""urease subunit alpha""[Title] OR ""urease alpha subunit""[Title]) AND ""Zhihengliuella alba""[Organism]"
Pseudarthrobacter niigatensis,Pseudarthrobacter,Actinobacteria,ureC,1,WP_307358801.1,urease subunit alpha [Pseudarthrobacter niigatensis],"(""ureC""[Title] OR ""urease subunit alpha""[Title] OR ""urease alpha subunit""[Title]) AND ""Pseudarthrobacter niigatensis""[Organism]"
Sphingomonas jinjuensis,Sphingomonas,Proteobacteria,ureC,0,,,"(""ureC""[Title] OR ""urease subunit alpha""[Title] OR ""urease alpha subunit""[Title]) AND ""Sphingomonas jinjuensis""[Organism]"
Alcaligenes aquatilis,Alcaligenes,Proteobacteria,ureC,0,,,"(""ureC""[Title] OR ""urease subunit alpha""[Title] OR ""urease alpha subunit""[Title]) AND ""Alcaligenes aquatilis""[Organism]"
Rothia halotolerans,Rothia,Actinobacteria,ureC,1,WP_129658257.1,urease subunit alpha [Rothia halotolerans],"(""ureC""[Title] OR ""urease subunit alpha""[Title] OR ""urease alpha subunit""[Title]) AND ""Rothia halotolerans""[Organism]"
Advenella kashmirensis,Advenella,Proteobacteria,ureC,10,WP_485854381.1,urease subunit alpha [Advenella kashmirensis],"(""ureC""[Title] OR ""urease subunit alpha""[Title] OR ""urease alpha subunit""[Title]) AND ""Advenella kashmirensis""[Organism]"
Phosphitispora fastidiosa,Phosphitispora,Firmicutes,ureC,0,,,"(""ureC""[Title] OR ""urease subunit alpha""[Title] OR ""urease alpha subunit""[Title]) AND ""Phosphitispora fastidiosa""[Organism]"
Helicobacter brantae,Helicobacter,Proteobacteria,ureC,0,,,"(""ureC""[Title] OR ""urease subunit alpha""[Title] OR ""urease alpha subunit""[Title]) AND ""Helicobacter brantae""[Organism]"
Asaccharospora irregularis,Asaccharospora,Firmicutes,ureC,0,,,"(""ureC""[Title] OR ""urease subunit alpha""[Title] OR ""urease alpha subunit""[Title]) AND ""Asaccharospora irregularis""[Organism]"
Sphingomonas parvus,Sphingomonas,Proteobacteria,ureC,0,,,"(""ureC""[Title] OR ""urease subunit alpha""[Title] OR ""urease alpha subunit""[Title]) AND ""Sphingomonas parvus""[Organism]"
Halomonas azerbaijanica,Halomonas,Proteobacteria,ureC,1,TFH87353.1,urease subunit alpha [Billgrantia azerbaijanica],"(""ureC""[Title] OR ""urease subunit alpha""[Title] OR ""urease alpha subunit""[Title]) AND ""Halomonas azerbaijanica""[Organism]"
Brevibacterium luteolum,Brevibacterium,Actinobacteria,ureC,0,,,"(""ureC""[Title] OR ""urease subunit alpha""[Title] OR ""urease alpha subunit""[Title]) AND ""Brevibacterium luteolum""[Organism]"
Halomonas campisalis,Halomonas,Proteobacteria,ureC,1,WP_238978151.1,urease subunit alpha [Billgrantia campisalis],"(""ureC""[Title] OR ""urease subunit alpha""[Title] OR ""urease alpha subunit""[Title]) AND ""Halomonas campisalis""[Organism]"
Methylocapsa aurea,Methylocapsa,Proteobacteria,ureC,1,WP_428988199.1,urease subunit alpha [Methylocapsa aurea],"(""ureC""[Title] OR ""urease subunit alpha""[Title] OR ""urease alpha subunit""[Title]) AND ""Methylocapsa aurea""[Organism]"
Ornithinimicrobium panacihumi,Ornithinimicrobium,Actinobacteria,ureC,0,,,"(""ureC""[Title] OR ""urease subunit alpha""[Title] OR ""urease alpha subunit""[Title]) AND ""Ornithinimicrobium panacihumi""[Organism]"
Vescimonas coprocola,Vescimonas,Firmicutes,ureC,0,,,"(""ureC""[Title] OR ""urease subunit alpha""[Title] OR ""urease alpha subunit""[Title]) AND ""Vescimonas coprocola""[Organism]"
Brachybacterium phenoliresistens,Brachybacterium,Actinobacteria,ureC,4,WP_344357445.1,urease subunit alpha [Brachybacterium phenoliresistens],"(""ureC""[Title] OR ""urease subunit alpha""[Title] OR ""urease alpha subunit""[Title]) AND ""Brachybacterium phenoliresistens""[Organism]"
Caenimonas soli,Caenimonas,Proteobacteria,ureC,1,WP_172217032.1,urease subunit alpha [Caenimonas soli],"(""ureC""[Title] OR ""urease subunit alpha""[Title] OR ""urease alpha subunit""[Title]) AND ""Caenimonas soli""[Organism]"
Ornithinimicrobium pratense,Ornithinimicrobium,Actinobacteria,ureC,0,,,"(""ureC""[Title] OR ""urease subunit alpha""[Title] OR ""urease alpha subunit""[Title]) AND ""Ornithinimicrobium pratense""[Organism]"
Delftia acidovorans,Delftia,Proteobacteria,ureC,39,WP_448678126.1,MULTISPECIES: urease subunit alpha [Delftia],"(""ureC""[Title] OR ""urease subunit alpha""[Title] OR ""urease alpha subunit""[Title]) AND ""Delftia acidovorans""[Organism]"
Cellulosimicrobium marinum,Cellulosimicrobium,Actinobacteria,ureC,1,WP_229243596.1,urease subunit alpha [Cellulosimicrobium marinum],"(""ureC""[Title] OR ""urease subunit alpha""[Title] OR ""urease alpha subunit""[Title]) AND ""Cellulosimicrobium marinum""[Organism]"
Hydrogenophaga temperata,Hydrogenophaga,Proteobacteria,ureC,0,,,"(""ureC""[Title] OR ""urease subunit alpha""[Title] OR ""urease alpha subunit""[Title]) AND ""Hydrogenophaga temperata""[Organism]"
Rarobacter faecitabidus,Rarobacter,Actinobacteria,ureC,0,,,"(""ureC""[Title] OR ""urease subunit alpha""[Title] OR ""urease alpha subunit""[Title]) AND ""Rarobacter faecitabidus""[Organism]"
Dokdonella ginsengisoli,Dokdonella,Proteobacteria,ureC,0,,,"(""ureC""[Title] OR ""urease subunit alpha""[Title] OR ""urease alpha subunit""[Title]) AND ""Dokdonella ginsengisoli""[Organism]"
Brevibacterium ihuae,Brevibacterium,Actinobacteria,ureC,0,,,"(""ureC""[Title] OR ""urease subunit alpha""[Title] OR ""urease alpha subunit""[Title]) AND ""Brevibacterium ihuae""[Organism]"
Cellulomonas rhizosphaerae,Cellulomonas,Actinobacteria,ureC,0,,,"(""ureC""[Title] OR ""urease subunit alpha""[Title] OR ""urease alpha subunit""[Title]) AND ""Cellulomonas rhizosphaerae""[Organism]"
Luteimonas padinae,Luteimonas,Proteobacteria,ureC,0,,,"(""ureC""[Title] OR ""urease subunit alpha""[Title] OR ""urease alpha subunit""[Title]) AND ""Luteimonas padinae""[Organism]"
Ramlibacter algicola,Ramlibacter,Proteobacteria,ureC,0,,,"(""ureC""[Title] OR ""urease subunit alpha""[Title] OR ""urease alpha subunit""[Title]) AND ""Ramlibacter algicola""[Organism]"
Ruania suaedae,Ruania,Actinobacteria,ureC,0,,,"(""ureC""[Title] OR ""urease subunit alpha""[Title] OR ""urease alpha subunit""[Title]) AND ""Ruania suaedae""[Organism]"
Anaeromyxobacter dehalogenans,Anaeromyxobacter,Proteobacteria,ureC,0,,,"(""ureC""[Title] OR ""urease subunit alpha""[Title] OR ""urease alpha subunit""[Title]) AND ""Anaeromyxobacter dehalogenans""[Organism]"
Noviherbaspirillum soli,Noviherbaspirillum,Proteobacteria,ureC,1,WP_194711292.1,urease subunit alpha [Noviherbaspirillum soli],"(""ureC""[Title] OR ""urease subunit alpha""[Title] OR ""urease alpha subunit""[Title]) AND ""Noviherbaspirillum soli""[Organism]"
Terrabacter aeriphilus,Terrabacter,Actinobacteria,ureC,0,,,"(""ureC""[Title] OR ""urease subunit alpha""[Title] OR ""urease alpha subunit""[Title]) AND ""Terrabacter aeriphilus""[Organism]"
Parasutterella secunda,Parasutterella,Proteobacteria,ureC,0,,,"(""ureC""[Title] OR ""urease subunit alpha""[Title] OR ""urease alpha subunit""[Title]) AND ""Parasutterella secunda""[Organism]"
Agrococcus carbonis,Agrococcus,Actinobacteria,ureC,0,,,"(""ureC""[Title] OR ""urease subunit alpha""[Title] OR ""urease alpha subunit""[Title]) AND ""Agrococcus carbonis""[Organism]"
Congzhengia minquanensis,Congzhengia,Firmicutes,ureC,0,,,"(""ureC""[Title] OR ""urease subunit alpha""[Title] OR ""urease alpha subunit""[Title]) AND ""Congzhengia minquanensis""[Organism]"
Anaerotruncus rubiinfantis,Anaerotruncus,Firmicutes,ureC,0,,,"(""ureC""[Title] OR ""urease subunit alpha""[Title] OR ""urease alpha subunit""[Title]) AND ""Anaerotruncus rubiinfantis""[Organism]"
Nitrosomonas halophila,Nitrosomonas,Proteobacteria,ureC,0,,,"(""ureC""[Title] OR ""urease subunit alpha""[Title] OR ""urease alpha subunit""[Title]) AND ""Nitrosomonas halophila""[Organism]"
Haploplasma cavigenitalium,Haploplasma,Tenericutes,ureC,0,,,"(""ureC""[Title] OR ""urease subunit alpha""[Title] OR ""urease alpha subunit""[Title]) AND ""Haploplasma cavigenitalium""[Organism]"
Halopseudomonas xiamenensis,Halopseudomonas,Proteobacteria,ureC,0,,,"(""ureC""[Title] OR ""urease subunit alpha""[Title] OR ""urease alpha subunit""[Title]) AND ""Halopseudomonas xiamenensis""[Organism]"
Halopseudomonas formosensis,Halopseudomonas,Proteobacteria,ureC,0,,,"(""ureC""[Title] OR ""urease subunit alpha""[Title] OR ""urease alpha subunit""[Title]) AND ""Halopseudomonas formosensis""[Organism]"
Cellulomonas denverensis,Cellulomonas,Actinobacteria,ureC,2,GIG25427.1,urease subunit alpha [Cellulomonas denverensis],"(""ureC""[Title] OR ""urease subunit alpha""[Title] OR ""urease alpha subunit""[Title]) AND ""Cellulomonas denverensis""[Organism]"
Ornithinimicrobium flavum,Ornithinimicrobium,Actinobacteria,ureC,0,,,"(""ureC""[Title] OR ""urease subunit alpha""[Title] OR ""urease alpha subunit""[Title]) AND ""Ornithinimicrobium flavum""[Organism]"
Byssovorax cruenta,Byssovorax,Proteobacteria,ureC,0,,,"(""ureC""[Title] OR ""urease subunit alpha""[Title] OR ""urease alpha subunit""[Title]) AND ""Byssovorax cruenta""[Organism]"
Ruminiclostridium cellulolyticum,Ruminiclostridium,Firmicutes,ureC,0,,,"(""ureC""[Title] OR ""urease subunit alpha""[Title] OR ""urease alpha subunit""[Title]) AND ""Ruminiclostridium cellulolyticum""[Organism]"
